[12/Sep/2026:15:15:48] ERROR - Kimlik doğrulama servisi yanıt vermedi
    at com.ornek.servis.OdemeServisi.gonder(OdemeServisi.java:42)
    at com.ornek.controller.SiparisController.olustur(SiparisController.java:17)
    at java.base/java.lang.Thread.run(Thread.java:840)
[12/Sep/2026:15:15:48] INFO - Kullanıcı girişi başarılı
[12/Sep/2026:15:15:48] ERROR - Kimlik doğrulama servisi yanıt vermedi
    at com.ornek.servis.OdemeServisi.gonder(OdemeServisi.java:42)
    at com.ornek.controller.SiparisController.olustur(SiparisController.java:17)
    at java.base/java.lang.Thread.run(Thread.java:840)
[12/Sep/2026:15:15:48] WARN - Veritabanı bağlantı havuzu %80 dolulukta
[12/Sep/2026:15:15:48] INFO - Yeni kullanıcı kaydı tamamlandı
[12/Sep/2026:15:15:48] INFO - Kullanıcı girişi başarılı
[12/Sep/2026:15:15:48] INFO - Rapor başarıyla oluşturuldu
[12/Sep/2026:15:15:48] INFO - Sipariş oluşturuldu
[12/Sep/2026:15:15:48] WARN - Üçüncü parti servisten yavaş yanıt alındı
[12/Sep/2026:15:15:48] ERROR - Beklenmeyen hata oluştu
    at com.ornek.servis.OdemeServisi.gonder(OdemeServisi.java:42)
    at com.ornek.controller.SiparisController.olustur(SiparisController.java:17)
    at java.base/java.lang.Thread.run(Thread.java:840)
[12/Sep/2026:15:15:48] INFO - Sipariş oluşturuldu
[12/Sep/2026:15:15:48] ERROR - Beklenmeyen hata oluştu
    at com.ornek.servis.OdemeServisi.gonder(OdemeServisi.java:42)
    at com.ornek.controller.SiparisController.olustur(SiparisController.java:17)
    at java.base/java.lang.Thread.run(Thread.java:840)
[12/Sep/2026:15:15:48] INFO - Yeni kullanıcı kaydı tamamlandı
[12/Sep/2026:15:15:48] INFO - Önbellek (cache) yenilendi
[12/Sep/2026:15:15:48] ERROR - Ödeme servisi zaman aşımına uğradı
    at com.ornek.servis.OdemeServisi.gonder(OdemeServisi.java:42)
    at com.ornek.controller.SiparisController.olustur(SiparisController.java:17)
    at java.base/java.lang.Thread.run(Thread.java:840)
[12/Sep/2026:15:15:48] INFO - Kullanıcı girişi başarılı
[12/Sep/2026:15:15:48] INFO - Önbellek (cache) yenilendi
[12/Sep/2026:15:15:48] ERROR - Beklenmeyen hata oluştu
    at com.ornek.servis.OdemeServisi.gonder(OdemeServisi.java:42)
    at com.ornek.controller.SiparisController.olustur(SiparisController.java:17)
    at java.base/java.lang.Thread.run(Thread.java:840)
[12/Sep/2026:15:15:48] ERROR - Veritabanına bağlanılamadı
    at com.ornek.servis.OdemeServisi.gonder(OdemeServisi.java:42)
    at com.ornek.controller.SiparisController.olustur(SiparisController.java:17)
    at java.base/java.lang.Thread.run(Thread.java:840)
[12/Sep/2026:15:15:48] INFO - Rapor başarıyla oluşturuldu
[12/Sep/2026:15:15:48] INFO - Sipariş oluşturuldu
[12/Sep/2026:15:15:48] INFO - Rapor başarıyla oluşturuldu
[12/Sep/2026:15:15:48] INFO - Yeni kullanıcı kaydı tamamlandı
[12/Sep/2026:15:15:48] WARN - Disk kullanımı %75'i geçti
[12/Sep/2026:15:15:48] WARN - Yanıt süresi beklenenden uzun sürdü
[12/Sep/2026:15:15:48] INFO - Yeni kullanıcı kaydı tamamlandı
[12/Sep/2026:15:15:48] INFO - Kullanıcı girişi başarılı
[12/Sep/2026:15:15:48] INFO - Rapor başarıyla oluşturuldu
[12/Sep/2026:15:15:48] INFO - Sipariş oluşturuldu
[12/Sep/2026:15:15:48] INFO - Yeni kullanıcı kaydı tamamlandı
[12/Sep/2026:15:15:48] INFO - Kullanıcı girişi başarılı
[12/Sep/2026:15:15:48] WARN - Yanıt süresi beklenenden uzun sürdü
[12/Sep/2026:15:15:48] WARN - Disk kullanımı %75'i geçti
[12/Sep/2026:15:15:48] INFO - Sipariş oluşturuldu
[12/Sep/2026:15:15:48] INFO - Kullanıcı girişi başarılı
[12/Sep/2026:15:15:48] INFO - Kullanıcı girişi başarılı
[12/Sep/2026:15:15:48] INFO - Sipariş oluşturuldu
[12/Sep/2026:15:15:48] WARN - Üçüncü parti servisten yavaş yanıt alındı
[12/Sep/2026:15:15:48] WARN - Veritabanı bağlantı havuzu %80 dolulukta
[12/Sep/2026:15:15:48] INFO - Kullanıcı girişi başarılı
[12/Sep/2026:15:15:48] INFO - Rapor başarıyla oluşturuldu
[12/Sep/2026:15:15:48] WARN - Disk kullanımı %75'i geçti
[12/Sep/2026:15:15:48] INFO - Önbellek (cache) yenilendi
[12/Sep/2026:15:15:48] INFO - Sipariş oluşturuldu
[12/Sep/2026:15:15:48] INFO - Kullanıcı girişi başarılı
[12/Sep/2026:15:15:48] INFO - Rapor başarıyla oluşturuldu
[12/Sep/2026:15:15:48] INFO - Önbellek (cache) yenilendi
[12/Sep/2026:15:15:48] INFO - Kullanıcı girişi başarılı
[12/Sep/2026:15:15:48] ERROR - Ödeme servisi zaman aşımına uğradı
    at com.ornek.servis.OdemeServisi.gonder(OdemeServisi.java:42)
    at com.ornek.controller.SiparisController.olustur(SiparisController.java:17)
    at java.base/java.lang.Thread.run(Thread.java:840)
[12/Sep/2026:15:15:48] INFO - Yeni kullanıcı kaydı tamamlandı
[12/Sep/2026:15:15:48] WARN - Disk kullanımı %75'i geçti
[12/Sep/2026:15:15:48] INFO - Rapor başarıyla oluşturuldu
[12/Sep/2026:15:15:48] ERROR - Ödeme servisi zaman aşımına uğradı
    at com.ornek.servis.OdemeServisi.gonder(OdemeServisi.java:42)
    at com.ornek.controller.SiparisController.olustur(SiparisController.java:17)
    at java.base/java.lang.Thread.run(Thread.java:840)
[12/Sep/2026:15:15:48] WARN - Disk kullanımı %75'i geçti
[12/Sep/2026:15:15:48] INFO - Rapor başarıyla oluşturuldu
[12/Sep/2026:15:15:48] INFO - Sipariş oluşturuldu
[12/Sep/2026:15:15:48] INFO - Sipariş oluşturuldu
[12/Sep/2026:15:15:48] INFO - Yeni kullanıcı kaydı tamamlandı
[12/Sep/2026:15:15:48] WARN - Yanıt süresi beklenenden uzun sürdü
[12/Sep/2026:15:15:48] INFO - Kullanıcı girişi başarılı
[12/Sep/2026:15:15:48] INFO - Önbellek (cache) yenilendi
[12/Sep/2026:15:15:48] INFO - Sipariş oluşturuldu
[12/Sep/2026:15:15:48] ERROR - Stok güncellenirken hata oluştu
    at com.ornek.servis.OdemeServisi.gonder(OdemeServisi.java:42)
    at com.ornek.controller.SiparisController.olustur(SiparisController.java:17)
    at java.base/java.lang.Thread.run(Thread.java:840)
[12/Sep/2026:15:15:48] INFO - Yeni kullanıcı kaydı tamamlandı
[12/Sep/2026:15:15:48] INFO - Kullanıcı girişi başarılı
[12/Sep/2026:15:15:48] INFO - Kullanıcı girişi başarılı
[12/Sep/2026:15:15:48] INFO - Yeni kullanıcı kaydı tamamlandı
[12/Sep/2026:15:15:48] ERROR - Ödeme servisi zaman aşımına uğradı
    at com.ornek.servis.OdemeServisi.gonder(OdemeServisi.java:42)
    at com.ornek.controller.SiparisController.olustur(SiparisController.java:17)
    at java.base/java.lang.Thread.run(Thread.java:840)
[12/Sep/2026:15:15:48] INFO - Rapor başarıyla oluşturuldu
[12/Sep/2026:15:15:48] WARN - Yanıt süresi beklenenden uzun sürdü
[12/Sep/2026:15:15:48] INFO - Sipariş oluşturuldu
[12/Sep/2026:15:15:48] INFO - Rapor başarıyla oluşturuldu
[12/Sep/2026:15:15:48] INFO - Rapor başarıyla oluşturuldu
[12/Sep/2026:15:15:48] INFO - Önbellek (cache) yenilendi
[12/Sep/2026:15:15:48] INFO - Önbellek (cache) yenilendi
[12/Sep/2026:15:15:48] INFO - Yeni kullanıcı kaydı tamamlandı
[12/Sep/2026:15:15:48] WARN - Veritabanı bağlantı havuzu %80 dolulukta
[12/Sep/2026:15:15:48] INFO - Sipariş oluşturuldu
[12/Sep/2026:15:15:48] INFO - Kullanıcı girişi başarılı
[12/Sep/2026:15:15:48] INFO - Rapor başarıyla oluşturuldu
[12/Sep/2026:15:15:48] ERROR - Stok güncellenirken hata oluştu
    at com.ornek.servis.OdemeServisi.gonder(OdemeServisi.java:42)
    at com.ornek.controller.SiparisController.olustur(SiparisController.java:17)
    at java.base/java.lang.Thread.run(Thread.java:840)
[12/Sep/2026:15:15:48] WARN - Yanıt süresi beklenenden uzun sürdü
[12/Sep/2026:15:15:48] INFO - Yeni kullanıcı kaydı tamamlandı
[12/Sep/2026:15:15:48] INFO - Önbellek (cache) yenilendi
[12/Sep/2026:15:15:48] WARN - Disk kullanımı %75'i geçti
[12/Sep/2026:15:15:48] INFO - Kullanıcı girişi başarılı
[12/Sep/2026:15:15:48] INFO - Kullanıcı girişi başarılı
[12/Sep/2026:15:15:48] INFO - Sipariş oluşturuldu
[12/Sep/2026:15:15:48] INFO - Kullanıcı girişi başarılı
[12/Sep/2026:15:15:48] INFO - Sipariş oluşturuldu
[12/Sep/2026:15:15:48] WARN - Veritabanı bağlantı havuzu %80 dolulukta
[12/Sep/2026:15:15:48] WARN - Üçüncü parti servisten yavaş yanıt alındı
[12/Sep/2026:15:15:48] INFO - Rapor başarıyla oluşturuldu
[12/Sep/2026:15:15:48] INFO - Rapor başarıyla oluşturuldu
[12/Sep/2026:15:15:48] INFO - Sipariş oluşturuldu
[12/Sep/2026:15:15:48] INFO - Yeni kullanıcı kaydı tamamlandı
[12/Sep/2026:15:15:48] INFO - Sipariş oluşturuldu
[12/Sep/2026:15:15:48] INFO - Kullanıcı girişi başarılı
[12/Sep/2026:15:15:48] INFO - Önbellek (cache) yenilendi
[12/Sep/2026:15:15:48] INFO - Kullanıcı girişi başarılı
[12/Sep/2026:15:15:48] INFO - Kullanıcı girişi başarılı
[12/Sep/2026:15:15:48] ERROR - Beklenmeyen hata oluştu
    at com.ornek.servis.OdemeServisi.gonder(OdemeServisi.java:42)
    at com.ornek.controller.SiparisController.olustur(SiparisController.java:17)
    at java.base/java.lang.Thread.run(Thread.java:840)
[12/Sep/2026:15:15:48] INFO - Rapor başarıyla oluşturuldu
[12/Sep/2026:15:15:48] ERROR - Kimlik doğrulama servisi yanıt vermedi
    at com.ornek.servis.OdemeServisi.gonder(OdemeServisi.java:42)
    at com.ornek.controller.SiparisController.olustur(SiparisController.java:17)
    at java.base/java.lang.Thread.run(Thread.java:840)
[12/Sep/2026:15:15:48] INFO - Önbellek (cache) yenilendi
[12/Sep/2026:15:15:48] ERROR - Kimlik doğrulama servisi yanıt vermedi
    at com.ornek.servis.OdemeServisi.gonder(OdemeServisi.java:42)
    at com.ornek.controller.SiparisController.olustur(SiparisController.java:17)
    at java.base/java.lang.Thread.run(Thread.java:840)
[12/Sep/2026:15:15:48] WARN - Yanıt süresi beklenenden uzun sürdü
[12/Sep/2026:15:15:48] INFO - Yeni kullanıcı kaydı tamamlandı
[12/Sep/2026:15:15:48] INFO - Yeni kullanıcı kaydı tamamlandı
[12/Sep/2026:15:15:48] INFO - Sipariş oluşturuldu
[12/Sep/2026:15:15:48] INFO - Sipariş oluşturuldu
[12/Sep/2026:15:15:48] WARN - Veritabanı bağlantı havuzu %80 dolulukta
[12/Sep/2026:15:15:48] INFO - Yeni kullanıcı kaydı tamamlandı
[12/Sep/2026:15:15:48] INFO - Rapor başarıyla oluşturuldu
[12/Sep/2026:15:15:48] INFO - Önbellek (cache) yenilendi
[12/Sep/2026:15:15:48] INFO - Sipariş oluşturuldu
[12/Sep/2026:15:15:48] INFO - Yeni kullanıcı kaydı tamamlandı
[12/Sep/2026:15:15:48] INFO - Yeni kullanıcı kaydı tamamlandı
[12/Sep/2026:15:15:48] INFO - Kullanıcı girişi başarılı
[12/Sep/2026:15:15:48] INFO - Yeni kullanıcı kaydı tamamlandı
[12/Sep/2026:15:15:48] INFO - Önbellek (cache) yenilendi
[12/Sep/2026:15:15:48] INFO - Önbellek (cache) yenilendi
[12/Sep/2026:15:15:48] INFO - Kullanıcı girişi başarılı
[12/Sep/2026:15:15:48] WARN - Yanıt süresi beklenenden uzun sürdü
[12/Sep/2026:15:15:48] INFO - Önbellek (cache) yenilendi
[12/Sep/2026:15:15:48] WARN - Disk kullanımı %75'i geçti
[12/Sep/2026:15:15:48] INFO - Kullanıcı girişi başarılı
[12/Sep/2026:15:15:48] ERROR - Kimlik doğrulama servisi yanıt vermedi
    at com.ornek.servis.OdemeServisi.gonder(OdemeServisi.java:42)
    at com.ornek.controller.SiparisController.olustur(SiparisController.java:17)
    at java.base/java.lang.Thread.run(Thread.java:840)
[12/Sep/2026:15:15:48] WARN - Disk kullanımı %75'i geçti
[12/Sep/2026:15:15:48] WARN - Disk kullanımı %75'i geçti
[12/Sep/2026:15:15:48] ERROR - Veritabanına bağlanılamadı
    at com.ornek.servis.OdemeServisi.gonder(OdemeServisi.java:42)
    at com.ornek.controller.SiparisController.olustur(SiparisController.java:17)
    at java.base/java.lang.Thread.run(Thread.java:840)
[12/Sep/2026:15:15:48] INFO - Kullanıcı girişi başarılı
[12/Sep/2026:15:15:48] INFO - Kullanıcı girişi başarılı
[12/Sep/2026:15:15:48] INFO - Sipariş oluşturuldu
[12/Sep/2026:15:15:48] WARN - Disk kullanımı %75'i geçti
[12/Sep/2026:15:15:48] INFO - Rapor başarıyla oluşturuldu
[12/Sep/2026:15:15:48] WARN - Yanıt süresi beklenenden uzun sürdü
[12/Sep/2026:15:15:48] INFO - Önbellek (cache) yenilendi
[12/Sep/2026:15:15:48] WARN - Disk kullanımı %75'i geçti
[12/Sep/2026:15:15:48] WARN - Üçüncü parti servisten yavaş yanıt alındı
[12/Sep/2026:15:15:48] INFO - Rapor başarıyla oluşturuldu
[12/Sep/2026:15:15:48] WARN - Veritabanı bağlantı havuzu %80 dolulukta
[12/Sep/2026:15:15:48] INFO - Kullanıcı girişi başarılı
[12/Sep/2026:15:15:48] INFO - Sipariş oluşturuldu
[12/Sep/2026:15:15:48] INFO - Sipariş oluşturuldu
[12/Sep/2026:15:15:48] WARN - Yanıt süresi beklenenden uzun sürdü
[12/Sep/2026:15:15:48] INFO - Yeni kullanıcı kaydı tamamlandı
[12/Sep/2026:15:15:48] WARN - Yanıt süresi beklenenden uzun sürdü
[12/Sep/2026:15:15:48] INFO - Sipariş oluşturuldu
[12/Sep/2026:15:15:48] INFO - Kullanıcı girişi başarılı
[12/Sep/2026:15:15:48] INFO - Sipariş oluşturuldu
[12/Sep/2026:15:15:48] INFO - Rapor başarıyla oluşturuldu
[12/Sep/2026:15:15:48] INFO - Sipariş oluşturuldu
[12/Sep/2026:15:15:48] INFO - Rapor başarıyla oluşturuldu
[12/Sep/2026:15:15:48] INFO - Yeni kullanıcı kaydı tamamlandı
[12/Sep/2026:15:15:48] WARN - Üçüncü parti servisten yavaş yanıt alındı
[12/Sep/2026:15:15:48] INFO - Kullanıcı girişi başarılı
[12/Sep/2026:15:15:48] WARN - Yanıt süresi beklenenden uzun sürdü
[12/Sep/2026:15:15:48] INFO - Kullanıcı girişi başarılı
[12/Sep/2026:15:15:48] WARN - Veritabanı bağlantı havuzu %80 dolulukta
[12/Sep/2026:15:15:48] WARN - Üçüncü parti servisten yavaş yanıt alındı
[12/Sep/2026:15:15:48] INFO - Sipariş oluşturuldu
[12/Sep/2026:15:15:48] INFO - Sipariş oluşturuldu
[12/Sep/2026:15:15:48] INFO - Sipariş oluşturuldu
[12/Sep/2026:15:15:48] ERROR - Beklenmeyen hata oluştu
    at com.ornek.servis.OdemeServisi.gonder(OdemeServisi.java:42)
    at com.ornek.controller.SiparisController.olustur(SiparisController.java:17)
    at java.base/java.lang.Thread.run(Thread.java:840)
[12/Sep/2026:15:15:48] INFO - Kullanıcı girişi başarılı
[12/Sep/2026:15:15:48] WARN - Üçüncü parti servisten yavaş yanıt alındı
[12/Sep/2026:15:15:48] INFO - Yeni kullanıcı kaydı tamamlandı
[12/Sep/2026:15:15:48] INFO - Önbellek (cache) yenilendi
[12/Sep/2026:15:15:48] INFO - Rapor başarıyla oluşturuldu
[12/Sep/2026:15:15:48] INFO - Sipariş oluşturuldu
[12/Sep/2026:15:15:48] INFO - Sipariş oluşturuldu
[12/Sep/2026:15:15:48] INFO - Rapor başarıyla oluşturuldu
[12/Sep/2026:15:15:48] INFO - Önbellek (cache) yenilendi
[12/Sep/2026:15:15:48] INFO - Rapor başarıyla oluşturuldu
[12/Sep/2026:15:15:48] WARN - Üçüncü parti servisten yavaş yanıt alındı
[12/Sep/2026:15:15:48] INFO - Yeni kullanıcı kaydı tamamlandı
[12/Sep/2026:15:15:48] WARN - Yanıt süresi beklenenden uzun sürdü
[12/Sep/2026:15:15:48] WARN - Veritabanı bağlantı havuzu %80 dolulukta
[12/Sep/2026:15:15:48] ERROR - Beklenmeyen hata oluştu
    at com.ornek.servis.OdemeServisi.gonder(OdemeServisi.java:42)
    at com.ornek.controller.SiparisController.olustur(SiparisController.java:17)
    at java.base/java.lang.Thread.run(Thread.java:840)
[12/Sep/2026:15:15:48] INFO - Rapor başarıyla oluşturuldu
[12/Sep/2026:15:15:48] WARN - Üçüncü parti servisten yavaş yanıt alındı
[12/Sep/2026:15:15:48] INFO - Sipariş oluşturuldu
[12/Sep/2026:15:15:48] INFO - Kullanıcı girişi başarılı
[12/Sep/2026:15:15:48] INFO - Önbellek (cache) yenilendi
[12/Sep/2026:15:15:48] WARN - Üçüncü parti servisten yavaş yanıt alındı
[12/Sep/2026:15:15:48] INFO - Kullanıcı girişi başarılı
[12/Sep/2026:15:15:48] INFO - Önbellek (cache) yenilendi
[12/Sep/2026:15:15:48] WARN - Yanıt süresi beklenenden uzun sürdü
[12/Sep/2026:15:15:48] INFO - Yeni kullanıcı kaydı tamamlandı
[12/Sep/2026:15:15:48] INFO - Önbellek (cache) yenilendi
[12/Sep/2026:15:15:48] WARN - Disk kullanımı %75'i geçti
[12/Sep/2026:15:15:48] INFO - Yeni kullanıcı kaydı tamamlandı
[12/Sep/2026:15:15:48] INFO - Sipariş oluşturuldu
[12/Sep/2026:15:15:48] INFO - Önbellek (cache) yenilendi
[12/Sep/2026:15:15:48] INFO - Önbellek (cache) yenilendi
[12/Sep/2026:15:15:48] INFO - Yeni kullanıcı kaydı tamamlandı
[12/Sep/2026:15:15:48] INFO - Kullanıcı girişi başarılı
[12/Sep/2026:15:15:48] INFO - Rapor başarıyla oluşturuldu
[12/Sep/2026:15:15:48] INFO - Yeni kullanıcı kaydı tamamlandı
[12/Sep/2026:15:15:48] INFO - Yeni kullanıcı kaydı tamamlandı
[12/Sep/2026:15:15:48] WARN - Veritabanı bağlantı havuzu %80 dolulukta
[12/Sep/2026:15:15:48] WARN - Yanıt süresi beklenenden uzun sürdü
[12/Sep/2026:15:15:48] INFO - Önbellek (cache) yenilendi
[12/Sep/2026:15:15:48] INFO - Önbellek (cache) yenilendi
[12/Sep/2026:15:15:48] INFO - Kullanıcı girişi başarılı
[12/Sep/2026:15:15:48] INFO - Önbellek (cache) yenilendi
[12/Sep/2026:15:15:48] INFO - Önbellek (cache) yenilendi
[12/Sep/2026:15:15:48] WARN - Üçüncü parti servisten yavaş yanıt alındı
[12/Sep/2026:15:15:48] INFO - Rapor başarıyla oluşturuldu
[12/Sep/2026:15:15:48] INFO - Rapor başarıyla oluşturuldu
[12/Sep/2026:15:15:48] ERROR - Beklenmeyen hata oluştu
    at com.ornek.servis.OdemeServisi.gonder(OdemeServisi.java:42)
    at com.ornek.controller.SiparisController.olustur(SiparisController.java:17)
    at java.base/java.lang.Thread.run(Thread.java:840)
[12/Sep/2026:15:15:48] INFO - Önbellek (cache) yenilendi
[12/Sep/2026:15:15:48] INFO - Önbellek (cache) yenilendi
[12/Sep/2026:15:15:48] INFO - Yeni kullanıcı kaydı tamamlandı
[12/Sep/2026:15:15:48] INFO - Kullanıcı girişi başarılı
[12/Sep/2026:15:15:48] WARN - Üçüncü parti servisten yavaş yanıt alındı
[12/Sep/2026:15:15:48] INFO - Sipariş oluşturuldu
[12/Sep/2026:15:15:48] INFO - Yeni kullanıcı kaydı tamamlandı
[12/Sep/2026:15:15:48] INFO - Rapor başarıyla oluşturuldu
[12/Sep/2026:15:15:48] INFO - Sipariş oluşturuldu
[12/Sep/2026:15:15:48] INFO - Kullanıcı girişi başarılı
[12/Sep/2026:15:15:48] INFO - Rapor başarıyla oluşturuldu
[12/Sep/2026:15:15:48] WARN - Disk kullanımı %75'i geçti
[12/Sep/2026:15:15:48] WARN - Disk kullanımı %75'i geçti
[12/Sep/2026:15:15:48] WARN - Veritabanı bağlantı havuzu %80 dolulukta
[12/Sep/2026:15:15:48] INFO - Sipariş oluşturuldu
[12/Sep/2026:15:15:48] ERROR - Stok güncellenirken hata oluştu
    at com.ornek.servis.OdemeServisi.gonder(OdemeServisi.java:42)
    at com.ornek.controller.SiparisController.olustur(SiparisController.java:17)
    at java.base/java.lang.Thread.run(Thread.java:840)
[12/Sep/2026:15:15:48] INFO - Önbellek (cache) yenilendi
[12/Sep/2026:15:15:48] INFO - Kullanıcı girişi başarılı
[12/Sep/2026:15:15:48] INFO - Sipariş oluşturuldu
[12/Sep/2026:15:15:48] WARN - Üçüncü parti servisten yavaş yanıt alındı
[12/Sep/2026:15:15:48] WARN - Üçüncü parti servisten yavaş yanıt alındı
[12/Sep/2026:15:15:48] INFO - Yeni kullanıcı kaydı tamamlandı
[12/Sep/2026:15:15:48] INFO - Yeni kullanıcı kaydı tamamlandı
[12/Sep/2026:15:15:48] INFO - Yeni kullanıcı kaydı tamamlandı
[12/Sep/2026:15:15:48] INFO - Yeni kullanıcı kaydı tamamlandı
[12/Sep/2026:15:15:48] INFO - Önbellek (cache) yenilendi
[12/Sep/2026:15:15:48] INFO - Kullanıcı girişi başarılı
[12/Sep/2026:15:15:48] INFO - Rapor başarıyla oluşturuldu
[12/Sep/2026:15:15:48] INFO - Önbellek (cache) yenilendi
[12/Sep/2026:15:15:48] INFO - Rapor başarıyla oluşturuldu
[12/Sep/2026:15:15:48] INFO - Önbellek (cache) yenilendi
[12/Sep/2026:15:15:48] WARN - Üçüncü parti servisten yavaş yanıt alındı
[12/Sep/2026:15:15:48] INFO - Önbellek (cache) yenilendi
[12/Sep/2026:15:15:48] INFO - Kullanıcı girişi başarılı
[12/Sep/2026:15:15:48] INFO - Önbellek (cache) yenilendi
[12/Sep/2026:15:15:48] INFO - Rapor başarıyla oluşturuldu
[12/Sep/2026:15:15:48] INFO - Rapor başarıyla oluşturuldu
[12/Sep/2026:15:15:48] INFO - Yeni kullanıcı kaydı tamamlandı
[12/Sep/2026:15:15:48] WARN - Disk kullanımı %75'i geçti
[12/Sep/2026:15:15:48] INFO - Önbellek (cache) yenilendi
[12/Sep/2026:15:15:48] INFO - Yeni kullanıcı kaydı tamamlandı
[12/Sep/2026:15:15:48] WARN - Yanıt süresi beklenenden uzun sürdü
[12/Sep/2026:15:15:48] INFO - Rapor başarıyla oluşturuldu
[12/Sep/2026:15:15:48] INFO - Sipariş oluşturuldu
[12/Sep/2026:15:15:48] WARN - Üçüncü parti servisten yavaş yanıt alındı
[12/Sep/2026:15:15:48] INFO - Yeni kullanıcı kaydı tamamlandı
[12/Sep/2026:15:15:48] INFO - Sipariş oluşturuldu
[12/Sep/2026:15:15:48] INFO - Rapor başarıyla oluşturuldu
[12/Sep/2026:15:15:48] WARN - Üçüncü parti servisten yavaş yanıt alındı
[12/Sep/2026:15:15:48] ERROR - Ödeme servisi zaman aşımına uğradı
    at com.ornek.servis.OdemeServisi.gonder(OdemeServisi.java:42)
    at com.ornek.controller.SiparisController.olustur(SiparisController.java:17)
    at java.base/java.lang.Thread.run(Thread.java:840)
[12/Sep/2026:15:15:48] INFO - Rapor başarıyla oluşturuldu
[12/Sep/2026:15:15:48] INFO - Yeni kullanıcı kaydı tamamlandı
[12/Sep/2026:15:15:48] WARN - Üçüncü parti servisten yavaş yanıt alındı
[12/Sep/2026:15:15:48] INFO - Önbellek (cache) yenilendi
[12/Sep/2026:15:15:48] ERROR - Kimlik doğrulama servisi yanıt vermedi
    at com.ornek.servis.OdemeServisi.gonder(OdemeServisi.java:42)
    at com.ornek.controller.SiparisController.olustur(SiparisController.java:17)
    at java.base/java.lang.Thread.run(Thread.java:840)
[12/Sep/2026:15:15:48] WARN - Yanıt süresi beklenenden uzun sürdü
[12/Sep/2026:15:15:48] INFO - Önbellek (cache) yenilendi
[12/Sep/2026:15:15:48] WARN - Üçüncü parti servisten yavaş yanıt alındı
[12/Sep/2026:15:15:48] INFO - Sipariş oluşturuldu
[12/Sep/2026:15:15:48] INFO - Yeni kullanıcı kaydı tamamlandı
[12/Sep/2026:15:15:48] INFO - Önbellek (cache) yenilendi
[12/Sep/2026:15:15:48] WARN - Veritabanı bağlantı havuzu %80 dolulukta
[12/Sep/2026:15:15:48] INFO - Sipariş oluşturuldu
[12/Sep/2026:15:15:48] INFO - Sipariş oluşturuldu
[12/Sep/2026:15:15:48] INFO - Rapor başarıyla oluşturuldu
[12/Sep/2026:15:15:48] INFO - Kullanıcı girişi başarılı
[12/Sep/2026:15:15:48] INFO - Sipariş oluşturuldu
[12/Sep/2026:15:15:48] INFO - Kullanıcı girişi başarılı
[12/Sep/2026:15:15:48] WARN - Veritabanı bağlantı havuzu %80 dolulukta
[12/Sep/2026:15:15:48] INFO - Yeni kullanıcı kaydı tamamlandı
[12/Sep/2026:15:15:48] INFO - Sipariş oluşturuldu
[12/Sep/2026:15:15:48] WARN - Üçüncü parti servisten yavaş yanıt alındı
[12/Sep/2026:15:15:48] WARN - Yanıt süresi beklenenden uzun sürdü
[12/Sep/2026:15:15:48] INFO - Kullanıcı girişi başarılı
[12/Sep/2026:15:15:48] INFO - Yeni kullanıcı kaydı tamamlandı
[12/Sep/2026:15:15:48] INFO - Kullanıcı girişi başarılı
[12/Sep/2026:15:15:48] INFO - Sipariş oluşturuldu
[12/Sep/2026:15:15:48] WARN - Yanıt süresi beklenenden uzun sürdü
[12/Sep/2026:15:15:48] INFO - Önbellek (cache) yenilendi
[12/Sep/2026:15:15:48] INFO - Önbellek (cache) yenilendi
[12/Sep/2026:15:15:48] INFO - Sipariş oluşturuldu
[12/Sep/2026:15:15:48] INFO - Yeni kullanıcı kaydı tamamlandı
[12/Sep/2026:15:15:48] WARN - Üçüncü parti servisten yavaş yanıt alındı
[12/Sep/2026:15:15:48] INFO - Rapor başarıyla oluşturuldu
[12/Sep/2026:15:15:48] WARN - Disk kullanımı %75'i geçti
[12/Sep/2026:15:15:48] INFO - Rapor başarıyla oluşturuldu
[12/Sep/2026:15:15:48] INFO - Sipariş oluşturuldu
[12/Sep/2026:15:15:48] INFO - Kullanıcı girişi başarılı
[12/Sep/2026:15:15:48] ERROR - Beklenmeyen hata oluştu
    at com.ornek.servis.OdemeServisi.gonder(OdemeServisi.java:42)
    at com.ornek.controller.SiparisController.olustur(SiparisController.java:17)
    at java.base/java.lang.Thread.run(Thread.java:840)
[12/Sep/2026:15:15:48] INFO - Önbellek (cache) yenilendi
[12/Sep/2026:15:15:48] INFO - Kullanıcı girişi başarılı
[12/Sep/2026:15:15:48] WARN - Disk kullanımı %75'i geçti
[12/Sep/2026:15:15:48] INFO - Sipariş oluşturuldu
[12/Sep/2026:15:15:48] INFO - Sipariş oluşturuldu
[12/Sep/2026:15:15:48] INFO - Sipariş oluşturuldu
[12/Sep/2026:15:15:48] INFO - Kullanıcı girişi başarılı
[12/Sep/2026:15:15:48] INFO - Kullanıcı girişi başarılı
[12/Sep/2026:15:15:48] INFO - Rapor başarıyla oluşturuldu
[12/Sep/2026:15:15:48] INFO - Kullanıcı girişi başarılı
[12/Sep/2026:15:15:48] WARN - Veritabanı bağlantı havuzu %80 dolulukta
[12/Sep/2026:15:15:48] INFO - Kullanıcı girişi başarılı
[12/Sep/2026:15:15:48] INFO - Sipariş oluşturuldu
[12/Sep/2026:15:15:48] ERROR - Kimlik doğrulama servisi yanıt vermedi
    at com.ornek.servis.OdemeServisi.gonder(OdemeServisi.java:42)
    at com.ornek.controller.SiparisController.olustur(SiparisController.java:17)
    at java.base/java.lang.Thread.run(Thread.java:840)
[12/Sep/2026:15:15:48] INFO - Kullanıcı girişi başarılı
[12/Sep/2026:15:15:48] ERROR - Stok güncellenirken hata oluştu
    at com.ornek.servis.OdemeServisi.gonder(OdemeServisi.java:42)
    at com.ornek.controller.SiparisController.olustur(SiparisController.java:17)
    at java.base/java.lang.Thread.run(Thread.java:840)
[12/Sep/2026:15:15:48] INFO - Yeni kullanıcı kaydı tamamlandı
[12/Sep/2026:15:15:48] INFO - Sipariş oluşturuldu
[12/Sep/2026:15:15:48] ERROR - Ödeme servisi zaman aşımına uğradı
    at com.ornek.servis.OdemeServisi.gonder(OdemeServisi.java:42)
    at com.ornek.controller.SiparisController.olustur(SiparisController.java:17)
    at java.base/java.lang.Thread.run(Thread.java:840)
[12/Sep/2026:15:15:48] INFO - Kullanıcı girişi başarılı
[12/Sep/2026:15:15:48] INFO - Kullanıcı girişi başarılı
[12/Sep/2026:15:15:48] INFO - Yeni kullanıcı kaydı tamamlandı
[12/Sep/2026:15:15:48] INFO - Yeni kullanıcı kaydı tamamlandı
[12/Sep/2026:15:15:48] INFO - Rapor başarıyla oluşturuldu
[12/Sep/2026:15:15:48] INFO - Rapor başarıyla oluşturuldu
[12/Sep/2026:15:15:48] WARN - Üçüncü parti servisten yavaş yanıt alındı
[12/Sep/2026:15:15:48] WARN - Yanıt süresi beklenenden uzun sürdü
[12/Sep/2026:15:15:48] INFO - Yeni kullanıcı kaydı tamamlandı
[12/Sep/2026:15:15:48] INFO - Kullanıcı girişi başarılı
[12/Sep/2026:15:15:48] INFO - Yeni kullanıcı kaydı tamamlandı
[12/Sep/2026:15:15:48] INFO - Önbellek (cache) yenilendi
[12/Sep/2026:15:15:48] INFO - Yeni kullanıcı kaydı tamamlandı
[12/Sep/2026:15:15:48] WARN - Yanıt süresi beklenenden uzun sürdü
[12/Sep/2026:15:15:48] INFO - Rapor başarıyla oluşturuldu
[12/Sep/2026:15:15:48] INFO - Sipariş oluşturuldu
[12/Sep/2026:15:15:48] INFO - Kullanıcı girişi başarılı
[12/Sep/2026:15:15:48] WARN - Yanıt süresi beklenenden uzun sürdü
[12/Sep/2026:15:15:48] INFO - Sipariş oluşturuldu
[12/Sep/2026:15:15:48] INFO - Kullanıcı girişi başarılı
[12/Sep/2026:15:15:48] INFO - Rapor başarıyla oluşturuldu
[12/Sep/2026:15:15:48] INFO - Sipariş oluşturuldu
[12/Sep/2026:15:15:48] INFO - Sipariş oluşturuldu
[12/Sep/2026:15:15:48] INFO - Rapor başarıyla oluşturuldu
[12/Sep/2026:15:15:48] INFO - Önbellek (cache) yenilendi
[12/Sep/2026:15:15:48] INFO - Kullanıcı girişi başarılı
[12/Sep/2026:15:15:48] WARN - Üçüncü parti servisten yavaş yanıt alındı
[12/Sep/2026:15:15:48] WARN - Yanıt süresi beklenenden uzun sürdü
[12/Sep/2026:15:15:48] INFO - Yeni kullanıcı kaydı tamamlandı
[12/Sep/2026:15:15:48] INFO - Sipariş oluşturuldu
[12/Sep/2026:15:15:48] INFO - Yeni kullanıcı kaydı tamamlandı
[12/Sep/2026:15:15:48] INFO - Sipariş oluşturuldu
[12/Sep/2026:15:15:48] INFO - Sipariş oluşturuldu
[12/Sep/2026:15:15:48] INFO - Sipariş oluşturuldu
[12/Sep/2026:15:15:48] INFO - Önbellek (cache) yenilendi
[12/Sep/2026:15:15:48] INFO - Rapor başarıyla oluşturuldu
[12/Sep/2026:15:15:48] INFO - Önbellek (cache) yenilendi
[12/Sep/2026:15:15:48] INFO - Rapor başarıyla oluşturuldu
[12/Sep/2026:15:15:48] INFO - Önbellek (cache) yenilendi
[12/Sep/2026:15:15:48] WARN - Yanıt süresi beklenenden uzun sürdü
[12/Sep/2026:15:15:48] WARN - Disk kullanımı %75'i geçti
[12/Sep/2026:15:15:48] ERROR - Beklenmeyen hata oluştu
    at com.ornek.servis.OdemeServisi.gonder(OdemeServisi.java:42)
    at com.ornek.controller.SiparisController.olustur(SiparisController.java:17)
    at java.base/java.lang.Thread.run(Thread.java:840)
[12/Sep/2026:15:15:48] INFO - Yeni kullanıcı kaydı tamamlandı
[12/Sep/2026:15:15:48] INFO - Rapor başarıyla oluşturuldu
[12/Sep/2026:15:15:48] INFO - Önbellek (cache) yenilendi
[12/Sep/2026:15:15:48] INFO - Sipariş oluşturuldu
[12/Sep/2026:15:15:48] INFO - Yeni kullanıcı kaydı tamamlandı
[12/Sep/2026:15:15:48] INFO - Rapor başarıyla oluşturuldu
[12/Sep/2026:15:15:48] WARN - Disk kullanımı %75'i geçti
[12/Sep/2026:15:15:48] INFO - Rapor başarıyla oluşturuldu
[12/Sep/2026:15:15:48] INFO - Rapor başarıyla oluşturuldu
[12/Sep/2026:15:15:48] INFO - Yeni kullanıcı kaydı tamamlandı
[12/Sep/2026:15:15:48] INFO - Önbellek (cache) yenilendi
[12/Sep/2026:15:15:48] INFO - Kullanıcı girişi başarılı
[12/Sep/2026:15:15:48] INFO - Kullanıcı girişi başarılı
[12/Sep/2026:15:15:48] WARN - Veritabanı bağlantı havuzu %80 dolulukta
[12/Sep/2026:15:15:48] WARN - Yanıt süresi beklenenden uzun sürdü
[12/Sep/2026:15:15:48] INFO - Rapor başarıyla oluşturuldu
[12/Sep/2026:15:15:48] INFO - Yeni kullanıcı kaydı tamamlandı
[12/Sep/2026:15:15:48] ERROR - Ödeme servisi zaman aşımına uğradı
    at com.ornek.servis.OdemeServisi.gonder(OdemeServisi.java:42)
    at com.ornek.controller.SiparisController.olustur(SiparisController.java:17)
    at java.base/java.lang.Thread.run(Thread.java:840)
[12/Sep/2026:15:15:48] INFO - Rapor başarıyla oluşturuldu
[12/Sep/2026:15:15:48] INFO - Sipariş oluşturuldu
[12/Sep/2026:15:15:48] INFO - Rapor başarıyla oluşturuldu
[12/Sep/2026:15:15:48] INFO - Önbellek (cache) yenilendi
[12/Sep/2026:15:15:48] INFO - Önbellek (cache) yenilendi
[12/Sep/2026:15:15:48] INFO - Yeni kullanıcı kaydı tamamlandı
[12/Sep/2026:15:15:48] WARN - Üçüncü parti servisten yavaş yanıt alındı
[12/Sep/2026:15:15:48] INFO - Kullanıcı girişi başarılı
[12/Sep/2026:15:15:48] INFO - Rapor başarıyla oluşturuldu
[12/Sep/2026:15:15:48] WARN - Disk kullanımı %75'i geçti
[12/Sep/2026:15:15:48] INFO - Sipariş oluşturuldu
[12/Sep/2026:15:15:48] INFO - Yeni kullanıcı kaydı tamamlandı
[12/Sep/2026:15:15:48] WARN - Veritabanı bağlantı havuzu %80 dolulukta
[12/Sep/2026:15:15:48] INFO - Rapor başarıyla oluşturuldu
[12/Sep/2026:15:15:48] INFO - Önbellek (cache) yenilendi
[12/Sep/2026:15:15:48] INFO - Rapor başarıyla oluşturuldu
[12/Sep/2026:15:15:48] INFO - Sipariş oluşturuldu
[12/Sep/2026:15:15:48] WARN - Veritabanı bağlantı havuzu %80 dolulukta
[12/Sep/2026:15:15:48] INFO - Rapor başarıyla oluşturuldu
[12/Sep/2026:15:15:48] INFO - Sipariş oluşturuldu
[12/Sep/2026:15:15:48] INFO - Kullanıcı girişi başarılı
[12/Sep/2026:15:15:48] INFO - Rapor başarıyla oluşturuldu
[12/Sep/2026:15:15:48] INFO - Rapor başarıyla oluşturuldu
[12/Sep/2026:15:15:48] INFO - Kullanıcı girişi başarılı
[12/Sep/2026:15:15:48] INFO - Sipariş oluşturuldu
[12/Sep/2026:15:15:48] ERROR - Stok güncellenirken hata oluştu
    at com.ornek.servis.OdemeServisi.gonder(OdemeServisi.java:42)
    at com.ornek.controller.SiparisController.olustur(SiparisController.java:17)
    at java.base/java.lang.Thread.run(Thread.java:840)
[12/Sep/2026:15:15:48] INFO - Yeni kullanıcı kaydı tamamlandı
[12/Sep/2026:15:15:48] ERROR - Kimlik doğrulama servisi yanıt vermedi
    at com.ornek.servis.OdemeServisi.gonder(OdemeServisi.java:42)
    at com.ornek.controller.SiparisController.olustur(SiparisController.java:17)
    at java.base/java.lang.Thread.run(Thread.java:840)
[12/Sep/2026:15:15:48] WARN - Disk kullanımı %75'i geçti
[12/Sep/2026:15:15:48] INFO - Kullanıcı girişi başarılı
[12/Sep/2026:15:15:48] INFO - Sipariş oluşturuldu
[12/Sep/2026:15:15:48] INFO - Rapor başarıyla oluşturuldu
[12/Sep/2026:15:15:48] INFO - Sipariş oluşturuldu
[12/Sep/2026:15:15:48] ERROR - Veritabanına bağlanılamadı
    at com.ornek.servis.OdemeServisi.gonder(OdemeServisi.java:42)
    at com.ornek.controller.SiparisController.olustur(SiparisController.java:17)
    at java.base/java.lang.Thread.run(Thread.java:840)
[12/Sep/2026:15:15:48] INFO - Yeni kullanıcı kaydı tamamlandı
[12/Sep/2026:15:15:48] INFO - Önbellek (cache) yenilendi
[12/Sep/2026:15:15:48] ERROR - Stok güncellenirken hata oluştu
    at com.ornek.servis.OdemeServisi.gonder(OdemeServisi.java:42)
    at com.ornek.controller.SiparisController.olustur(SiparisController.java:17)
    at java.base/java.lang.Thread.run(Thread.java:840)
[12/Sep/2026:15:15:48] INFO - Rapor başarıyla oluşturuldu
[12/Sep/2026:15:15:48] WARN - Veritabanı bağlantı havuzu %80 dolulukta
[12/Sep/2026:15:15:48] INFO - Önbellek (cache) yenilendi
[12/Sep/2026:15:15:48] INFO - Rapor başarıyla oluşturuldu
[12/Sep/2026:15:15:48] INFO - Rapor başarıyla oluşturuldu
[12/Sep/2026:15:15:48] INFO - Önbellek (cache) yenilendi
[12/Sep/2026:15:15:48] ERROR - Veritabanına bağlanılamadı
    at com.ornek.servis.OdemeServisi.gonder(OdemeServisi.java:42)
    at com.ornek.controller.SiparisController.olustur(SiparisController.java:17)
    at java.base/java.lang.Thread.run(Thread.java:840)
[12/Sep/2026:15:15:48] INFO - Yeni kullanıcı kaydı tamamlandı
[12/Sep/2026:15:15:48] INFO - Kullanıcı girişi başarılı
[12/Sep/2026:15:15:48] WARN - Üçüncü parti servisten yavaş yanıt alındı
[12/Sep/2026:15:15:48] INFO - Kullanıcı girişi başarılı
[12/Sep/2026:15:15:48] INFO - Yeni kullanıcı kaydı tamamlandı
[12/Sep/2026:15:15:48] WARN - Üçüncü parti servisten yavaş yanıt alındı
[12/Sep/2026:15:15:48] ERROR - Kimlik doğrulama servisi yanıt vermedi
    at com.ornek.servis.OdemeServisi.gonder(OdemeServisi.java:42)
    at com.ornek.controller.SiparisController.olustur(SiparisController.java:17)
    at java.base/java.lang.Thread.run(Thread.java:840)
[12/Sep/2026:15:15:48] INFO - Rapor başarıyla oluşturuldu
[12/Sep/2026:15:15:48] INFO - Önbellek (cache) yenilendi
[12/Sep/2026:15:15:48] WARN - Veritabanı bağlantı havuzu %80 dolulukta
[12/Sep/2026:15:15:48] INFO - Yeni kullanıcı kaydı tamamlandı
[12/Sep/2026:15:15:48] INFO - Rapor başarıyla oluşturuldu
[12/Sep/2026:15:15:48] INFO - Kullanıcı girişi başarılı
[12/Sep/2026:15:15:48] INFO - Sipariş oluşturuldu
[12/Sep/2026:15:15:48] INFO - Yeni kullanıcı kaydı tamamlandı
[12/Sep/2026:15:15:48] WARN - Veritabanı bağlantı havuzu %80 dolulukta
[12/Sep/2026:15:15:48] WARN - Disk kullanımı %75'i geçti
[12/Sep/2026:15:15:48] WARN - Üçüncü parti servisten yavaş yanıt alındı
[12/Sep/2026:15:15:48] INFO - Sipariş oluşturuldu
[12/Sep/2026:15:15:48] INFO - Önbellek (cache) yenilendi
[12/Sep/2026:15:15:48] ERROR - Ödeme servisi zaman aşımına uğradı
    at com.ornek.servis.OdemeServisi.gonder(OdemeServisi.java:42)
    at com.ornek.controller.SiparisController.olustur(SiparisController.java:17)
    at java.base/java.lang.Thread.run(Thread.java:840)
[12/Sep/2026:15:15:48] WARN - Yanıt süresi beklenenden uzun sürdü
[12/Sep/2026:15:15:48] INFO - Önbellek (cache) yenilendi
[12/Sep/2026:15:15:48] INFO - Sipariş oluşturuldu
[12/Sep/2026:15:15:48] INFO - Önbellek (cache) yenilendi
[12/Sep/2026:15:15:48] WARN - Üçüncü parti servisten yavaş yanıt alındı
[12/Sep/2026:15:15:48] INFO - Yeni kullanıcı kaydı tamamlandı
[12/Sep/2026:15:15:48] WARN - Yanıt süresi beklenenden uzun sürdü
[12/Sep/2026:15:15:48] WARN - Veritabanı bağlantı havuzu %80 dolulukta
[12/Sep/2026:15:15:48] INFO - Kullanıcı girişi başarılı
[12/Sep/2026:15:15:48] INFO - Yeni kullanıcı kaydı tamamlandı
[12/Sep/2026:15:15:48] INFO - Önbellek (cache) yenilendi
[12/Sep/2026:15:15:48] INFO - Kullanıcı girişi başarılı
[12/Sep/2026:15:15:48] INFO - Önbellek (cache) yenilendi
[12/Sep/2026:15:15:48] INFO - Kullanıcı girişi başarılı
[12/Sep/2026:15:15:48] ERROR - Stok güncellenirken hata oluştu
    at com.ornek.servis.OdemeServisi.gonder(OdemeServisi.java:42)
    at com.ornek.controller.SiparisController.olustur(SiparisController.java:17)
    at java.base/java.lang.Thread.run(Thread.java:840)
[12/Sep/2026:15:15:48] WARN - Yanıt süresi beklenenden uzun sürdü
[12/Sep/2026:15:15:48] ERROR - Kimlik doğrulama servisi yanıt vermedi
    at com.ornek.servis.OdemeServisi.gonder(OdemeServisi.java:42)
    at com.ornek.controller.SiparisController.olustur(SiparisController.java:17)
    at java.base/java.lang.Thread.run(Thread.java:840)
[12/Sep/2026:15:15:48] INFO - Sipariş oluşturuldu
[12/Sep/2026:15:15:48] WARN - Yanıt süresi beklenenden uzun sürdü
[12/Sep/2026:15:15:48] INFO - Önbellek (cache) yenilendi
[12/Sep/2026:15:15:48] INFO - Önbellek (cache) yenilendi
[12/Sep/2026:15:15:48] INFO - Rapor başarıyla oluşturuldu
[12/Sep/2026:15:15:48] INFO - Yeni kullanıcı kaydı tamamlandı
[12/Sep/2026:15:15:48] INFO - Yeni kullanıcı kaydı tamamlandı
[12/Sep/2026:15:15:48] INFO - Yeni kullanıcı kaydı tamamlandı
[12/Sep/2026:15:15:48] INFO - Rapor başarıyla oluşturuldu
[12/Sep/2026:15:15:48] ERROR - Veritabanına bağlanılamadı
    at com.ornek.servis.OdemeServisi.gonder(OdemeServisi.java:42)
    at com.ornek.controller.SiparisController.olustur(SiparisController.java:17)
    at java.base/java.lang.Thread.run(Thread.java:840)
[12/Sep/2026:15:15:48] WARN - Üçüncü parti servisten yavaş yanıt alındı
[12/Sep/2026:15:15:48] WARN - Üçüncü parti servisten yavaş yanıt alındı
[12/Sep/2026:15:15:48] INFO - Sipariş oluşturuldu
[12/Sep/2026:15:15:48] INFO - Kullanıcı girişi başarılı
[12/Sep/2026:15:15:48] INFO - Yeni kullanıcı kaydı tamamlandı
[12/Sep/2026:15:15:48] WARN - Yanıt süresi beklenenden uzun sürdü
[12/Sep/2026:15:15:48] INFO - Yeni kullanıcı kaydı tamamlandı
[12/Sep/2026:15:15:48] INFO - Rapor başarıyla oluşturuldu
[12/Sep/2026:15:15:48] INFO - Kullanıcı girişi başarılı
[12/Sep/2026:15:15:48] ERROR - Ödeme servisi zaman aşımına uğradı
    at com.ornek.servis.OdemeServisi.gonder(OdemeServisi.java:42)
    at com.ornek.controller.SiparisController.olustur(SiparisController.java:17)
    at java.base/java.lang.Thread.run(Thread.java:840)
[12/Sep/2026:15:15:48] ERROR - Ödeme servisi zaman aşımına uğradı
    at com.ornek.servis.OdemeServisi.gonder(OdemeServisi.java:42)
    at com.ornek.controller.SiparisController.olustur(SiparisController.java:17)
    at java.base/java.lang.Thread.run(Thread.java:840)
[12/Sep/2026:15:15:48] INFO - Kullanıcı girişi başarılı
[12/Sep/2026:15:15:48] INFO - Sipariş oluşturuldu
[12/Sep/2026:15:15:48] INFO - Kullanıcı girişi başarılı
[12/Sep/2026:15:15:48] WARN - Veritabanı bağlantı havuzu %80 dolulukta
[12/Sep/2026:15:15:48] INFO - Önbellek (cache) yenilendi
[12/Sep/2026:15:15:48] INFO - Yeni kullanıcı kaydı tamamlandı
[12/Sep/2026:15:15:48] INFO - Kullanıcı girişi başarılı
[12/Sep/2026:15:15:48] WARN - Disk kullanımı %75'i geçti
[12/Sep/2026:15:15:48] INFO - Önbellek (cache) yenilendi
[12/Sep/2026:15:15:48] INFO - Yeni kullanıcı kaydı tamamlandı
[12/Sep/2026:15:15:48] INFO - Rapor başarıyla oluşturuldu
[12/Sep/2026:15:15:48] WARN - Yanıt süresi beklenenden uzun sürdü
[12/Sep/2026:15:15:48] INFO - Sipariş oluşturuldu
[12/Sep/2026:15:15:48] WARN - Yanıt süresi beklenenden uzun sürdü
[12/Sep/2026:15:15:48] INFO - Önbellek (cache) yenilendi
[12/Sep/2026:15:15:48] INFO - Önbellek (cache) yenilendi
[12/Sep/2026:15:15:48] INFO - Yeni kullanıcı kaydı tamamlandı
[12/Sep/2026:16:02:32] INFO - Sipariş oluşturuldu
[12/Sep/2026:16:02:33] INFO - Kullanıcı girişi başarılı
[12/Sep/2026:16:02:34] INFO - Yeni kullanıcı kaydı tamamlandı
[12/Sep/2026:16:02:35] ERROR - Beklenmeyen hata oluştu
    at com.ornek.servis.OdemeServisi.gonder(OdemeServisi.java:42)
    at com.ornek.controller.SiparisController.olustur(SiparisController.java:17)
    at java.base/java.lang.Thread.run(Thread.java:840)
[12/Sep/2026:16:02:36] INFO - Yeni kullanıcı kaydı tamamlandı
[12/Sep/2026:16:02:37] INFO - Rapor başarıyla oluşturuldu
[12/Sep/2026:16:02:38] INFO - Sipariş oluşturuldu
[12/Sep/2026:16:02:39] WARN - Disk kullanımı %75'i geçti
[12/Sep/2026:16:02:40] INFO - Kullanıcı girişi başarılı
[12/Sep/2026:16:02:41] INFO - Önbellek (cache) yenilendi
[12/Sep/2026:16:02:42] INFO - Yeni kullanıcı kaydı tamamlandı
[12/Sep/2026:16:02:43] WARN - Yanıt süresi beklenenden uzun sürdü
[12/Sep/2026:16:02:44] INFO - Yeni kullanıcı kaydı tamamlandı
[12/Sep/2026:16:02:45] INFO - Kullanıcı girişi başarılı
[12/Sep/2026:16:02:46] INFO - Rapor başarıyla oluşturuldu
[12/Sep/2026:16:02:47] WARN - Veritabanı bağlantı havuzu %80 dolulukta
[12/Sep/2026:16:02:48] WARN - Üçüncü parti servisten yavaş yanıt alındı
[12/Sep/2026:16:02:49] WARN - Üçüncü parti servisten yavaş yanıt alındı
[12/Sep/2026:16:02:50] INFO - Önbellek (cache) yenilendi
[12/Sep/2026:16:02:51] INFO - Sipariş oluşturuldu
[12/Sep/2026:16:02:52] ERROR - Kimlik doğrulama servisi yanıt vermedi
    at com.ornek.servis.OdemeServisi.gonder(OdemeServisi.java:42)
    at com.ornek.controller.SiparisController.olustur(SiparisController.java:17)
    at java.base/java.lang.Thread.run(Thread.java:840)
[12/Sep/2026:16:02:53] INFO - Kullanıcı girişi başarılı
[12/Sep/2026:16:02:54] ERROR - Stok güncellenirken hata oluştu
    at com.ornek.servis.OdemeServisi.gonder(OdemeServisi.java:42)
    at com.ornek.controller.SiparisController.olustur(SiparisController.java:17)
    at java.base/java.lang.Thread.run(Thread.java:840)
[12/Sep/2026:16:02:55] WARN - Disk kullanımı %75'i geçti
[12/Sep/2026:16:02:56] WARN - Veritabanı bağlantı havuzu %80 dolulukta
[12/Sep/2026:16:02:57] INFO - Sipariş oluşturuldu
[12/Sep/2026:16:02:58] INFO - Yeni kullanıcı kaydı tamamlandı
[12/Sep/2026:16:02:59] INFO - Kullanıcı girişi başarılı
[12/Sep/2026:16:03:00] INFO - Kullanıcı girişi başarılı
[12/Sep/2026:16:03:01] WARN - Yanıt süresi beklenenden uzun sürdü
[12/Sep/2026:16:03:02] INFO - Yeni kullanıcı kaydı tamamlandı
[12/Sep/2026:16:03:03] WARN - Yanıt süresi beklenenden uzun sürdü
[12/Sep/2026:16:03:04] INFO - Sipariş oluşturuldu
[12/Sep/2026:16:03:05] INFO - Sipariş oluşturuldu
[12/Sep/2026:16:03:06] INFO - Sipariş oluşturuldu
[12/Sep/2026:16:03:07] INFO - Önbellek (cache) yenilendi
[12/Sep/2026:16:03:08] WARN - Veritabanı bağlantı havuzu %80 dolulukta
[12/Sep/2026:16:03:09] INFO - Rapor başarıyla oluşturuldu
[12/Sep/2026:16:03:10] INFO - Rapor başarıyla oluşturuldu
[12/Sep/2026:16:03:11] ERROR - Beklenmeyen hata oluştu
    at com.ornek.servis.OdemeServisi.gonder(OdemeServisi.java:42)
    at com.ornek.controller.SiparisController.olustur(SiparisController.java:17)
    at java.base/java.lang.Thread.run(Thread.java:840)
[12/Sep/2026:16:03:12] INFO - Önbellek (cache) yenilendi
[12/Sep/2026:16:03:13] INFO - Yeni kullanıcı kaydı tamamlandı
[12/Sep/2026:16:03:14] INFO - Önbellek (cache) yenilendi
[12/Sep/2026:16:03:15] INFO - Yeni kullanıcı kaydı tamamlandı
[12/Sep/2026:16:03:16] INFO - Yeni kullanıcı kaydı tamamlandı
[12/Sep/2026:16:03:17] INFO - Kullanıcı girişi başarılı
[12/Sep/2026:16:03:18] WARN - Üçüncü parti servisten yavaş yanıt alındı
[12/Sep/2026:16:03:19] INFO - Kullanıcı girişi başarılı
[12/Sep/2026:16:03:20] INFO - Önbellek (cache) yenilendi
[12/Sep/2026:16:03:21] WARN - Disk kullanımı %75'i geçti
[12/Sep/2026:16:03:22] INFO - Sipariş oluşturuldu
[12/Sep/2026:16:03:23] WARN - Yanıt süresi beklenenden uzun sürdü
[12/Sep/2026:16:03:24] INFO - Sipariş oluşturuldu
[12/Sep/2026:16:03:25] INFO - Yeni kullanıcı kaydı tamamlandı
[12/Sep/2026:16:03:26] INFO - Sipariş oluşturuldu
[12/Sep/2026:16:03:27] WARN - Veritabanı bağlantı havuzu %80 dolulukta
[12/Sep/2026:16:03:28] WARN - Üçüncü parti servisten yavaş yanıt alındı
[12/Sep/2026:16:03:29] INFO - Önbellek (cache) yenilendi
[12/Sep/2026:16:03:30] INFO - Yeni kullanıcı kaydı tamamlandı
[12/Sep/2026:16:03:31] WARN - Veritabanı bağlantı havuzu %80 dolulukta
[12/Sep/2026:16:03:32] INFO - Önbellek (cache) yenilendi
[12/Sep/2026:16:03:33] INFO - Önbellek (cache) yenilendi
[12/Sep/2026:16:03:34] INFO - Sipariş oluşturuldu
[12/Sep/2026:16:03:35] INFO - Sipariş oluşturuldu
[12/Sep/2026:16:03:36] INFO - Sipariş oluşturuldu
[12/Sep/2026:16:03:37] INFO - Rapor başarıyla oluşturuldu
[12/Sep/2026:16:03:38] INFO - Kullanıcı girişi başarılı
[12/Sep/2026:16:03:39] INFO - Sipariş oluşturuldu
[12/Sep/2026:16:03:40] WARN - Yanıt süresi beklenenden uzun sürdü
[12/Sep/2026:16:03:41] ERROR - Beklenmeyen hata oluştu
    at com.ornek.servis.OdemeServisi.gonder(OdemeServisi.java:42)
    at com.ornek.controller.SiparisController.olustur(SiparisController.java:17)
    at java.base/java.lang.Thread.run(Thread.java:840)
[12/Sep/2026:16:03:42] INFO - Sipariş oluşturuldu
[12/Sep/2026:16:03:43] INFO - Sipariş oluşturuldu
[12/Sep/2026:16:03:44] INFO - Önbellek (cache) yenilendi
[12/Sep/2026:16:03:45] INFO - Sipariş oluşturuldu
[12/Sep/2026:16:03:46] INFO - Önbellek (cache) yenilendi
[12/Sep/2026:16:03:47] WARN - Veritabanı bağlantı havuzu %80 dolulukta
[12/Sep/2026:16:03:48] INFO - Rapor başarıyla oluşturuldu
[12/Sep/2026:16:03:49] WARN - Veritabanı bağlantı havuzu %80 dolulukta
[12/Sep/2026:16:03:50] WARN - Üçüncü parti servisten yavaş yanıt alındı
[12/Sep/2026:16:03:51] INFO - Önbellek (cache) yenilendi
[12/Sep/2026:16:03:52] ERROR - Veritabanına bağlanılamadı
    at com.ornek.servis.OdemeServisi.gonder(OdemeServisi.java:42)
    at com.ornek.controller.SiparisController.olustur(SiparisController.java:17)
    at java.base/java.lang.Thread.run(Thread.java:840)
[12/Sep/2026:16:03:53] INFO - Rapor başarıyla oluşturuldu
[12/Sep/2026:16:03:54] WARN - Yanıt süresi beklenenden uzun sürdü
[12/Sep/2026:16:03:55] INFO - Sipariş oluşturuldu
[12/Sep/2026:16:03:56] INFO - Sipariş oluşturuldu
[12/Sep/2026:16:03:57] INFO - Önbellek (cache) yenilendi
[12/Sep/2026:16:03:58] INFO - Yeni kullanıcı kaydı tamamlandı
[12/Sep/2026:16:03:59] ERROR - Beklenmeyen hata oluştu
    at com.ornek.servis.OdemeServisi.gonder(OdemeServisi.java:42)
    at com.ornek.controller.SiparisController.olustur(SiparisController.java:17)
    at java.base/java.lang.Thread.run(Thread.java:840)
[12/Sep/2026:16:04:00] INFO - Rapor başarıyla oluşturuldu
[12/Sep/2026:16:04:01] WARN - Disk kullanımı %75'i geçti
[12/Sep/2026:16:04:02] INFO - Rapor başarıyla oluşturuldu
[12/Sep/2026:16:04:03] WARN - Disk kullanımı %75'i geçti
[12/Sep/2026:16:04:04] WARN - Yanıt süresi beklenenden uzun sürdü
[12/Sep/2026:16:04:05] ERROR - Beklenmeyen hata oluştu
    at com.ornek.servis.OdemeServisi.gonder(OdemeServisi.java:42)
    at com.ornek.controller.SiparisController.olustur(SiparisController.java:17)
    at java.base/java.lang.Thread.run(Thread.java:840)
[12/Sep/2026:16:04:06] WARN - Yanıt süresi beklenenden uzun sürdü
[12/Sep/2026:16:04:07] INFO - Sipariş oluşturuldu
[12/Sep/2026:16:04:08] INFO - Kullanıcı girişi başarılı
[12/Sep/2026:16:04:09] INFO - Rapor başarıyla oluşturuldu
[12/Sep/2026:16:04:10] INFO - Sipariş oluşturuldu
[12/Sep/2026:16:04:11] INFO - Rapor başarıyla oluşturuldu
[12/Sep/2026:16:04:12] INFO - Yeni kullanıcı kaydı tamamlandı
[12/Sep/2026:16:04:13] INFO - Yeni kullanıcı kaydı tamamlandı
[12/Sep/2026:16:04:14] WARN - Disk kullanımı %75'i geçti
[12/Sep/2026:16:04:15] INFO - Rapor başarıyla oluşturuldu
[12/Sep/2026:16:04:16] INFO - Kullanıcı girişi başarılı
[12/Sep/2026:16:04:17] INFO - Yeni kullanıcı kaydı tamamlandı
[12/Sep/2026:16:04:18] INFO - Kullanıcı girişi başarılı
[12/Sep/2026:16:04:19] INFO - Kullanıcı girişi başarılı
[12/Sep/2026:16:04:20] INFO - Rapor başarıyla oluşturuldu
[12/Sep/2026:16:04:21] WARN - Yanıt süresi beklenenden uzun sürdü
[12/Sep/2026:16:04:22] INFO - Rapor başarıyla oluşturuldu
[12/Sep/2026:16:04:23] INFO - Sipariş oluşturuldu
[12/Sep/2026:16:04:24] INFO - Kullanıcı girişi başarılı
[12/Sep/2026:16:04:25] WARN - Disk kullanımı %75'i geçti
[12/Sep/2026:16:04:26] INFO - Rapor başarıyla oluşturuldu
[12/Sep/2026:16:04:27] ERROR - Veritabanına bağlanılamadı
    at com.ornek.servis.OdemeServisi.gonder(OdemeServisi.java:42)
    at com.ornek.controller.SiparisController.olustur(SiparisController.java:17)
    at java.base/java.lang.Thread.run(Thread.java:840)
[12/Sep/2026:16:04:28] INFO - Yeni kullanıcı kaydı tamamlandı
[12/Sep/2026:16:04:29] INFO - Sipariş oluşturuldu
[12/Sep/2026:16:04:30] INFO - Rapor başarıyla oluşturuldu
[12/Sep/2026:16:04:31] INFO - Kullanıcı girişi başarılı
[12/Sep/2026:16:04:32] INFO - Kullanıcı girişi başarılı
[12/Sep/2026:16:04:33] INFO - Yeni kullanıcı kaydı tamamlandı
[12/Sep/2026:16:04:34] INFO - Sipariş oluşturuldu
[12/Sep/2026:16:04:35] INFO - Rapor başarıyla oluşturuldu
[12/Sep/2026:16:04:36] INFO - Rapor başarıyla oluşturuldu
[12/Sep/2026:16:04:37] ERROR - Kimlik doğrulama servisi yanıt vermedi
    at com.ornek.servis.OdemeServisi.gonder(OdemeServisi.java:42)
    at com.ornek.controller.SiparisController.olustur(SiparisController.java:17)
    at java.base/java.lang.Thread.run(Thread.java:840)
[12/Sep/2026:16:04:38] INFO - Rapor başarıyla oluşturuldu
[12/Sep/2026:16:04:39] WARN - Yanıt süresi beklenenden uzun sürdü
[12/Sep/2026:16:04:40] INFO - Rapor başarıyla oluşturuldu
[12/Sep/2026:16:04:41] INFO - Sipariş oluşturuldu
[12/Sep/2026:16:04:42] INFO - Yeni kullanıcı kaydı tamamlandı
[12/Sep/2026:16:04:43] WARN - Yanıt süresi beklenenden uzun sürdü
[12/Sep/2026:16:04:44] INFO - Yeni kullanıcı kaydı tamamlandı
[12/Sep/2026:16:04:45] INFO - Önbellek (cache) yenilendi
[12/Sep/2026:16:04:46] WARN - Üçüncü parti servisten yavaş yanıt alındı
[12/Sep/2026:16:04:47] INFO - Rapor başarıyla oluşturuldu
[12/Sep/2026:16:04:48] INFO - Önbellek (cache) yenilendi
[12/Sep/2026:16:04:49] INFO - Kullanıcı girişi başarılı
[12/Sep/2026:16:04:50] INFO - Kullanıcı girişi başarılı
[12/Sep/2026:16:04:51] ERROR - Stok güncellenirken hata oluştu
    at com.ornek.servis.OdemeServisi.gonder(OdemeServisi.java:42)
    at com.ornek.controller.SiparisController.olustur(SiparisController.java:17)
    at java.base/java.lang.Thread.run(Thread.java:840)
[12/Sep/2026:16:04:52] INFO - Önbellek (cache) yenilendi
[12/Sep/2026:16:04:53] INFO - Sipariş oluşturuldu
[12/Sep/2026:16:04:54] INFO - Önbellek (cache) yenilendi
[12/Sep/2026:16:04:55] INFO - Önbellek (cache) yenilendi
[12/Sep/2026:16:04:56] INFO - Yeni kullanıcı kaydı tamamlandı
[12/Sep/2026:16:04:57] INFO - Rapor başarıyla oluşturuldu
[12/Sep/2026:16:04:58] INFO - Sipariş oluşturuldu
[12/Sep/2026:16:04:59] INFO - Rapor başarıyla oluşturuldu
[12/Sep/2026:16:05:00] INFO - Sipariş oluşturuldu
[12/Sep/2026:16:05:01] WARN - Veritabanı bağlantı havuzu %80 dolulukta
[12/Sep/2026:16:05:02] INFO - Kullanıcı girişi başarılı
[12/Sep/2026:16:05:03] INFO - Sipariş oluşturuldu
[12/Sep/2026:16:05:04] INFO - Sipariş oluşturuldu
[12/Sep/2026:16:05:05] INFO - Rapor başarıyla oluşturuldu
[12/Sep/2026:16:05:06] WARN - Veritabanı bağlantı havuzu %80 dolulukta
[12/Sep/2026:16:05:07] INFO - Yeni kullanıcı kaydı tamamlandı
[12/Sep/2026:16:05:08] INFO - Kullanıcı girişi başarılı
[12/Sep/2026:16:05:09] INFO - Kullanıcı girişi başarılı
[12/Sep/2026:16:05:10] ERROR - Beklenmeyen hata oluştu
    at com.ornek.servis.OdemeServisi.gonder(OdemeServisi.java:42)
    at com.ornek.controller.SiparisController.olustur(SiparisController.java:17)
    at java.base/java.lang.Thread.run(Thread.java:840)
[12/Sep/2026:16:05:11] ERROR - Ödeme servisi zaman aşımına uğradı
    at com.ornek.servis.OdemeServisi.gonder(OdemeServisi.java:42)
    at com.ornek.controller.SiparisController.olustur(SiparisController.java:17)
    at java.base/java.lang.Thread.run(Thread.java:840)
[12/Sep/2026:16:05:13] INFO - Önbellek (cache) yenilendi
[12/Sep/2026:16:05:14] INFO - Rapor başarıyla oluşturuldu
[12/Sep/2026:16:05:15] INFO - Rapor başarıyla oluşturuldu
[12/Sep/2026:16:05:16] INFO - Kullanıcı girişi başarılı
[12/Sep/2026:16:05:17] WARN - Üçüncü parti servisten yavaş yanıt alındı
[12/Sep/2026:16:05:18] INFO - Yeni kullanıcı kaydı tamamlandı
[12/Sep/2026:16:05:19] INFO - Kullanıcı girişi başarılı
[12/Sep/2026:16:05:20] ERROR - Kimlik doğrulama servisi yanıt vermedi
    at com.ornek.servis.OdemeServisi.gonder(OdemeServisi.java:42)
    at com.ornek.controller.SiparisController.olustur(SiparisController.java:17)
    at java.base/java.lang.Thread.run(Thread.java:840)
[12/Sep/2026:16:05:21] ERROR - Stok güncellenirken hata oluştu
    at com.ornek.servis.OdemeServisi.gonder(OdemeServisi.java:42)
    at com.ornek.controller.SiparisController.olustur(SiparisController.java:17)
    at java.base/java.lang.Thread.run(Thread.java:840)
[12/Sep/2026:16:05:22] INFO - Kullanıcı girişi başarılı
[12/Sep/2026:16:05:23] WARN - Yanıt süresi beklenenden uzun sürdü
[12/Sep/2026:16:05:24] WARN - Disk kullanımı %75'i geçti
[12/Sep/2026:16:05:25] ERROR - Stok güncellenirken hata oluştu
    at com.ornek.servis.OdemeServisi.gonder(OdemeServisi.java:42)
    at com.ornek.controller.SiparisController.olustur(SiparisController.java:17)
    at java.base/java.lang.Thread.run(Thread.java:840)
[12/Sep/2026:16:05:26] INFO - Sipariş oluşturuldu
[12/Sep/2026:16:05:27] INFO - Rapor başarıyla oluşturuldu
[12/Sep/2026:16:05:28] WARN - Üçüncü parti servisten yavaş yanıt alındı
[12/Sep/2026:16:05:29] INFO - Kullanıcı girişi başarılı
[12/Sep/2026:16:05:30] INFO - Rapor başarıyla oluşturuldu
[12/Sep/2026:16:05:31] INFO - Önbellek (cache) yenilendi
[12/Sep/2026:16:05:32] ERROR - Beklenmeyen hata oluştu
    at com.ornek.servis.OdemeServisi.gonder(OdemeServisi.java:42)
    at com.ornek.controller.SiparisController.olustur(SiparisController.java:17)
    at java.base/java.lang.Thread.run(Thread.java:840)
[12/Sep/2026:16:05:33] WARN - Disk kullanımı %75'i geçti
[12/Sep/2026:16:05:34] INFO - Yeni kullanıcı kaydı tamamlandı
[12/Sep/2026:16:05:35] INFO - Yeni kullanıcı kaydı tamamlandı
[12/Sep/2026:16:05:36] INFO - Yeni kullanıcı kaydı tamamlandı
[12/Sep/2026:16:05:37] INFO - Kullanıcı girişi başarılı
[12/Sep/2026:16:05:38] INFO - Yeni kullanıcı kaydı tamamlandı
[12/Sep/2026:16:05:39] INFO - Yeni kullanıcı kaydı tamamlandı
[12/Sep/2026:16:05:40] INFO - Rapor başarıyla oluşturuldu
[12/Sep/2026:16:05:41] INFO - Kullanıcı girişi başarılı
[12/Sep/2026:16:05:42] INFO - Önbellek (cache) yenilendi
[12/Sep/2026:16:05:43] INFO - Yeni kullanıcı kaydı tamamlandı
[12/Sep/2026:16:05:44] INFO - Rapor başarıyla oluşturuldu
[12/Sep/2026:16:05:45] INFO - Önbellek (cache) yenilendi
[12/Sep/2026:16:05:46] INFO - Yeni kullanıcı kaydı tamamlandı
[12/Sep/2026:16:05:47] WARN - Yanıt süresi beklenenden uzun sürdü
[12/Sep/2026:16:05:48] WARN - Disk kullanımı %75'i geçti
[12/Sep/2026:16:05:49] INFO - Kullanıcı girişi başarılı
[12/Sep/2026:16:05:50] INFO - Kullanıcı girişi başarılı
[12/Sep/2026:16:05:51] INFO - Kullanıcı girişi başarılı
[12/Sep/2026:16:05:52] INFO - Yeni kullanıcı kaydı tamamlandı
[12/Sep/2026:16:05:53] INFO - Sipariş oluşturuldu
[12/Sep/2026:16:05:54] INFO - Rapor başarıyla oluşturuldu
[12/Sep/2026:16:05:55] INFO - Önbellek (cache) yenilendi
[12/Sep/2026:16:05:56] WARN - Veritabanı bağlantı havuzu %80 dolulukta
[12/Sep/2026:16:05:57] INFO - Yeni kullanıcı kaydı tamamlandı
[12/Sep/2026:16:05:58] WARN - Disk kullanımı %75'i geçti
[12/Sep/2026:16:05:59] ERROR - Veritabanına bağlanılamadı
    at com.ornek.servis.OdemeServisi.gonder(OdemeServisi.java:42)
    at com.ornek.controller.SiparisController.olustur(SiparisController.java:17)
    at java.base/java.lang.Thread.run(Thread.java:840)
[12/Sep/2026:16:06:00] INFO - Sipariş oluşturuldu
[12/Sep/2026:16:06:01] INFO - Rapor başarıyla oluşturuldu
[12/Sep/2026:16:06:02] ERROR - Kimlik doğrulama servisi yanıt vermedi
    at com.ornek.servis.OdemeServisi.gonder(OdemeServisi.java:42)
    at com.ornek.controller.SiparisController.olustur(SiparisController.java:17)
    at java.base/java.lang.Thread.run(Thread.java:840)
[12/Sep/2026:16:06:03] INFO - Sipariş oluşturuldu
[12/Sep/2026:16:06:04] INFO - Yeni kullanıcı kaydı tamamlandı
[12/Sep/2026:16:06:05] INFO - Rapor başarıyla oluşturuldu
[12/Sep/2026:16:06:06] WARN - Yanıt süresi beklenenden uzun sürdü
[12/Sep/2026:16:06:07] INFO - Rapor başarıyla oluşturuldu
[12/Sep/2026:16:06:08] ERROR - Veritabanına bağlanılamadı
    at com.ornek.servis.OdemeServisi.gonder(OdemeServisi.java:42)
    at com.ornek.controller.SiparisController.olustur(SiparisController.java:17)
    at java.base/java.lang.Thread.run(Thread.java:840)
[12/Sep/2026:16:06:09] INFO - Önbellek (cache) yenilendi
[12/Sep/2026:16:06:10] INFO - Yeni kullanıcı kaydı tamamlandı
[12/Sep/2026:16:06:11] INFO - Kullanıcı girişi başarılı
[12/Sep/2026:16:06:12] INFO - Rapor başarıyla oluşturuldu
[12/Sep/2026:16:06:13] ERROR - Beklenmeyen hata oluştu
    at com.ornek.servis.OdemeServisi.gonder(OdemeServisi.java:42)
    at com.ornek.controller.SiparisController.olustur(SiparisController.java:17)
    at java.base/java.lang.Thread.run(Thread.java:840)
[12/Sep/2026:16:06:14] INFO - Yeni kullanıcı kaydı tamamlandı
[12/Sep/2026:16:06:15] INFO - Önbellek (cache) yenilendi
[12/Sep/2026:16:06:16] WARN - Disk kullanımı %75'i geçti
[12/Sep/2026:16:06:17] INFO - Önbellek (cache) yenilendi
[12/Sep/2026:16:06:18] WARN - Disk kullanımı %75'i geçti
[12/Sep/2026:16:06:19] INFO - Önbellek (cache) yenilendi
[12/Sep/2026:16:06:20] INFO - Önbellek (cache) yenilendi
[12/Sep/2026:16:06:21] INFO - Sipariş oluşturuldu
[12/Sep/2026:16:06:22] WARN - Veritabanı bağlantı havuzu %80 dolulukta
[12/Sep/2026:16:06:23] WARN - Üçüncü parti servisten yavaş yanıt alındı
[12/Sep/2026:16:06:24] INFO - Rapor başarıyla oluşturuldu
[12/Sep/2026:16:06:25] ERROR - Veritabanına bağlanılamadı
    at com.ornek.servis.OdemeServisi.gonder(OdemeServisi.java:42)
    at com.ornek.controller.SiparisController.olustur(SiparisController.java:17)
    at java.base/java.lang.Thread.run(Thread.java:840)
[12/Sep/2026:16:06:26] WARN - Yanıt süresi beklenenden uzun sürdü
[12/Sep/2026:16:06:27] INFO - Sipariş oluşturuldu
[12/Sep/2026:16:06:28] WARN - Veritabanı bağlantı havuzu %80 dolulukta
[12/Sep/2026:16:06:29] INFO - Sipariş oluşturuldu
[12/Sep/2026:16:06:30] INFO - Rapor başarıyla oluşturuldu
[12/Sep/2026:16:06:31] INFO - Kullanıcı girişi başarılı
[12/Sep/2026:16:06:32] INFO - Önbellek (cache) yenilendi
[12/Sep/2026:16:06:33] INFO - Yeni kullanıcı kaydı tamamlandı
[12/Sep/2026:16:06:34] INFO - Yeni kullanıcı kaydı tamamlandı
[12/Sep/2026:16:06:35] INFO - Rapor başarıyla oluşturuldu
[12/Sep/2026:16:06:36] INFO - Rapor başarıyla oluşturuldu
[12/Sep/2026:16:06:37] WARN - Yanıt süresi beklenenden uzun sürdü
[12/Sep/2026:16:06:38] INFO - Rapor başarıyla oluşturuldu
[12/Sep/2026:16:06:39] INFO - Kullanıcı girişi başarılı
[12/Sep/2026:16:06:40] INFO - Sipariş oluşturuldu
[12/Sep/2026:16:06:41] WARN - Yanıt süresi beklenenden uzun sürdü
[12/Sep/2026:16:06:42] INFO - Sipariş oluşturuldu
[12/Sep/2026:16:06:43] INFO - Kullanıcı girişi başarılı
[12/Sep/2026:16:06:44] INFO - Sipariş oluşturuldu
[12/Sep/2026:16:06:45] WARN - Veritabanı bağlantı havuzu %80 dolulukta
[12/Sep/2026:16:06:46] INFO - Önbellek (cache) yenilendi
[12/Sep/2026:16:06:47] INFO - Önbellek (cache) yenilendi
[12/Sep/2026:16:06:48] INFO - Önbellek (cache) yenilendi
[12/Sep/2026:16:06:49] WARN - Yanıt süresi beklenenden uzun sürdü
[12/Sep/2026:16:06:50] INFO - Kullanıcı girişi başarılı
[12/Sep/2026:16:06:51] INFO - Kullanıcı girişi başarılı
[12/Sep/2026:16:06:52] INFO - Rapor başarıyla oluşturuldu
[12/Sep/2026:16:06:53] ERROR - Ödeme servisi zaman aşımına uğradı
    at com.ornek.servis.OdemeServisi.gonder(OdemeServisi.java:42)
    at com.ornek.controller.SiparisController.olustur(SiparisController.java:17)
    at java.base/java.lang.Thread.run(Thread.java:840)
[12/Sep/2026:16:06:54] INFO - Önbellek (cache) yenilendi
[12/Sep/2026:16:06:55] INFO - Yeni kullanıcı kaydı tamamlandı
[12/Sep/2026:16:06:56] INFO - Yeni kullanıcı kaydı tamamlandı
[12/Sep/2026:16:06:57] INFO - Kullanıcı girişi başarılı
[12/Sep/2026:16:06:58] INFO - Önbellek (cache) yenilendi
[12/Sep/2026:16:06:59] INFO - Rapor başarıyla oluşturuldu
[12/Sep/2026:16:07:00] WARN - Disk kullanımı %75'i geçti
[12/Sep/2026:16:07:01] INFO - Yeni kullanıcı kaydı tamamlandı
[12/Sep/2026:16:07:02] INFO - Önbellek (cache) yenilendi
[12/Sep/2026:16:07:03] INFO - Kullanıcı girişi başarılı
[12/Sep/2026:16:07:04] WARN - Disk kullanımı %75'i geçti
[12/Sep/2026:16:07:05] INFO - Yeni kullanıcı kaydı tamamlandı
[12/Sep/2026:16:07:06] INFO - Sipariş oluşturuldu
[12/Sep/2026:16:07:07] INFO - Rapor başarıyla oluşturuldu
[12/Sep/2026:16:07:08] ERROR - Kimlik doğrulama servisi yanıt vermedi
    at com.ornek.servis.OdemeServisi.gonder(OdemeServisi.java:42)
    at com.ornek.controller.SiparisController.olustur(SiparisController.java:17)
    at java.base/java.lang.Thread.run(Thread.java:840)
[12/Sep/2026:16:07:09] INFO - Yeni kullanıcı kaydı tamamlandı
[12/Sep/2026:16:07:10] INFO - Rapor başarıyla oluşturuldu
[12/Sep/2026:16:07:11] WARN - Veritabanı bağlantı havuzu %80 dolulukta
[12/Sep/2026:16:07:12] INFO - Yeni kullanıcı kaydı tamamlandı
[12/Sep/2026:16:07:13] INFO - Yeni kullanıcı kaydı tamamlandı
[12/Sep/2026:16:07:14] INFO - Yeni kullanıcı kaydı tamamlandı
[12/Sep/2026:16:07:15] INFO - Kullanıcı girişi başarılı
[12/Sep/2026:16:07:16] ERROR - Beklenmeyen hata oluştu
    at com.ornek.servis.OdemeServisi.gonder(OdemeServisi.java:42)
    at com.ornek.controller.SiparisController.olustur(SiparisController.java:17)
    at java.base/java.lang.Thread.run(Thread.java:840)
[12/Sep/2026:16:07:17] WARN - Üçüncü parti servisten yavaş yanıt alındı
[12/Sep/2026:16:07:18] ERROR - Kimlik doğrulama servisi yanıt vermedi
    at com.ornek.servis.OdemeServisi.gonder(OdemeServisi.java:42)
    at com.ornek.controller.SiparisController.olustur(SiparisController.java:17)
    at java.base/java.lang.Thread.run(Thread.java:840)
[12/Sep/2026:16:07:19] WARN - Yanıt süresi beklenenden uzun sürdü
[12/Sep/2026:16:07:20] INFO - Önbellek (cache) yenilendi
[12/Sep/2026:16:07:21] INFO - Kullanıcı girişi başarılı
[12/Sep/2026:16:07:22] WARN - Disk kullanımı %75'i geçti
[12/Sep/2026:16:07:23] INFO - Rapor başarıyla oluşturuldu
[12/Sep/2026:16:07:24] INFO - Kullanıcı girişi başarılı
[12/Sep/2026:16:07:25] INFO - Sipariş oluşturuldu
[12/Sep/2026:16:07:26] INFO - Yeni kullanıcı kaydı tamamlandı
[12/Sep/2026:16:07:27] INFO - Yeni kullanıcı kaydı tamamlandı
[12/Sep/2026:16:07:28] INFO - Rapor başarıyla oluşturuldu
[12/Sep/2026:16:07:29] INFO - Önbellek (cache) yenilendi
[12/Sep/2026:16:07:30] INFO - Sipariş oluşturuldu
[12/Sep/2026:16:07:31] INFO - Rapor başarıyla oluşturuldu
[12/Sep/2026:16:07:32] WARN - Üçüncü parti servisten yavaş yanıt alındı
[12/Sep/2026:16:07:33] INFO - Yeni kullanıcı kaydı tamamlandı
[12/Sep/2026:16:07:34] INFO - Sipariş oluşturuldu
[12/Sep/2026:16:07:35] INFO - Rapor başarıyla oluşturuldu
[12/Sep/2026:16:07:36] WARN - Disk kullanımı %75'i geçti
[12/Sep/2026:16:07:37] INFO - Rapor başarıyla oluşturuldu
[12/Sep/2026:16:07:38] WARN - Disk kullanımı %75'i geçti
[12/Sep/2026:16:07:39] ERROR - Stok güncellenirken hata oluştu
    at com.ornek.servis.OdemeServisi.gonder(OdemeServisi.java:42)
    at com.ornek.controller.SiparisController.olustur(SiparisController.java:17)
    at java.base/java.lang.Thread.run(Thread.java:840)
[12/Sep/2026:16:07:40] INFO - Kullanıcı girişi başarılı
[12/Sep/2026:16:07:41] INFO - Yeni kullanıcı kaydı tamamlandı
[12/Sep/2026:16:07:42] WARN - Üçüncü parti servisten yavaş yanıt alındı
[12/Sep/2026:16:07:43] INFO - Önbellek (cache) yenilendi
[12/Sep/2026:16:07:44] INFO - Önbellek (cache) yenilendi
[12/Sep/2026:16:07:45] INFO - Rapor başarıyla oluşturuldu
[12/Sep/2026:16:07:46] WARN - Yanıt süresi beklenenden uzun sürdü
[12/Sep/2026:16:07:47] INFO - Yeni kullanıcı kaydı tamamlandı
[12/Sep/2026:16:07:48] WARN - Disk kullanımı %75'i geçti
[12/Sep/2026:16:07:49] INFO - Önbellek (cache) yenilendi
[12/Sep/2026:16:07:50] INFO - Rapor başarıyla oluşturuldu
[12/Sep/2026:16:07:51] INFO - Sipariş oluşturuldu
[12/Sep/2026:16:07:52] INFO - Önbellek (cache) yenilendi
[12/Sep/2026:16:07:54] ERROR - Kimlik doğrulama servisi yanıt vermedi
    at com.ornek.servis.OdemeServisi.gonder(OdemeServisi.java:42)
    at com.ornek.controller.SiparisController.olustur(SiparisController.java:17)
    at java.base/java.lang.Thread.run(Thread.java:840)
[12/Sep/2026:16:07:55] INFO - Kullanıcı girişi başarılı
[12/Sep/2026:16:07:56] INFO - Önbellek (cache) yenilendi
[12/Sep/2026:16:07:57] INFO - Yeni kullanıcı kaydı tamamlandı
[12/Sep/2026:16:07:58] WARN - Üçüncü parti servisten yavaş yanıt alındı
[12/Sep/2026:16:07:59] INFO - Rapor başarıyla oluşturuldu
[12/Sep/2026:16:08:00] WARN - Üçüncü parti servisten yavaş yanıt alındı
[12/Sep/2026:16:08:01] ERROR - Ödeme servisi zaman aşımına uğradı
    at com.ornek.servis.OdemeServisi.gonder(OdemeServisi.java:42)
    at com.ornek.controller.SiparisController.olustur(SiparisController.java:17)
    at java.base/java.lang.Thread.run(Thread.java:840)
[12/Sep/2026:16:08:02] INFO - Sipariş oluşturuldu
[12/Sep/2026:16:08:03] WARN - Veritabanı bağlantı havuzu %80 dolulukta
[12/Sep/2026:16:08:04] ERROR - Veritabanına bağlanılamadı
    at com.ornek.servis.OdemeServisi.gonder(OdemeServisi.java:42)
    at com.ornek.controller.SiparisController.olustur(SiparisController.java:17)
    at java.base/java.lang.Thread.run(Thread.java:840)
[12/Sep/2026:16:08:05] INFO - Sipariş oluşturuldu
[12/Sep/2026:16:08:06] INFO - Yeni kullanıcı kaydı tamamlandı
[12/Sep/2026:16:08:07] INFO - Rapor başarıyla oluşturuldu
[12/Sep/2026:16:08:08] INFO - Önbellek (cache) yenilendi
[12/Sep/2026:16:08:09] WARN - Üçüncü parti servisten yavaş yanıt alındı
[12/Sep/2026:16:08:10] WARN - Veritabanı bağlantı havuzu %80 dolulukta
[12/Sep/2026:16:08:11] ERROR - Stok güncellenirken hata oluştu
    at com.ornek.servis.OdemeServisi.gonder(OdemeServisi.java:42)
    at com.ornek.controller.SiparisController.olustur(SiparisController.java:17)
    at java.base/java.lang.Thread.run(Thread.java:840)
[12/Sep/2026:16:08:12] INFO - Kullanıcı girişi başarılı
[12/Sep/2026:16:08:13] INFO - Rapor başarıyla oluşturuldu
[12/Sep/2026:16:08:14] ERROR - Stok güncellenirken hata oluştu
    at com.ornek.servis.OdemeServisi.gonder(OdemeServisi.java:42)
    at com.ornek.controller.SiparisController.olustur(SiparisController.java:17)
    at java.base/java.lang.Thread.run(Thread.java:840)
[12/Sep/2026:16:08:15] INFO - Rapor başarıyla oluşturuldu
[12/Sep/2026:16:08:16] WARN - Disk kullanımı %75'i geçti
[12/Sep/2026:16:08:17] INFO - Kullanıcı girişi başarılı
[12/Sep/2026:16:08:18] INFO - Rapor başarıyla oluşturuldu
[12/Sep/2026:16:08:19] INFO - Sipariş oluşturuldu
[12/Sep/2026:16:08:20] INFO - Önbellek (cache) yenilendi
[12/Sep/2026:16:08:21] INFO - Önbellek (cache) yenilendi
[12/Sep/2026:16:08:22] ERROR - Ödeme servisi zaman aşımına uğradı
    at com.ornek.servis.OdemeServisi.gonder(OdemeServisi.java:42)
    at com.ornek.controller.SiparisController.olustur(SiparisController.java:17)
    at java.base/java.lang.Thread.run(Thread.java:840)
[12/Sep/2026:16:08:23] WARN - Disk kullanımı %75'i geçti
[12/Sep/2026:16:08:24] INFO - Önbellek (cache) yenilendi
[12/Sep/2026:16:08:25] INFO - Önbellek (cache) yenilendi
[12/Sep/2026:16:08:26] ERROR - Ödeme servisi zaman aşımına uğradı
    at com.ornek.servis.OdemeServisi.gonder(OdemeServisi.java:42)
    at com.ornek.controller.SiparisController.olustur(SiparisController.java:17)
    at java.base/java.lang.Thread.run(Thread.java:840)
[12/Sep/2026:16:08:27] ERROR - Beklenmeyen hata oluştu
    at com.ornek.servis.OdemeServisi.gonder(OdemeServisi.java:42)
    at com.ornek.controller.SiparisController.olustur(SiparisController.java:17)
    at java.base/java.lang.Thread.run(Thread.java:840)
[12/Sep/2026:16:08:28] ERROR - Kimlik doğrulama servisi yanıt vermedi
    at com.ornek.servis.OdemeServisi.gonder(OdemeServisi.java:42)
    at com.ornek.controller.SiparisController.olustur(SiparisController.java:17)
    at java.base/java.lang.Thread.run(Thread.java:840)
[12/Sep/2026:16:08:29] ERROR - Kimlik doğrulama servisi yanıt vermedi
    at com.ornek.servis.OdemeServisi.gonder(OdemeServisi.java:42)
    at com.ornek.controller.SiparisController.olustur(SiparisController.java:17)
    at java.base/java.lang.Thread.run(Thread.java:840)
[12/Sep/2026:16:08:30] ERROR - Ödeme servisi zaman aşımına uğradı
    at com.ornek.servis.OdemeServisi.gonder(OdemeServisi.java:42)
    at com.ornek.controller.SiparisController.olustur(SiparisController.java:17)
    at java.base/java.lang.Thread.run(Thread.java:840)
[12/Sep/2026:16:08:31] INFO - Yeni kullanıcı kaydı tamamlandı
[12/Sep/2026:16:08:32] INFO - Önbellek (cache) yenilendi
[12/Sep/2026:16:08:33] INFO - Sipariş oluşturuldu
[12/Sep/2026:16:08:34] INFO - Kullanıcı girişi başarılı
[12/Sep/2026:16:08:35] INFO - Sipariş oluşturuldu
[12/Sep/2026:16:08:36] ERROR - Stok güncellenirken hata oluştu
    at com.ornek.servis.OdemeServisi.gonder(OdemeServisi.java:42)
    at com.ornek.controller.SiparisController.olustur(SiparisController.java:17)
    at java.base/java.lang.Thread.run(Thread.java:840)
[12/Sep/2026:16:08:37] INFO - Sipariş oluşturuldu
[12/Sep/2026:16:08:38] WARN - Yanıt süresi beklenenden uzun sürdü
[12/Sep/2026:16:08:39] INFO - Kullanıcı girişi başarılı
[12/Sep/2026:16:08:40] ERROR - Ödeme servisi zaman aşımına uğradı
    at com.ornek.servis.OdemeServisi.gonder(OdemeServisi.java:42)
    at com.ornek.controller.SiparisController.olustur(SiparisController.java:17)
    at java.base/java.lang.Thread.run(Thread.java:840)
[12/Sep/2026:16:08:41] INFO - Kullanıcı girişi başarılı
[12/Sep/2026:16:08:42] WARN - Üçüncü parti servisten yavaş yanıt alındı
[12/Sep/2026:16:08:43] INFO - Önbellek (cache) yenilendi
[12/Sep/2026:16:08:44] INFO - Yeni kullanıcı kaydı tamamlandı
[12/Sep/2026:16:08:45] INFO - Yeni kullanıcı kaydı tamamlandı
[12/Sep/2026:16:08:46] WARN - Disk kullanımı %75'i geçti
[12/Sep/2026:16:08:47] INFO - Önbellek (cache) yenilendi
[12/Sep/2026:16:08:48] INFO - Kullanıcı girişi başarılı
[12/Sep/2026:16:08:49] WARN - Üçüncü parti servisten yavaş yanıt alındı
[12/Sep/2026:16:08:50] INFO - Kullanıcı girişi başarılı
[12/Sep/2026:16:08:51] ERROR - Kimlik doğrulama servisi yanıt vermedi
    at com.ornek.servis.OdemeServisi.gonder(OdemeServisi.java:42)
    at com.ornek.controller.SiparisController.olustur(SiparisController.java:17)
    at java.base/java.lang.Thread.run(Thread.java:840)
[12/Sep/2026:16:08:52] INFO - Rapor başarıyla oluşturuldu
[12/Sep/2026:16:08:53] INFO - Rapor başarıyla oluşturuldu
[12/Sep/2026:16:08:54] INFO - Kullanıcı girişi başarılı
[12/Sep/2026:16:08:55] WARN - Üçüncü parti servisten yavaş yanıt alındı
[12/Sep/2026:16:08:56] INFO - Yeni kullanıcı kaydı tamamlandı
[12/Sep/2026:16:08:57] INFO - Yeni kullanıcı kaydı tamamlandı
[12/Sep/2026:16:08:58] INFO - Rapor başarıyla oluşturuldu
[12/Sep/2026:16:08:59] INFO - Yeni kullanıcı kaydı tamamlandı
[12/Sep/2026:16:09:00] INFO - Rapor başarıyla oluşturuldu
[12/Sep/2026:16:09:01] WARN - Yanıt süresi beklenenden uzun sürdü
[12/Sep/2026:16:09:02] INFO - Sipariş oluşturuldu
[12/Sep/2026:16:09:03] WARN - Disk kullanımı %75'i geçti
[12/Sep/2026:16:09:04] WARN - Veritabanı bağlantı havuzu %80 dolulukta
[12/Sep/2026:16:09:05] INFO - Yeni kullanıcı kaydı tamamlandı
[12/Sep/2026:16:09:06] INFO - Önbellek (cache) yenilendi
[12/Sep/2026:16:09:07] INFO - Kullanıcı girişi başarılı
[12/Sep/2026:16:09:08] INFO - Sipariş oluşturuldu
[12/Sep/2026:16:09:09] WARN - Üçüncü parti servisten yavaş yanıt alındı
[12/Sep/2026:16:09:10] WARN - Yanıt süresi beklenenden uzun sürdü
[12/Sep/2026:16:09:11] INFO - Kullanıcı girişi başarılı
[12/Sep/2026:16:09:12] WARN - Yanıt süresi beklenenden uzun sürdü
[12/Sep/2026:16:09:13] INFO - Rapor başarıyla oluşturuldu
[12/Sep/2026:16:09:14] INFO - Rapor başarıyla oluşturuldu
[12/Sep/2026:16:09:15] INFO - Yeni kullanıcı kaydı tamamlandı
[12/Sep/2026:16:09:16] WARN - Veritabanı bağlantı havuzu %80 dolulukta
[12/Sep/2026:16:09:17] INFO - Rapor başarıyla oluşturuldu
[12/Sep/2026:16:09:18] INFO - Kullanıcı girişi başarılı
[12/Sep/2026:16:09:19] INFO - Rapor başarıyla oluşturuldu
[12/Sep/2026:16:09:20] INFO - Kullanıcı girişi başarılı
[12/Sep/2026:16:09:21] INFO - Yeni kullanıcı kaydı tamamlandı
[12/Sep/2026:16:09:22] WARN - Veritabanı bağlantı havuzu %80 dolulukta
[12/Sep/2026:16:09:23] WARN - Üçüncü parti servisten yavaş yanıt alındı
[12/Sep/2026:16:09:24] INFO - Sipariş oluşturuldu
[12/Sep/2026:16:09:25] ERROR - Beklenmeyen hata oluştu
    at com.ornek.servis.OdemeServisi.gonder(OdemeServisi.java:42)
    at com.ornek.controller.SiparisController.olustur(SiparisController.java:17)
    at java.base/java.lang.Thread.run(Thread.java:840)
[12/Sep/2026:16:09:26] INFO - Kullanıcı girişi başarılı
[12/Sep/2026:16:09:27] WARN - Üçüncü parti servisten yavaş yanıt alındı
[12/Sep/2026:16:09:28] INFO - Önbellek (cache) yenilendi
[12/Sep/2026:16:09:29] ERROR - Ödeme servisi zaman aşımına uğradı
    at com.ornek.servis.OdemeServisi.gonder(OdemeServisi.java:42)
    at com.ornek.controller.SiparisController.olustur(SiparisController.java:17)
    at java.base/java.lang.Thread.run(Thread.java:840)
[12/Sep/2026:16:09:30] WARN - Üçüncü parti servisten yavaş yanıt alındı
[12/Sep/2026:16:09:31] INFO - Kullanıcı girişi başarılı
[12/Sep/2026:16:09:32] INFO - Yeni kullanıcı kaydı tamamlandı
[12/Sep/2026:16:09:33] ERROR - Kimlik doğrulama servisi yanıt vermedi
    at com.ornek.servis.OdemeServisi.gonder(OdemeServisi.java:42)
    at com.ornek.controller.SiparisController.olustur(SiparisController.java:17)
    at java.base/java.lang.Thread.run(Thread.java:840)
[12/Sep/2026:16:09:34] INFO - Rapor başarıyla oluşturuldu
[12/Sep/2026:16:09:35] INFO - Rapor başarıyla oluşturuldu
[12/Sep/2026:16:09:36] INFO - Kullanıcı girişi başarılı
[12/Sep/2026:16:09:37] INFO - Rapor başarıyla oluşturuldu
[12/Sep/2026:16:09:38] WARN - Yanıt süresi beklenenden uzun sürdü
[12/Sep/2026:16:09:39] INFO - Önbellek (cache) yenilendi
[12/Sep/2026:16:09:40] INFO - Kullanıcı girişi başarılı
[12/Sep/2026:16:09:41] INFO - Önbellek (cache) yenilendi
[12/Sep/2026:16:09:42] INFO - Rapor başarıyla oluşturuldu
[12/Sep/2026:16:09:43] INFO - Önbellek (cache) yenilendi
[12/Sep/2026:16:09:44] INFO - Kullanıcı girişi başarılı
[12/Sep/2026:16:09:45] INFO - Önbellek (cache) yenilendi
[12/Sep/2026:16:09:46] INFO - Yeni kullanıcı kaydı tamamlandı
[12/Sep/2026:16:09:47] INFO - Yeni kullanıcı kaydı tamamlandı
[12/Sep/2026:16:09:48] INFO - Kullanıcı girişi başarılı
[12/Sep/2026:16:09:49] WARN - Disk kullanımı %75'i geçti
[12/Sep/2026:16:09:50] ERROR - Veritabanına bağlanılamadı
    at com.ornek.servis.OdemeServisi.gonder(OdemeServisi.java:42)
    at com.ornek.controller.SiparisController.olustur(SiparisController.java:17)
    at java.base/java.lang.Thread.run(Thread.java:840)
[12/Sep/2026:16:09:51] INFO - Rapor başarıyla oluşturuldu
[12/Sep/2026:16:09:52] INFO - Sipariş oluşturuldu
[12/Sep/2026:16:09:53] INFO - Sipariş oluşturuldu
[12/Sep/2026:16:09:54] INFO - Kullanıcı girişi başarılı
[12/Sep/2026:16:09:55] INFO - Önbellek (cache) yenilendi
[12/Sep/2026:16:09:56] INFO - Kullanıcı girişi başarılı
[12/Sep/2026:16:09:57] INFO - Önbellek (cache) yenilendi
[12/Sep/2026:16:09:58] WARN - Yanıt süresi beklenenden uzun sürdü
[12/Sep/2026:16:09:59] INFO - Sipariş oluşturuldu
[12/Sep/2026:16:10:00] INFO - Yeni kullanıcı kaydı tamamlandı
[12/Sep/2026:16:10:01] INFO - Kullanıcı girişi başarılı
[12/Sep/2026:16:10:02] WARN - Yanıt süresi beklenenden uzun sürdü
[12/Sep/2026:16:10:03] WARN - Veritabanı bağlantı havuzu %80 dolulukta
[12/Sep/2026:16:10:04] INFO - Yeni kullanıcı kaydı tamamlandı
[12/Sep/2026:16:10:05] INFO - Yeni kullanıcı kaydı tamamlandı
[12/Sep/2026:16:10:06] INFO - Önbellek (cache) yenilendi
[12/Sep/2026:16:10:07] WARN - Yanıt süresi beklenenden uzun sürdü
[12/Sep/2026:16:10:08] ERROR - Stok güncellenirken hata oluştu
    at com.ornek.servis.OdemeServisi.gonder(OdemeServisi.java:42)
    at com.ornek.controller.SiparisController.olustur(SiparisController.java:17)
    at java.base/java.lang.Thread.run(Thread.java:840)
[12/Sep/2026:16:10:09] INFO - Rapor başarıyla oluşturuldu
[12/Sep/2026:16:10:10] INFO - Sipariş oluşturuldu
[12/Sep/2026:16:10:11] ERROR - Stok güncellenirken hata oluştu
    at com.ornek.servis.OdemeServisi.gonder(OdemeServisi.java:42)
    at com.ornek.controller.SiparisController.olustur(SiparisController.java:17)
    at java.base/java.lang.Thread.run(Thread.java:840)
[12/Sep/2026:16:10:12] ERROR - Veritabanına bağlanılamadı
    at com.ornek.servis.OdemeServisi.gonder(OdemeServisi.java:42)
    at com.ornek.controller.SiparisController.olustur(SiparisController.java:17)
    at java.base/java.lang.Thread.run(Thread.java:840)
[12/Sep/2026:16:10:13] ERROR - Beklenmeyen hata oluştu
    at com.ornek.servis.OdemeServisi.gonder(OdemeServisi.java:42)
    at com.ornek.controller.SiparisController.olustur(SiparisController.java:17)
    at java.base/java.lang.Thread.run(Thread.java:840)
[12/Sep/2026:16:10:14] INFO - Rapor başarıyla oluşturuldu
[12/Sep/2026:16:10:15] INFO - Önbellek (cache) yenilendi
[12/Sep/2026:16:10:16] INFO - Rapor başarıyla oluşturuldu
[12/Sep/2026:16:10:17] INFO - Kullanıcı girişi başarılı
[12/Sep/2026:16:10:18] INFO - Yeni kullanıcı kaydı tamamlandı
[12/Sep/2026:16:10:19] INFO - Kullanıcı girişi başarılı
[12/Sep/2026:16:10:20] WARN - Üçüncü parti servisten yavaş yanıt alındı
[12/Sep/2026:16:10:21] WARN - Disk kullanımı %75'i geçti
[12/Sep/2026:16:10:22] INFO - Yeni kullanıcı kaydı tamamlandı
[12/Sep/2026:16:10:23] ERROR - Veritabanına bağlanılamadı
    at com.ornek.servis.OdemeServisi.gonder(OdemeServisi.java:42)
    at com.ornek.controller.SiparisController.olustur(SiparisController.java:17)
    at java.base/java.lang.Thread.run(Thread.java:840)
[12/Sep/2026:16:10:24] INFO - Sipariş oluşturuldu
[12/Sep/2026:16:10:25] INFO - Sipariş oluşturuldu
[12/Sep/2026:16:10:26] INFO - Önbellek (cache) yenilendi
[12/Sep/2026:16:10:27] INFO - Sipariş oluşturuldu
[12/Sep/2026:16:10:28] ERROR - Beklenmeyen hata oluştu
    at com.ornek.servis.OdemeServisi.gonder(OdemeServisi.java:42)
    at com.ornek.controller.SiparisController.olustur(SiparisController.java:17)
    at java.base/java.lang.Thread.run(Thread.java:840)
[12/Sep/2026:16:10:29] INFO - Kullanıcı girişi başarılı
[12/Sep/2026:16:10:30] WARN - Disk kullanımı %75'i geçti
[12/Sep/2026:16:10:31] INFO - Rapor başarıyla oluşturuldu
[12/Sep/2026:16:10:32] INFO - Sipariş oluşturuldu
[12/Sep/2026:16:10:33] INFO - Sipariş oluşturuldu
[12/Sep/2026:16:10:34] INFO - Rapor başarıyla oluşturuldu
[12/Sep/2026:16:10:35] INFO - Rapor başarıyla oluşturuldu
[12/Sep/2026:16:10:36] INFO - Yeni kullanıcı kaydı tamamlandı
[12/Sep/2026:16:10:37] INFO - Kullanıcı girişi başarılı
[12/Sep/2026:16:10:38] INFO - Sipariş oluşturuldu
[12/Sep/2026:16:10:39] WARN - Yanıt süresi beklenenden uzun sürdü
[12/Sep/2026:16:10:40] INFO - Yeni kullanıcı kaydı tamamlandı
[12/Sep/2026:16:10:41] INFO - Önbellek (cache) yenilendi
[12/Sep/2026:16:10:42] INFO - Kullanıcı girişi başarılı
[12/Sep/2026:16:10:43] WARN - Üçüncü parti servisten yavaş yanıt alındı
[12/Sep/2026:16:10:44] INFO - Yeni kullanıcı kaydı tamamlandı
[12/Sep/2026:16:10:45] INFO - Önbellek (cache) yenilendi
[12/Sep/2026:16:10:46] INFO - Sipariş oluşturuldu
[12/Sep/2026:16:10:47] WARN - Disk kullanımı %75'i geçti
[12/Sep/2026:16:10:48] INFO - Kullanıcı girişi başarılı
[12/Sep/2026:16:10:49] INFO - Yeni kullanıcı kaydı tamamlandı
[12/Sep/2026:16:10:50] WARN - Üçüncü parti servisten yavaş yanıt alındı
[12/Sep/2026:16:10:51] INFO - Rapor başarıyla oluşturuldu
[12/Sep/2026:16:10:52] INFO - Yeni kullanıcı kaydı tamamlandı
[12/Sep/2026:16:10:53] WARN - Veritabanı bağlantı havuzu %80 dolulukta
[12/Sep/2026:16:10:54] INFO - Kullanıcı girişi başarılı
[12/Sep/2026:16:10:55] WARN - Veritabanı bağlantı havuzu %80 dolulukta
[12/Sep/2026:16:10:56] WARN - Üçüncü parti servisten yavaş yanıt alındı
[12/Sep/2026:16:10:57] WARN - Üçüncü parti servisten yavaş yanıt alındı
[12/Sep/2026:16:10:58] INFO - Rapor başarıyla oluşturuldu
[12/Sep/2026:16:10:59] INFO - Önbellek (cache) yenilendi
[12/Sep/2026:16:11:00] INFO - Kullanıcı girişi başarılı
[12/Sep/2026:16:11:01] ERROR - Kimlik doğrulama servisi yanıt vermedi
    at com.ornek.servis.OdemeServisi.gonder(OdemeServisi.java:42)
    at com.ornek.controller.SiparisController.olustur(SiparisController.java:17)
    at java.base/java.lang.Thread.run(Thread.java:840)
[12/Sep/2026:16:11:02] INFO - Önbellek (cache) yenilendi
[12/Sep/2026:16:11:03] INFO - Sipariş oluşturuldu
[12/Sep/2026:16:11:04] INFO - Sipariş oluşturuldu
[12/Sep/2026:16:11:05] INFO - Sipariş oluşturuldu
[12/Sep/2026:16:11:06] INFO - Yeni kullanıcı kaydı tamamlandı
[12/Sep/2026:16:11:07] INFO - Rapor başarıyla oluşturuldu
[12/Sep/2026:16:11:08] INFO - Rapor başarıyla oluşturuldu
[12/Sep/2026:16:11:09] INFO - Yeni kullanıcı kaydı tamamlandı
[12/Sep/2026:16:11:10] INFO - Rapor başarıyla oluşturuldu
[12/Sep/2026:16:11:11] INFO - Sipariş oluşturuldu
[12/Sep/2026:16:11:12] WARN - Veritabanı bağlantı havuzu %80 dolulukta
[12/Sep/2026:16:11:13] INFO - Yeni kullanıcı kaydı tamamlandı
[12/Sep/2026:16:11:14] INFO - Yeni kullanıcı kaydı tamamlandı
[12/Sep/2026:16:11:15] INFO - Önbellek (cache) yenilendi
[12/Sep/2026:16:11:16] INFO - Yeni kullanıcı kaydı tamamlandı
[12/Sep/2026:16:11:17] INFO - Yeni kullanıcı kaydı tamamlandı
[12/Sep/2026:16:11:18] WARN - Yanıt süresi beklenenden uzun sürdü
[12/Sep/2026:16:11:19] INFO - Önbellek (cache) yenilendi
[12/Sep/2026:16:11:20] INFO - Sipariş oluşturuldu
[12/Sep/2026:16:11:21] WARN - Yanıt süresi beklenenden uzun sürdü
[12/Sep/2026:16:11:22] INFO - Sipariş oluşturuldu
[12/Sep/2026:16:11:23] ERROR - Veritabanına bağlanılamadı
    at com.ornek.servis.OdemeServisi.gonder(OdemeServisi.java:42)
    at com.ornek.controller.SiparisController.olustur(SiparisController.java:17)
    at java.base/java.lang.Thread.run(Thread.java:840)
[12/Sep/2026:16:11:24] INFO - Önbellek (cache) yenilendi
[12/Sep/2026:16:11:25] INFO - Rapor başarıyla oluşturuldu
[12/Sep/2026:16:11:26] INFO - Sipariş oluşturuldu
[12/Sep/2026:16:11:27] WARN - Yanıt süresi beklenenden uzun sürdü
[12/Sep/2026:16:11:28] INFO - Önbellek (cache) yenilendi
[12/Sep/2026:16:11:29] INFO - Rapor başarıyla oluşturuldu
[12/Sep/2026:16:11:30] INFO - Yeni kullanıcı kaydı tamamlandı
[12/Sep/2026:16:11:31] INFO - Sipariş oluşturuldu
[12/Sep/2026:16:11:32] INFO - Sipariş oluşturuldu
[12/Sep/2026:16:11:33] INFO - Kullanıcı girişi başarılı
[12/Sep/2026:16:11:34] INFO - Önbellek (cache) yenilendi
[12/Sep/2026:16:11:35] INFO - Kullanıcı girişi başarılı
[12/Sep/2026:16:11:36] ERROR - Beklenmeyen hata oluştu
    at com.ornek.servis.OdemeServisi.gonder(OdemeServisi.java:42)
    at com.ornek.controller.SiparisController.olustur(SiparisController.java:17)
    at java.base/java.lang.Thread.run(Thread.java:840)
[12/Sep/2026:16:11:37] INFO - Yeni kullanıcı kaydı tamamlandı
[12/Sep/2026:16:11:38] INFO - Yeni kullanıcı kaydı tamamlandı
[12/Sep/2026:16:11:39] INFO - Yeni kullanıcı kaydı tamamlandı
[12/Sep/2026:16:11:40] WARN - Veritabanı bağlantı havuzu %80 dolulukta
[12/Sep/2026:16:11:41] INFO - Yeni kullanıcı kaydı tamamlandı
[12/Sep/2026:16:11:42] INFO - Önbellek (cache) yenilendi
[12/Sep/2026:16:11:43] INFO - Yeni kullanıcı kaydı tamamlandı
[12/Sep/2026:16:11:44] INFO - Önbellek (cache) yenilendi
[12/Sep/2026:16:11:45] INFO - Kullanıcı girişi başarılı
[12/Sep/2026:16:11:46] INFO - Önbellek (cache) yenilendi
[12/Sep/2026:16:11:47] INFO - Rapor başarıyla oluşturuldu
[12/Sep/2026:16:11:48] INFO - Yeni kullanıcı kaydı tamamlandı
[12/Sep/2026:16:11:49] ERROR - Stok güncellenirken hata oluştu
    at com.ornek.servis.OdemeServisi.gonder(OdemeServisi.java:42)
    at com.ornek.controller.SiparisController.olustur(SiparisController.java:17)
    at java.base/java.lang.Thread.run(Thread.java:840)
[12/Sep/2026:16:11:50] INFO - Önbellek (cache) yenilendi
[12/Sep/2026:16:11:51] INFO - Sipariş oluşturuldu
[12/Sep/2026:16:11:52] ERROR - Veritabanına bağlanılamadı
    at com.ornek.servis.OdemeServisi.gonder(OdemeServisi.java:42)
    at com.ornek.controller.SiparisController.olustur(SiparisController.java:17)
    at java.base/java.lang.Thread.run(Thread.java:840)
[12/Sep/2026:16:11:53] WARN - Veritabanı bağlantı havuzu %80 dolulukta
[12/Sep/2026:16:11:54] INFO - Yeni kullanıcı kaydı tamamlandı
[12/Sep/2026:16:11:55] WARN - Disk kullanımı %75'i geçti
[12/Sep/2026:16:11:56] ERROR - Kimlik doğrulama servisi yanıt vermedi
    at com.ornek.servis.OdemeServisi.gonder(OdemeServisi.java:42)
    at com.ornek.controller.SiparisController.olustur(SiparisController.java:17)
    at java.base/java.lang.Thread.run(Thread.java:840)
[12/Sep/2026:16:11:57] WARN - Veritabanı bağlantı havuzu %80 dolulukta
[12/Sep/2026:16:11:58] INFO - Sipariş oluşturuldu
[12/Sep/2026:16:11:59] INFO - Rapor başarıyla oluşturuldu
[12/Sep/2026:16:12:00] INFO - Kullanıcı girişi başarılı
[12/Sep/2026:16:12:01] INFO - Önbellek (cache) yenilendi
[12/Sep/2026:16:12:02] WARN - Yanıt süresi beklenenden uzun sürdü
[12/Sep/2026:16:12:03] INFO - Yeni kullanıcı kaydı tamamlandı
[12/Sep/2026:16:12:04] INFO - Yeni kullanıcı kaydı tamamlandı
[12/Sep/2026:16:12:05] INFO - Yeni kullanıcı kaydı tamamlandı
[12/Sep/2026:16:12:06] INFO - Yeni kullanıcı kaydı tamamlandı
[12/Sep/2026:16:12:07] INFO - Yeni kullanıcı kaydı tamamlandı
[12/Sep/2026:16:12:08] WARN - Veritabanı bağlantı havuzu %80 dolulukta
[12/Sep/2026:16:12:09] INFO - Rapor başarıyla oluşturuldu
[12/Sep/2026:16:12:10] INFO - Önbellek (cache) yenilendi
[12/Sep/2026:16:12:11] INFO - Sipariş oluşturuldu
[12/Sep/2026:16:12:12] WARN - Disk kullanımı %75'i geçti
[12/Sep/2026:16:12:13] INFO - Yeni kullanıcı kaydı tamamlandı
[12/Sep/2026:16:12:14] INFO - Kullanıcı girişi başarılı
[12/Sep/2026:16:12:15] INFO - Sipariş oluşturuldu
[12/Sep/2026:16:12:16] WARN - Yanıt süresi beklenenden uzun sürdü
[12/Sep/2026:16:12:17] ERROR - Stok güncellenirken hata oluştu
    at com.ornek.servis.OdemeServisi.gonder(OdemeServisi.java:42)
    at com.ornek.controller.SiparisController.olustur(SiparisController.java:17)
    at java.base/java.lang.Thread.run(Thread.java:840)
[12/Sep/2026:16:12:18] INFO - Sipariş oluşturuldu
[12/Sep/2026:16:12:19] INFO - Sipariş oluşturuldu
[12/Sep/2026:16:12:20] WARN - Disk kullanımı %75'i geçti
[12/Sep/2026:16:12:21] INFO - Rapor başarıyla oluşturuldu
[12/Sep/2026:16:12:22] INFO - Sipariş oluşturuldu
[12/Sep/2026:16:12:23] INFO - Sipariş oluşturuldu
[12/Sep/2026:16:12:24] INFO - Sipariş oluşturuldu
[12/Sep/2026:16:12:25] INFO - Rapor başarıyla oluşturuldu
[12/Sep/2026:16:12:26] INFO - Kullanıcı girişi başarılı
[12/Sep/2026:16:12:27] INFO - Yeni kullanıcı kaydı tamamlandı
[12/Sep/2026:16:12:28] WARN - Disk kullanımı %75'i geçti
[12/Sep/2026:16:12:29] INFO - Sipariş oluşturuldu
[12/Sep/2026:16:12:30] INFO - Rapor başarıyla oluşturuldu
[12/Sep/2026:16:12:31] WARN - Veritabanı bağlantı havuzu %80 dolulukta
[12/Sep/2026:16:12:32] INFO - Sipariş oluşturuldu
[12/Sep/2026:16:12:33] INFO - Önbellek (cache) yenilendi
[12/Sep/2026:16:12:34] INFO - Yeni kullanıcı kaydı tamamlandı
[12/Sep/2026:16:12:35] INFO - Sipariş oluşturuldu
[12/Sep/2026:16:12:36] INFO - Önbellek (cache) yenilendi
[12/Sep/2026:16:12:37] INFO - Yeni kullanıcı kaydı tamamlandı
[12/Sep/2026:16:12:38] INFO - Sipariş oluşturuldu
[12/Sep/2026:16:12:39] INFO - Önbellek (cache) yenilendi
[12/Sep/2026:16:12:40] WARN - Yanıt süresi beklenenden uzun sürdü
[12/Sep/2026:16:12:41] INFO - Yeni kullanıcı kaydı tamamlandı
[12/Sep/2026:16:12:42] INFO - Yeni kullanıcı kaydı tamamlandı
[12/Sep/2026:16:12:43] WARN - Yanıt süresi beklenenden uzun sürdü
[12/Sep/2026:16:12:44] INFO - Kullanıcı girişi başarılı
[12/Sep/2026:16:12:45] INFO - Kullanıcı girişi başarılı
[12/Sep/2026:16:12:46] INFO - Önbellek (cache) yenilendi
[12/Sep/2026:16:12:47] INFO - Önbellek (cache) yenilendi
[12/Sep/2026:16:12:48] INFO - Önbellek (cache) yenilendi
[12/Sep/2026:16:12:49] WARN - Üçüncü parti servisten yavaş yanıt alındı
[12/Sep/2026:16:12:50] INFO - Önbellek (cache) yenilendi
[12/Sep/2026:16:12:51] INFO - Önbellek (cache) yenilendi
[12/Sep/2026:16:12:52] ERROR - Ödeme servisi zaman aşımına uğradı
    at com.ornek.servis.OdemeServisi.gonder(OdemeServisi.java:42)
    at com.ornek.controller.SiparisController.olustur(SiparisController.java:17)
    at java.base/java.lang.Thread.run(Thread.java:840)
[12/Sep/2026:16:12:53] INFO - Sipariş oluşturuldu
[12/Sep/2026:16:12:54] INFO - Sipariş oluşturuldu
[12/Sep/2026:16:12:55] ERROR - Ödeme servisi zaman aşımına uğradı
    at com.ornek.servis.OdemeServisi.gonder(OdemeServisi.java:42)
    at com.ornek.controller.SiparisController.olustur(SiparisController.java:17)
    at java.base/java.lang.Thread.run(Thread.java:840)
[12/Sep/2026:16:12:56] INFO - Kullanıcı girişi başarılı
[12/Sep/2026:16:12:57] INFO - Rapor başarıyla oluşturuldu
[12/Sep/2026:16:12:58] INFO - Önbellek (cache) yenilendi
[12/Sep/2026:16:12:59] ERROR - Stok güncellenirken hata oluştu
    at com.ornek.servis.OdemeServisi.gonder(OdemeServisi.java:42)
    at com.ornek.controller.SiparisController.olustur(SiparisController.java:17)
    at java.base/java.lang.Thread.run(Thread.java:840)
[12/Sep/2026:16:13:00] INFO - Önbellek (cache) yenilendi
[12/Sep/2026:16:13:01] INFO - Kullanıcı girişi başarılı
[12/Sep/2026:16:13:02] INFO - Rapor başarıyla oluşturuldu
[12/Sep/2026:16:13:03] INFO - Rapor başarıyla oluşturuldu
[12/Sep/2026:16:13:04] ERROR - Beklenmeyen hata oluştu
    at com.ornek.servis.OdemeServisi.gonder(OdemeServisi.java:42)
    at com.ornek.controller.SiparisController.olustur(SiparisController.java:17)
    at java.base/java.lang.Thread.run(Thread.java:840)
[12/Sep/2026:16:13:05] INFO - Kullanıcı girişi başarılı
[12/Sep/2026:16:13:06] INFO - Önbellek (cache) yenilendi
[12/Sep/2026:16:13:07] INFO - Yeni kullanıcı kaydı tamamlandı
[12/Sep/2026:16:13:08] INFO - Rapor başarıyla oluşturuldu
[12/Sep/2026:16:13:09] INFO - Önbellek (cache) yenilendi
[12/Sep/2026:16:13:10] WARN - Üçüncü parti servisten yavaş yanıt alındı
[12/Sep/2026:16:13:11] WARN - Disk kullanımı %75'i geçti
[12/Sep/2026:16:13:12] WARN - Üçüncü parti servisten yavaş yanıt alındı
[12/Sep/2026:16:13:13] INFO - Kullanıcı girişi başarılı
[12/Sep/2026:16:13:14] WARN - Üçüncü parti servisten yavaş yanıt alındı
[12/Sep/2026:16:13:15] INFO - Yeni kullanıcı kaydı tamamlandı
[12/Sep/2026:16:13:16] ERROR - Ödeme servisi zaman aşımına uğradı
    at com.ornek.servis.OdemeServisi.gonder(OdemeServisi.java:42)
    at com.ornek.controller.SiparisController.olustur(SiparisController.java:17)
    at java.base/java.lang.Thread.run(Thread.java:840)
[12/Sep/2026:16:13:17] WARN - Veritabanı bağlantı havuzu %80 dolulukta
[12/Sep/2026:16:13:18] INFO - Rapor başarıyla oluşturuldu
[12/Sep/2026:16:13:19] INFO - Kullanıcı girişi başarılı
[12/Sep/2026:16:13:20] INFO - Kullanıcı girişi başarılı
[12/Sep/2026:16:13:21] ERROR - Stok güncellenirken hata oluştu
    at com.ornek.servis.OdemeServisi.gonder(OdemeServisi.java:42)
    at com.ornek.controller.SiparisController.olustur(SiparisController.java:17)
    at java.base/java.lang.Thread.run(Thread.java:840)
[12/Sep/2026:16:13:22] INFO - Rapor başarıyla oluşturuldu
[12/Sep/2026:16:13:23] INFO - Rapor başarıyla oluşturuldu
[12/Sep/2026:16:13:24] ERROR - Stok güncellenirken hata oluştu
    at com.ornek.servis.OdemeServisi.gonder(OdemeServisi.java:42)
    at com.ornek.controller.SiparisController.olustur(SiparisController.java:17)
    at java.base/java.lang.Thread.run(Thread.java:840)
[12/Sep/2026:16:13:25] INFO - Rapor başarıyla oluşturuldu
[12/Sep/2026:16:13:26] INFO - Kullanıcı girişi başarılı
[12/Sep/2026:16:13:27] INFO - Yeni kullanıcı kaydı tamamlandı
[12/Sep/2026:16:13:28] INFO - Önbellek (cache) yenilendi
[12/Sep/2026:16:13:29] INFO - Sipariş oluşturuldu
[12/Sep/2026:16:13:30] INFO - Sipariş oluşturuldu
[12/Sep/2026:16:13:31] WARN - Yanıt süresi beklenenden uzun sürdü
[12/Sep/2026:16:13:32] INFO - Kullanıcı girişi başarılı
[12/Sep/2026:16:13:33] INFO - Kullanıcı girişi başarılı
[12/Sep/2026:16:13:34] INFO - Önbellek (cache) yenilendi
[12/Sep/2026:16:13:35] INFO - Önbellek (cache) yenilendi
[12/Sep/2026:16:13:36] INFO - Kullanıcı girişi başarılı
[12/Sep/2026:16:13:37] INFO - Önbellek (cache) yenilendi
[12/Sep/2026:16:13:38] INFO - Kullanıcı girişi başarılı
[12/Sep/2026:16:13:39] WARN - Yanıt süresi beklenenden uzun sürdü
[12/Sep/2026:16:13:40] INFO - Rapor başarıyla oluşturuldu
[12/Sep/2026:16:13:41] WARN - Üçüncü parti servisten yavaş yanıt alındı
[12/Sep/2026:16:13:42] INFO - Sipariş oluşturuldu
[12/Sep/2026:16:13:43] INFO - Kullanıcı girişi başarılı
[12/Sep/2026:16:13:44] INFO - Sipariş oluşturuldu
[12/Sep/2026:16:13:45] WARN - Üçüncü parti servisten yavaş yanıt alındı
[12/Sep/2026:16:13:46] WARN - Üçüncü parti servisten yavaş yanıt alındı
[12/Sep/2026:16:13:47] WARN - Yanıt süresi beklenenden uzun sürdü
[12/Sep/2026:16:13:48] ERROR - Stok güncellenirken hata oluştu
    at com.ornek.servis.OdemeServisi.gonder(OdemeServisi.java:42)
    at com.ornek.controller.SiparisController.olustur(SiparisController.java:17)
    at java.base/java.lang.Thread.run(Thread.java:840)
[12/Sep/2026:16:13:49] ERROR - Stok güncellenirken hata oluştu
    at com.ornek.servis.OdemeServisi.gonder(OdemeServisi.java:42)
    at com.ornek.controller.SiparisController.olustur(SiparisController.java:17)
    at java.base/java.lang.Thread.run(Thread.java:840)
[12/Sep/2026:16:13:50] ERROR - Stok güncellenirken hata oluştu
    at com.ornek.servis.OdemeServisi.gonder(OdemeServisi.java:42)
    at com.ornek.controller.SiparisController.olustur(SiparisController.java:17)
    at java.base/java.lang.Thread.run(Thread.java:840)
[12/Sep/2026:16:13:51] INFO - Önbellek (cache) yenilendi
[12/Sep/2026:16:13:52] INFO - Rapor başarıyla oluşturuldu
[12/Sep/2026:16:13:53] ERROR - Veritabanına bağlanılamadı
    at com.ornek.servis.OdemeServisi.gonder(OdemeServisi.java:42)
    at com.ornek.controller.SiparisController.olustur(SiparisController.java:17)
    at java.base/java.lang.Thread.run(Thread.java:840)
[12/Sep/2026:16:13:54] INFO - Sipariş oluşturuldu
[12/Sep/2026:16:13:55] INFO - Yeni kullanıcı kaydı tamamlandı
[12/Sep/2026:16:13:56] ERROR - Beklenmeyen hata oluştu
    at com.ornek.servis.OdemeServisi.gonder(OdemeServisi.java:42)
    at com.ornek.controller.SiparisController.olustur(SiparisController.java:17)
    at java.base/java.lang.Thread.run(Thread.java:840)
[12/Sep/2026:16:13:57] INFO - Kullanıcı girişi başarılı
[12/Sep/2026:16:13:58] WARN - Üçüncü parti servisten yavaş yanıt alındı
[12/Sep/2026:16:13:59] INFO - Yeni kullanıcı kaydı tamamlandı
[12/Sep/2026:16:14:00] INFO - Yeni kullanıcı kaydı tamamlandı
[12/Sep/2026:16:14:01] INFO - Kullanıcı girişi başarılı
[12/Sep/2026:16:14:02] INFO - Kullanıcı girişi başarılı
[12/Sep/2026:16:14:03] INFO - Rapor başarıyla oluşturuldu
[12/Sep/2026:16:14:04] INFO - Önbellek (cache) yenilendi
[12/Sep/2026:16:14:05] WARN - Veritabanı bağlantı havuzu %80 dolulukta
[12/Sep/2026:16:14:06] INFO - Önbellek (cache) yenilendi
[12/Sep/2026:16:14:07] INFO - Rapor başarıyla oluşturuldu
[12/Sep/2026:16:14:08] INFO - Sipariş oluşturuldu
[12/Sep/2026:16:14:09] WARN - Veritabanı bağlantı havuzu %80 dolulukta
[12/Sep/2026:16:14:10] INFO - Kullanıcı girişi başarılı
[12/Sep/2026:16:14:11] WARN - Disk kullanımı %75'i geçti
[12/Sep/2026:16:14:12] INFO - Yeni kullanıcı kaydı tamamlandı
[12/Sep/2026:16:14:13] INFO - Yeni kullanıcı kaydı tamamlandı
[12/Sep/2026:16:14:14] INFO - Önbellek (cache) yenilendi
[12/Sep/2026:16:14:15] INFO - Rapor başarıyla oluşturuldu
[12/Sep/2026:16:14:16] INFO - Kullanıcı girişi başarılı
[12/Sep/2026:16:14:17] WARN - Üçüncü parti servisten yavaş yanıt alındı
[12/Sep/2026:16:14:18] WARN - Disk kullanımı %75'i geçti
[12/Sep/2026:16:14:19] INFO - Sipariş oluşturuldu
[12/Sep/2026:16:14:20] INFO - Sipariş oluşturuldu
[12/Sep/2026:16:14:21] WARN - Yanıt süresi beklenenden uzun sürdü
[12/Sep/2026:16:14:22] INFO - Yeni kullanıcı kaydı tamamlandı
[12/Sep/2026:16:14:23] INFO - Kullanıcı girişi başarılı
[12/Sep/2026:16:14:24] ERROR - Beklenmeyen hata oluştu
    at com.ornek.servis.OdemeServisi.gonder(OdemeServisi.java:42)
    at com.ornek.controller.SiparisController.olustur(SiparisController.java:17)
    at java.base/java.lang.Thread.run(Thread.java:840)
[12/Sep/2026:16:14:25] INFO - Sipariş oluşturuldu
[12/Sep/2026:16:14:26] WARN - Veritabanı bağlantı havuzu %80 dolulukta
[12/Sep/2026:16:14:27] INFO - Önbellek (cache) yenilendi
[12/Sep/2026:16:14:28] INFO - Rapor başarıyla oluşturuldu
[12/Sep/2026:16:14:29] INFO - Rapor başarıyla oluşturuldu
[12/Sep/2026:16:14:30] ERROR - Ödeme servisi zaman aşımına uğradı
    at com.ornek.servis.OdemeServisi.gonder(OdemeServisi.java:42)
    at com.ornek.controller.SiparisController.olustur(SiparisController.java:17)
    at java.base/java.lang.Thread.run(Thread.java:840)
[12/Sep/2026:16:14:31] INFO - Yeni kullanıcı kaydı tamamlandı
[12/Sep/2026:16:14:32] INFO - Önbellek (cache) yenilendi
[12/Sep/2026:16:14:33] INFO - Önbellek (cache) yenilendi
[12/Sep/2026:16:14:34] INFO - Rapor başarıyla oluşturuldu
[12/Sep/2026:16:14:35] INFO - Önbellek (cache) yenilendi
[12/Sep/2026:16:14:36] WARN - Yanıt süresi beklenenden uzun sürdü
[12/Sep/2026:16:14:37] INFO - Kullanıcı girişi başarılı
[12/Sep/2026:16:14:38] INFO - Önbellek (cache) yenilendi
[12/Sep/2026:16:14:39] INFO - Yeni kullanıcı kaydı tamamlandı
[12/Sep/2026:16:14:40] INFO - Yeni kullanıcı kaydı tamamlandı
[12/Sep/2026:16:14:41] WARN - Üçüncü parti servisten yavaş yanıt alındı
[12/Sep/2026:16:14:42] ERROR - Beklenmeyen hata oluştu
    at com.ornek.servis.OdemeServisi.gonder(OdemeServisi.java:42)
    at com.ornek.controller.SiparisController.olustur(SiparisController.java:17)
    at java.base/java.lang.Thread.run(Thread.java:840)
[12/Sep/2026:16:14:43] INFO - Kullanıcı girişi başarılı
[12/Sep/2026:16:14:44] INFO - Rapor başarıyla oluşturuldu
[12/Sep/2026:16:14:45] INFO - Sipariş oluşturuldu
[12/Sep/2026:16:14:46] WARN - Veritabanı bağlantı havuzu %80 dolulukta
[12/Sep/2026:16:14:47] INFO - Sipariş oluşturuldu
[12/Sep/2026:16:14:48] WARN - Üçüncü parti servisten yavaş yanıt alındı
[12/Sep/2026:16:14:49] INFO - Rapor başarıyla oluşturuldu
[12/Sep/2026:16:14:50] INFO - Yeni kullanıcı kaydı tamamlandı
[12/Sep/2026:16:14:51] INFO - Yeni kullanıcı kaydı tamamlandı
[12/Sep/2026:16:14:52] INFO - Kullanıcı girişi başarılı
[12/Sep/2026:16:14:53] ERROR - Kimlik doğrulama servisi yanıt vermedi
    at com.ornek.servis.OdemeServisi.gonder(OdemeServisi.java:42)
    at com.ornek.controller.SiparisController.olustur(SiparisController.java:17)
    at java.base/java.lang.Thread.run(Thread.java:840)
[12/Sep/2026:16:14:54] INFO - Önbellek (cache) yenilendi
[12/Sep/2026:16:14:55] INFO - Rapor başarıyla oluşturuldu
[12/Sep/2026:16:14:56] INFO - Kullanıcı girişi başarılı
[12/Sep/2026:16:14:57] INFO - Yeni kullanıcı kaydı tamamlandı
[12/Sep/2026:16:14:58] INFO - Yeni kullanıcı kaydı tamamlandı
[12/Sep/2026:16:14:59] INFO - Rapor başarıyla oluşturuldu
[12/Sep/2026:16:15:00] INFO - Önbellek (cache) yenilendi
[12/Sep/2026:16:15:01] INFO - Rapor başarıyla oluşturuldu
[12/Sep/2026:16:15:02] INFO - Kullanıcı girişi başarılı
[12/Sep/2026:16:15:03] INFO - Kullanıcı girişi başarılı
[12/Sep/2026:16:15:04] INFO - Kullanıcı girişi başarılı
[12/Sep/2026:16:15:05] INFO - Önbellek (cache) yenilendi
[12/Sep/2026:16:15:06] INFO - Kullanıcı girişi başarılı
[12/Sep/2026:16:15:07] INFO - Rapor başarıyla oluşturuldu
[12/Sep/2026:16:15:08] INFO - Rapor başarıyla oluşturuldu
[12/Sep/2026:16:15:09] WARN - Yanıt süresi beklenenden uzun sürdü
[12/Sep/2026:16:15:10] INFO - Önbellek (cache) yenilendi
[12/Sep/2026:16:15:11] INFO - Yeni kullanıcı kaydı tamamlandı
[12/Sep/2026:16:15:12] INFO - Yeni kullanıcı kaydı tamamlandı
[12/Sep/2026:16:15:13] INFO - Sipariş oluşturuldu
[12/Sep/2026:16:15:14] INFO - Önbellek (cache) yenilendi
[12/Sep/2026:16:15:15] INFO - Sipariş oluşturuldu
[12/Sep/2026:16:15:16] WARN - Disk kullanımı %75'i geçti
[12/Sep/2026:16:15:17] INFO - Kullanıcı girişi başarılı
[12/Sep/2026:16:15:18] INFO - Rapor başarıyla oluşturuldu
[12/Sep/2026:16:15:19] INFO - Yeni kullanıcı kaydı tamamlandı
[12/Sep/2026:16:15:20] INFO - Kullanıcı girişi başarılı
[12/Sep/2026:16:15:21] WARN - Üçüncü parti servisten yavaş yanıt alındı
[12/Sep/2026:16:15:22] INFO - Önbellek (cache) yenilendi
[12/Sep/2026:16:15:23] INFO - Yeni kullanıcı kaydı tamamlandı
[12/Sep/2026:16:15:24] INFO - Kullanıcı girişi başarılı
[12/Sep/2026:16:15:25] WARN - Yanıt süresi beklenenden uzun sürdü
[12/Sep/2026:16:15:26] ERROR - Stok güncellenirken hata oluştu
    at com.ornek.servis.OdemeServisi.gonder(OdemeServisi.java:42)
    at com.ornek.controller.SiparisController.olustur(SiparisController.java:17)
    at java.base/java.lang.Thread.run(Thread.java:840)
[12/Sep/2026:16:15:27] ERROR - Beklenmeyen hata oluştu
    at com.ornek.servis.OdemeServisi.gonder(OdemeServisi.java:42)
    at com.ornek.controller.SiparisController.olustur(SiparisController.java:17)
    at java.base/java.lang.Thread.run(Thread.java:840)
[12/Sep/2026:16:15:28] INFO - Sipariş oluşturuldu
[12/Sep/2026:16:15:29] WARN - Yanıt süresi beklenenden uzun sürdü
[12/Sep/2026:16:15:30] INFO - Yeni kullanıcı kaydı tamamlandı
[12/Sep/2026:16:15:31] INFO - Rapor başarıyla oluşturuldu
[12/Sep/2026:16:15:32] WARN - Üçüncü parti servisten yavaş yanıt alındı
[12/Sep/2026:16:15:33] WARN - Üçüncü parti servisten yavaş yanıt alındı
[12/Sep/2026:16:15:34] ERROR - Kimlik doğrulama servisi yanıt vermedi
    at com.ornek.servis.OdemeServisi.gonder(OdemeServisi.java:42)
    at com.ornek.controller.SiparisController.olustur(SiparisController.java:17)
    at java.base/java.lang.Thread.run(Thread.java:840)
[12/Sep/2026:16:15:35] INFO - Yeni kullanıcı kaydı tamamlandı
[12/Sep/2026:16:15:36] INFO - Yeni kullanıcı kaydı tamamlandı
[12/Sep/2026:16:15:37] ERROR - Stok güncellenirken hata oluştu
    at com.ornek.servis.OdemeServisi.gonder(OdemeServisi.java:42)
    at com.ornek.controller.SiparisController.olustur(SiparisController.java:17)
    at java.base/java.lang.Thread.run(Thread.java:840)
[12/Sep/2026:16:15:38] INFO - Rapor başarıyla oluşturuldu
[12/Sep/2026:16:15:39] INFO - Rapor başarıyla oluşturuldu
[12/Sep/2026:16:15:40] INFO - Rapor başarıyla oluşturuldu
[12/Sep/2026:16:15:41] WARN - Disk kullanımı %75'i geçti
[12/Sep/2026:16:15:42] INFO - Rapor başarıyla oluşturuldu
[12/Sep/2026:16:15:43] INFO - Rapor başarıyla oluşturuldu
[12/Sep/2026:16:15:44] WARN - Yanıt süresi beklenenden uzun sürdü
[12/Sep/2026:16:15:45] INFO - Önbellek (cache) yenilendi
[12/Sep/2026:16:15:46] INFO - Rapor başarıyla oluşturuldu
[12/Sep/2026:16:15:47] INFO - Sipariş oluşturuldu
[12/Sep/2026:16:15:48] INFO - Sipariş oluşturuldu
[12/Sep/2026:16:15:49] ERROR - Ödeme servisi zaman aşımına uğradı
    at com.ornek.servis.OdemeServisi.gonder(OdemeServisi.java:42)
    at com.ornek.controller.SiparisController.olustur(SiparisController.java:17)
    at java.base/java.lang.Thread.run(Thread.java:840)
[12/Sep/2026:16:15:50] INFO - Önbellek (cache) yenilendi
[12/Sep/2026:16:15:51] ERROR - Stok güncellenirken hata oluştu
    at com.ornek.servis.OdemeServisi.gonder(OdemeServisi.java:42)
    at com.ornek.controller.SiparisController.olustur(SiparisController.java:17)
    at java.base/java.lang.Thread.run(Thread.java:840)
[12/Sep/2026:16:15:52] INFO - Önbellek (cache) yenilendi
[12/Sep/2026:16:15:53] INFO - Yeni kullanıcı kaydı tamamlandı
[12/Sep/2026:16:15:54] INFO - Sipariş oluşturuldu
[12/Sep/2026:16:15:55] WARN - Veritabanı bağlantı havuzu %80 dolulukta
[12/Sep/2026:16:15:56] WARN - Veritabanı bağlantı havuzu %80 dolulukta
[12/Sep/2026:16:15:57] INFO - Rapor başarıyla oluşturuldu
[12/Sep/2026:16:15:58] WARN - Üçüncü parti servisten yavaş yanıt alındı
[12/Sep/2026:16:15:59] INFO - Kullanıcı girişi başarılı
[12/Sep/2026:16:16:00] INFO - Yeni kullanıcı kaydı tamamlandı
[12/Sep/2026:16:16:01] ERROR - Stok güncellenirken hata oluştu
    at com.ornek.servis.OdemeServisi.gonder(OdemeServisi.java:42)
    at com.ornek.controller.SiparisController.olustur(SiparisController.java:17)
    at java.base/java.lang.Thread.run(Thread.java:840)
[12/Sep/2026:16:16:02] INFO - Kullanıcı girişi başarılı
[12/Sep/2026:16:16:03] INFO - Yeni kullanıcı kaydı tamamlandı
[12/Sep/2026:16:16:04] ERROR - Ödeme servisi zaman aşımına uğradı
    at com.ornek.servis.OdemeServisi.gonder(OdemeServisi.java:42)
    at com.ornek.controller.SiparisController.olustur(SiparisController.java:17)
    at java.base/java.lang.Thread.run(Thread.java:840)
[12/Sep/2026:16:16:05] WARN - Disk kullanımı %75'i geçti
[12/Sep/2026:16:16:06] INFO - Kullanıcı girişi başarılı
[12/Sep/2026:16:16:07] WARN - Veritabanı bağlantı havuzu %80 dolulukta
[12/Sep/2026:16:16:08] INFO - Önbellek (cache) yenilendi
[12/Sep/2026:16:16:09] INFO - Sipariş oluşturuldu
[12/Sep/2026:16:16:10] INFO - Sipariş oluşturuldu
[12/Sep/2026:16:16:11] INFO - Rapor başarıyla oluşturuldu
[12/Sep/2026:16:16:13] WARN - Yanıt süresi beklenenden uzun sürdü
[12/Sep/2026:16:16:14] INFO - Yeni kullanıcı kaydı tamamlandı
[12/Sep/2026:16:16:15] WARN - Veritabanı bağlantı havuzu %80 dolulukta
[12/Sep/2026:16:16:16] INFO - Kullanıcı girişi başarılı
[12/Sep/2026:16:16:17] INFO - Rapor başarıyla oluşturuldu
[12/Sep/2026:16:16:18] INFO - Kullanıcı girişi başarılı
[12/Sep/2026:16:16:19] INFO - Sipariş oluşturuldu
[12/Sep/2026:16:16:20] INFO - Rapor başarıyla oluşturuldu
[12/Sep/2026:16:16:21] INFO - Kullanıcı girişi başarılı
[12/Sep/2026:16:16:22] INFO - Kullanıcı girişi başarılı
[12/Sep/2026:16:16:23] ERROR - Stok güncellenirken hata oluştu
    at com.ornek.servis.OdemeServisi.gonder(OdemeServisi.java:42)
    at com.ornek.controller.SiparisController.olustur(SiparisController.java:17)
    at java.base/java.lang.Thread.run(Thread.java:840)
[12/Sep/2026:16:16:24] INFO - Rapor başarıyla oluşturuldu
[12/Sep/2026:16:16:25] WARN - Yanıt süresi beklenenden uzun sürdü
[12/Sep/2026:16:16:26] WARN - Yanıt süresi beklenenden uzun sürdü
[12/Sep/2026:16:16:27] INFO - Rapor başarıyla oluşturuldu
[12/Sep/2026:16:16:28] INFO - Sipariş oluşturuldu
[12/Sep/2026:16:16:29] ERROR - Ödeme servisi zaman aşımına uğradı
    at com.ornek.servis.OdemeServisi.gonder(OdemeServisi.java:42)
    at com.ornek.controller.SiparisController.olustur(SiparisController.java:17)
    at java.base/java.lang.Thread.run(Thread.java:840)
[12/Sep/2026:16:16:30] INFO - Sipariş oluşturuldu
[12/Sep/2026:16:16:31] INFO - Önbellek (cache) yenilendi
[12/Sep/2026:16:16:32] INFO - Sipariş oluşturuldu
[12/Sep/2026:16:16:33] INFO - Önbellek (cache) yenilendi
[12/Sep/2026:16:16:34] INFO - Kullanıcı girişi başarılı
[12/Sep/2026:16:16:35] INFO - Kullanıcı girişi başarılı
[12/Sep/2026:16:16:36] INFO - Kullanıcı girişi başarılı
[12/Sep/2026:16:16:37] ERROR - Veritabanına bağlanılamadı
    at com.ornek.servis.OdemeServisi.gonder(OdemeServisi.java:42)
    at com.ornek.controller.SiparisController.olustur(SiparisController.java:17)
    at java.base/java.lang.Thread.run(Thread.java:840)
[12/Sep/2026:16:16:38] WARN - Veritabanı bağlantı havuzu %80 dolulukta
[12/Sep/2026:16:16:39] INFO - Sipariş oluşturuldu
[12/Sep/2026:16:16:40] WARN - Üçüncü parti servisten yavaş yanıt alındı
[12/Sep/2026:16:16:41] INFO - Yeni kullanıcı kaydı tamamlandı
[12/Sep/2026:16:16:42] ERROR - Kimlik doğrulama servisi yanıt vermedi
    at com.ornek.servis.OdemeServisi.gonder(OdemeServisi.java:42)
    at com.ornek.controller.SiparisController.olustur(SiparisController.java:17)
    at java.base/java.lang.Thread.run(Thread.java:840)
[12/Sep/2026:16:16:43] INFO - Yeni kullanıcı kaydı tamamlandı
[12/Sep/2026:16:16:44] INFO - Kullanıcı girişi başarılı
[12/Sep/2026:16:16:45] WARN - Yanıt süresi beklenenden uzun sürdü
[12/Sep/2026:16:16:46] INFO - Kullanıcı girişi başarılı
[12/Sep/2026:16:16:47] INFO - Rapor başarıyla oluşturuldu
[12/Sep/2026:16:16:48] ERROR - Kimlik doğrulama servisi yanıt vermedi
    at com.ornek.servis.OdemeServisi.gonder(OdemeServisi.java:42)
    at com.ornek.controller.SiparisController.olustur(SiparisController.java:17)
    at java.base/java.lang.Thread.run(Thread.java:840)
[12/Sep/2026:16:16:49] INFO - Sipariş oluşturuldu
[12/Sep/2026:16:16:50] INFO - Önbellek (cache) yenilendi
[12/Sep/2026:16:16:51] INFO - Önbellek (cache) yenilendi
[12/Sep/2026:16:16:52] ERROR - Kimlik doğrulama servisi yanıt vermedi
    at com.ornek.servis.OdemeServisi.gonder(OdemeServisi.java:42)
    at com.ornek.controller.SiparisController.olustur(SiparisController.java:17)
    at java.base/java.lang.Thread.run(Thread.java:840)
[12/Sep/2026:16:16:53] INFO - Yeni kullanıcı kaydı tamamlandı
[12/Sep/2026:16:16:54] INFO - Sipariş oluşturuldu
[12/Sep/2026:16:16:55] INFO - Yeni kullanıcı kaydı tamamlandı
[12/Sep/2026:16:16:56] WARN - Disk kullanımı %75'i geçti
[12/Sep/2026:16:16:57] INFO - Kullanıcı girişi başarılı
[12/Sep/2026:16:16:58] INFO - Önbellek (cache) yenilendi
[12/Sep/2026:16:16:59] INFO - Rapor başarıyla oluşturuldu
[12/Sep/2026:16:17:00] ERROR - Kimlik doğrulama servisi yanıt vermedi
    at com.ornek.servis.OdemeServisi.gonder(OdemeServisi.java:42)
    at com.ornek.controller.SiparisController.olustur(SiparisController.java:17)
    at java.base/java.lang.Thread.run(Thread.java:840)
[12/Sep/2026:16:17:01] INFO - Rapor başarıyla oluşturuldu
[12/Sep/2026:16:17:02] ERROR - Kimlik doğrulama servisi yanıt vermedi
    at com.ornek.servis.OdemeServisi.gonder(OdemeServisi.java:42)
    at com.ornek.controller.SiparisController.olustur(SiparisController.java:17)
    at java.base/java.lang.Thread.run(Thread.java:840)
[12/Sep/2026:16:17:03] ERROR - Stok güncellenirken hata oluştu
    at com.ornek.servis.OdemeServisi.gonder(OdemeServisi.java:42)
    at com.ornek.controller.SiparisController.olustur(SiparisController.java:17)
    at java.base/java.lang.Thread.run(Thread.java:840)
[12/Sep/2026:16:17:04] INFO - Kullanıcı girişi başarılı
[12/Sep/2026:16:17:05] INFO - Rapor başarıyla oluşturuldu
[12/Sep/2026:16:17:06] INFO - Yeni kullanıcı kaydı tamamlandı
[12/Sep/2026:16:17:07] INFO - Yeni kullanıcı kaydı tamamlandı
[12/Sep/2026:16:17:08] INFO - Yeni kullanıcı kaydı tamamlandı
[12/Sep/2026:16:17:09] INFO - Önbellek (cache) yenilendi
[12/Sep/2026:16:17:10] INFO - Sipariş oluşturuldu
[12/Sep/2026:16:17:11] INFO - Sipariş oluşturuldu
[12/Sep/2026:16:17:12] WARN - Disk kullanımı %75'i geçti
[12/Sep/2026:16:17:13] WARN - Üçüncü parti servisten yavaş yanıt alındı
[12/Sep/2026:16:17:14] INFO - Kullanıcı girişi başarılı
[12/Sep/2026:16:17:15] INFO - Kullanıcı girişi başarılı
[12/Sep/2026:16:17:16] ERROR - Beklenmeyen hata oluştu
    at com.ornek.servis.OdemeServisi.gonder(OdemeServisi.java:42)
    at com.ornek.controller.SiparisController.olustur(SiparisController.java:17)
    at java.base/java.lang.Thread.run(Thread.java:840)
[12/Sep/2026:16:17:17] INFO - Sipariş oluşturuldu
[12/Sep/2026:16:17:18] INFO - Sipariş oluşturuldu
[12/Sep/2026:16:17:19] INFO - Sipariş oluşturuldu
[12/Sep/2026:16:17:20] WARN - Yanıt süresi beklenenden uzun sürdü
[12/Sep/2026:16:17:21] INFO - Sipariş oluşturuldu
[12/Sep/2026:16:17:22] INFO - Rapor başarıyla oluşturuldu
[12/Sep/2026:16:17:23] ERROR - Beklenmeyen hata oluştu
    at com.ornek.servis.OdemeServisi.gonder(OdemeServisi.java:42)
    at com.ornek.controller.SiparisController.olustur(SiparisController.java:17)
    at java.base/java.lang.Thread.run(Thread.java:840)
[12/Sep/2026:16:17:24] INFO - Sipariş oluşturuldu
[12/Sep/2026:16:17:25] INFO - Kullanıcı girişi başarılı
[12/Sep/2026:16:17:26] INFO - Önbellek (cache) yenilendi
[12/Sep/2026:16:17:27] INFO - Rapor başarıyla oluşturuldu
[12/Sep/2026:16:17:28] INFO - Rapor başarıyla oluşturuldu
[12/Sep/2026:16:17:29] INFO - Sipariş oluşturuldu
[12/Sep/2026:16:17:30] INFO - Yeni kullanıcı kaydı tamamlandı
[12/Sep/2026:16:17:31] INFO - Önbellek (cache) yenilendi
[12/Sep/2026:16:17:32] INFO - Yeni kullanıcı kaydı tamamlandı
[12/Sep/2026:16:17:33] WARN - Disk kullanımı %75'i geçti
[12/Sep/2026:16:17:34] INFO - Rapor başarıyla oluşturuldu
[12/Sep/2026:16:17:35] WARN - Yanıt süresi beklenenden uzun sürdü
[12/Sep/2026:16:17:36] ERROR - Veritabanına bağlanılamadı
    at com.ornek.servis.OdemeServisi.gonder(OdemeServisi.java:42)
    at com.ornek.controller.SiparisController.olustur(SiparisController.java:17)
    at java.base/java.lang.Thread.run(Thread.java:840)
[12/Sep/2026:16:17:37] INFO - Rapor başarıyla oluşturuldu
[12/Sep/2026:16:17:38] INFO - Yeni kullanıcı kaydı tamamlandı
[12/Sep/2026:16:17:39] INFO - Sipariş oluşturuldu
[12/Sep/2026:16:17:40] INFO - Önbellek (cache) yenilendi
[12/Sep/2026:16:17:41] INFO - Kullanıcı girişi başarılı
[12/Sep/2026:16:17:42] WARN - Yanıt süresi beklenenden uzun sürdü
[12/Sep/2026:16:17:43] INFO - Rapor başarıyla oluşturuldu
[12/Sep/2026:16:17:44] INFO - Rapor başarıyla oluşturuldu
[12/Sep/2026:16:17:45] INFO - Önbellek (cache) yenilendi
[12/Sep/2026:16:17:46] INFO - Yeni kullanıcı kaydı tamamlandı
[12/Sep/2026:16:17:47] WARN - Disk kullanımı %75'i geçti
[12/Sep/2026:16:17:48] WARN - Disk kullanımı %75'i geçti
[12/Sep/2026:16:17:49] INFO - Yeni kullanıcı kaydı tamamlandı
[12/Sep/2026:16:17:50] ERROR - Ödeme servisi zaman aşımına uğradı
    at com.ornek.servis.OdemeServisi.gonder(OdemeServisi.java:42)
    at com.ornek.controller.SiparisController.olustur(SiparisController.java:17)
    at java.base/java.lang.Thread.run(Thread.java:840)
[12/Sep/2026:16:17:51] INFO - Kullanıcı girişi başarılı
[12/Sep/2026:16:17:52] INFO - Sipariş oluşturuldu
[12/Sep/2026:16:17:53] INFO - Yeni kullanıcı kaydı tamamlandı
[12/Sep/2026:16:17:54] INFO - Yeni kullanıcı kaydı tamamlandı
[12/Sep/2026:16:17:55] ERROR - Ödeme servisi zaman aşımına uğradı
    at com.ornek.servis.OdemeServisi.gonder(OdemeServisi.java:42)
    at com.ornek.controller.SiparisController.olustur(SiparisController.java:17)
    at java.base/java.lang.Thread.run(Thread.java:840)
[12/Sep/2026:16:17:56] WARN - Yanıt süresi beklenenden uzun sürdü
[12/Sep/2026:16:17:57] INFO - Önbellek (cache) yenilendi
[12/Sep/2026:16:17:58] INFO - Sipariş oluşturuldu
[12/Sep/2026:16:17:59] INFO - Kullanıcı girişi başarılı
[12/Sep/2026:16:18:00] WARN - Üçüncü parti servisten yavaş yanıt alındı
[12/Sep/2026:16:18:01] INFO - Önbellek (cache) yenilendi
[12/Sep/2026:16:18:02] INFO - Kullanıcı girişi başarılı
[12/Sep/2026:16:18:03] INFO - Yeni kullanıcı kaydı tamamlandı
[12/Sep/2026:16:18:04] INFO - Yeni kullanıcı kaydı tamamlandı
[12/Sep/2026:16:18:05] INFO - Rapor başarıyla oluşturuldu
[12/Sep/2026:16:18:06] INFO - Yeni kullanıcı kaydı tamamlandı
[12/Sep/2026:16:18:07] INFO - Rapor başarıyla oluşturuldu
[12/Sep/2026:16:18:08] INFO - Rapor başarıyla oluşturuldu
[12/Sep/2026:16:18:09] INFO - Sipariş oluşturuldu
[12/Sep/2026:16:18:10] ERROR - Veritabanına bağlanılamadı
    at com.ornek.servis.OdemeServisi.gonder(OdemeServisi.java:42)
    at com.ornek.controller.SiparisController.olustur(SiparisController.java:17)
    at java.base/java.lang.Thread.run(Thread.java:840)
[12/Sep/2026:16:18:11] INFO - Yeni kullanıcı kaydı tamamlandı
[12/Sep/2026:16:18:12] INFO - Rapor başarıyla oluşturuldu
[12/Sep/2026:16:18:13] INFO - Kullanıcı girişi başarılı
[12/Sep/2026:16:18:14] INFO - Rapor başarıyla oluşturuldu
[12/Sep/2026:16:18:15] WARN - Yanıt süresi beklenenden uzun sürdü
[12/Sep/2026:16:18:16] INFO - Kullanıcı girişi başarılı
[12/Sep/2026:16:18:17] WARN - Veritabanı bağlantı havuzu %80 dolulukta
[12/Sep/2026:16:18:18] ERROR - Stok güncellenirken hata oluştu
    at com.ornek.servis.OdemeServisi.gonder(OdemeServisi.java:42)
    at com.ornek.controller.SiparisController.olustur(SiparisController.java:17)
    at java.base/java.lang.Thread.run(Thread.java:840)
[12/Sep/2026:16:18:19] INFO - Önbellek (cache) yenilendi
[12/Sep/2026:16:18:20] WARN - Veritabanı bağlantı havuzu %80 dolulukta
[12/Sep/2026:16:18:21] INFO - Sipariş oluşturuldu
[12/Sep/2026:16:18:22] INFO - Sipariş oluşturuldu
[12/Sep/2026:16:18:23] INFO - Kullanıcı girişi başarılı
[12/Sep/2026:16:18:24] INFO - Sipariş oluşturuldu
[12/Sep/2026:16:18:25] WARN - Disk kullanımı %75'i geçti
[12/Sep/2026:16:18:26] INFO - Kullanıcı girişi başarılı
[12/Sep/2026:16:18:27] INFO - Rapor başarıyla oluşturuldu
[12/Sep/2026:16:18:28] INFO - Kullanıcı girişi başarılı
[12/Sep/2026:16:18:29] WARN - Yanıt süresi beklenenden uzun sürdü
[12/Sep/2026:16:18:30] INFO - Kullanıcı girişi başarılı
[12/Sep/2026:16:18:31] INFO - Önbellek (cache) yenilendi
[12/Sep/2026:16:18:32] WARN - Veritabanı bağlantı havuzu %80 dolulukta
[12/Sep/2026:16:18:33] INFO - Yeni kullanıcı kaydı tamamlandı
[12/Sep/2026:16:18:34] WARN - Üçüncü parti servisten yavaş yanıt alındı
[12/Sep/2026:16:18:35] INFO - Sipariş oluşturuldu
[12/Sep/2026:16:18:36] INFO - Rapor başarıyla oluşturuldu
[12/Sep/2026:16:18:37] WARN - Üçüncü parti servisten yavaş yanıt alındı
[12/Sep/2026:16:18:38] ERROR - Beklenmeyen hata oluştu
    at com.ornek.servis.OdemeServisi.gonder(OdemeServisi.java:42)
    at com.ornek.controller.SiparisController.olustur(SiparisController.java:17)
    at java.base/java.lang.Thread.run(Thread.java:840)
[12/Sep/2026:16:18:39] INFO - Rapor başarıyla oluşturuldu
[12/Sep/2026:16:18:40] INFO - Sipariş oluşturuldu
[12/Sep/2026:16:18:41] WARN - Veritabanı bağlantı havuzu %80 dolulukta
[12/Sep/2026:16:18:42] ERROR - Stok güncellenirken hata oluştu
    at com.ornek.servis.OdemeServisi.gonder(OdemeServisi.java:42)
    at com.ornek.controller.SiparisController.olustur(SiparisController.java:17)
    at java.base/java.lang.Thread.run(Thread.java:840)
[12/Sep/2026:16:18:43] INFO - Sipariş oluşturuldu
[12/Sep/2026:16:18:44] INFO - Önbellek (cache) yenilendi
[12/Sep/2026:16:18:45] INFO - Yeni kullanıcı kaydı tamamlandı
[12/Sep/2026:16:18:46] INFO - Sipariş oluşturuldu
[12/Sep/2026:16:18:47] ERROR - Ödeme servisi zaman aşımına uğradı
    at com.ornek.servis.OdemeServisi.gonder(OdemeServisi.java:42)
    at com.ornek.controller.SiparisController.olustur(SiparisController.java:17)
    at java.base/java.lang.Thread.run(Thread.java:840)
[12/Sep/2026:16:18:48] INFO - Kullanıcı girişi başarılı
[12/Sep/2026:16:18:49] INFO - Sipariş oluşturuldu
[12/Sep/2026:16:18:50] WARN - Yanıt süresi beklenenden uzun sürdü
[12/Sep/2026:16:18:51] ERROR - Kimlik doğrulama servisi yanıt vermedi
    at com.ornek.servis.OdemeServisi.gonder(OdemeServisi.java:42)
    at com.ornek.controller.SiparisController.olustur(SiparisController.java:17)
    at java.base/java.lang.Thread.run(Thread.java:840)
[12/Sep/2026:16:18:52] INFO - Önbellek (cache) yenilendi
[12/Sep/2026:16:18:53] INFO - Sipariş oluşturuldu
[12/Sep/2026:16:18:54] INFO - Kullanıcı girişi başarılı
[12/Sep/2026:16:18:55] INFO - Kullanıcı girişi başarılı
[12/Sep/2026:16:18:56] INFO - Yeni kullanıcı kaydı tamamlandı
[12/Sep/2026:16:18:57] INFO - Önbellek (cache) yenilendi
[12/Sep/2026:16:18:58] WARN - Yanıt süresi beklenenden uzun sürdü
[12/Sep/2026:16:18:59] WARN - Veritabanı bağlantı havuzu %80 dolulukta
[12/Sep/2026:16:19:00] INFO - Rapor başarıyla oluşturuldu
[12/Sep/2026:16:19:01] INFO - Yeni kullanıcı kaydı tamamlandı
[12/Sep/2026:16:19:02] WARN - Üçüncü parti servisten yavaş yanıt alındı
[12/Sep/2026:16:19:03] INFO - Yeni kullanıcı kaydı tamamlandı
[12/Sep/2026:16:19:04] INFO - Kullanıcı girişi başarılı
[12/Sep/2026:16:19:05] INFO - Kullanıcı girişi başarılı
[12/Sep/2026:16:19:06] INFO - Kullanıcı girişi başarılı
[12/Sep/2026:16:19:07] INFO - Yeni kullanıcı kaydı tamamlandı
[12/Sep/2026:16:19:08] INFO - Yeni kullanıcı kaydı tamamlandı
[12/Sep/2026:16:19:09] INFO - Sipariş oluşturuldu
[12/Sep/2026:16:19:10] WARN - Yanıt süresi beklenenden uzun sürdü
[12/Sep/2026:16:19:11] INFO - Yeni kullanıcı kaydı tamamlandı
[12/Sep/2026:16:19:12] INFO - Sipariş oluşturuldu
[12/Sep/2026:16:19:13] INFO - Kullanıcı girişi başarılı
[12/Sep/2026:16:19:14] INFO - Rapor başarıyla oluşturuldu
[12/Sep/2026:16:19:15] ERROR - Stok güncellenirken hata oluştu
    at com.ornek.servis.OdemeServisi.gonder(OdemeServisi.java:42)
    at com.ornek.controller.SiparisController.olustur(SiparisController.java:17)
    at java.base/java.lang.Thread.run(Thread.java:840)
[12/Sep/2026:16:19:16] INFO - Kullanıcı girişi başarılı
[12/Sep/2026:16:19:17] INFO - Kullanıcı girişi başarılı
[12/Sep/2026:16:19:18] WARN - Disk kullanımı %75'i geçti
[12/Sep/2026:16:19:19] INFO - Sipariş oluşturuldu
[12/Sep/2026:16:19:20] INFO - Sipariş oluşturuldu
[12/Sep/2026:16:19:21] WARN - Üçüncü parti servisten yavaş yanıt alındı
[12/Sep/2026:16:19:22] WARN - Yanıt süresi beklenenden uzun sürdü
[12/Sep/2026:16:19:23] INFO - Önbellek (cache) yenilendi
[12/Sep/2026:16:19:24] INFO - Sipariş oluşturuldu
[12/Sep/2026:16:19:25] INFO - Yeni kullanıcı kaydı tamamlandı
[12/Sep/2026:16:19:26] INFO - Sipariş oluşturuldu
[12/Sep/2026:16:19:27] ERROR - Stok güncellenirken hata oluştu
    at com.ornek.servis.OdemeServisi.gonder(OdemeServisi.java:42)
    at com.ornek.controller.SiparisController.olustur(SiparisController.java:17)
    at java.base/java.lang.Thread.run(Thread.java:840)
[12/Sep/2026:16:19:28] INFO - Sipariş oluşturuldu
[12/Sep/2026:16:19:29] INFO - Sipariş oluşturuldu
[12/Sep/2026:16:19:30] INFO - Rapor başarıyla oluşturuldu
[12/Sep/2026:16:19:31] INFO - Sipariş oluşturuldu
[12/Sep/2026:16:19:32] WARN - Yanıt süresi beklenenden uzun sürdü
[12/Sep/2026:16:19:33] INFO - Yeni kullanıcı kaydı tamamlandı
[12/Sep/2026:16:19:34] WARN - Üçüncü parti servisten yavaş yanıt alındı
[12/Sep/2026:16:19:35] INFO - Sipariş oluşturuldu
[12/Sep/2026:16:19:36] ERROR - Veritabanına bağlanılamadı
    at com.ornek.servis.OdemeServisi.gonder(OdemeServisi.java:42)
    at com.ornek.controller.SiparisController.olustur(SiparisController.java:17)
    at java.base/java.lang.Thread.run(Thread.java:840)
[12/Sep/2026:16:19:37] ERROR - Ödeme servisi zaman aşımına uğradı
    at com.ornek.servis.OdemeServisi.gonder(OdemeServisi.java:42)
    at com.ornek.controller.SiparisController.olustur(SiparisController.java:17)
    at java.base/java.lang.Thread.run(Thread.java:840)
[12/Sep/2026:16:19:38] INFO - Yeni kullanıcı kaydı tamamlandı
[12/Sep/2026:16:19:39] WARN - Disk kullanımı %75'i geçti
[12/Sep/2026:16:19:40] WARN - Üçüncü parti servisten yavaş yanıt alındı
[12/Sep/2026:16:19:41] INFO - Sipariş oluşturuldu
[12/Sep/2026:16:19:42] INFO - Kullanıcı girişi başarılı
[12/Sep/2026:16:19:43] INFO - Yeni kullanıcı kaydı tamamlandı
[12/Sep/2026:16:19:44] INFO - Sipariş oluşturuldu
[12/Sep/2026:16:19:45] INFO - Önbellek (cache) yenilendi
[12/Sep/2026:16:19:46] INFO - Kullanıcı girişi başarılı
[12/Sep/2026:16:19:47] INFO - Kullanıcı girişi başarılı
[12/Sep/2026:16:19:48] INFO - Sipariş oluşturuldu
[12/Sep/2026:16:19:49] INFO - Rapor başarıyla oluşturuldu
[12/Sep/2026:16:19:50] INFO - Önbellek (cache) yenilendi
[12/Sep/2026:16:19:51] WARN - Disk kullanımı %75'i geçti
[12/Sep/2026:16:19:52] WARN - Disk kullanımı %75'i geçti
[12/Sep/2026:16:19:53] INFO - Rapor başarıyla oluşturuldu
[12/Sep/2026:16:19:54] WARN - Üçüncü parti servisten yavaş yanıt alındı
[12/Sep/2026:16:19:55] ERROR - Veritabanına bağlanılamadı
    at com.ornek.servis.OdemeServisi.gonder(OdemeServisi.java:42)
    at com.ornek.controller.SiparisController.olustur(SiparisController.java:17)
    at java.base/java.lang.Thread.run(Thread.java:840)
[12/Sep/2026:16:19:56] ERROR - Beklenmeyen hata oluştu
    at com.ornek.servis.OdemeServisi.gonder(OdemeServisi.java:42)
    at com.ornek.controller.SiparisController.olustur(SiparisController.java:17)
    at java.base/java.lang.Thread.run(Thread.java:840)
[12/Sep/2026:16:19:57] WARN - Üçüncü parti servisten yavaş yanıt alındı
[12/Sep/2026:16:19:58] WARN - Veritabanı bağlantı havuzu %80 dolulukta
[12/Sep/2026:16:19:59] WARN - Üçüncü parti servisten yavaş yanıt alındı
[12/Sep/2026:16:20:00] INFO - Sipariş oluşturuldu
[12/Sep/2026:16:20:01] ERROR - Veritabanına bağlanılamadı
    at com.ornek.servis.OdemeServisi.gonder(OdemeServisi.java:42)
    at com.ornek.controller.SiparisController.olustur(SiparisController.java:17)
    at java.base/java.lang.Thread.run(Thread.java:840)
[12/Sep/2026:16:20:02] INFO - Yeni kullanıcı kaydı tamamlandı
[12/Sep/2026:16:20:03] ERROR - Veritabanına bağlanılamadı
    at com.ornek.servis.OdemeServisi.gonder(OdemeServisi.java:42)
    at com.ornek.controller.SiparisController.olustur(SiparisController.java:17)
    at java.base/java.lang.Thread.run(Thread.java:840)
[12/Sep/2026:16:20:04] INFO - Yeni kullanıcı kaydı tamamlandı
[12/Sep/2026:16:20:05] INFO - Rapor başarıyla oluşturuldu
[12/Sep/2026:16:20:06] ERROR - Ödeme servisi zaman aşımına uğradı
    at com.ornek.servis.OdemeServisi.gonder(OdemeServisi.java:42)
    at com.ornek.controller.SiparisController.olustur(SiparisController.java:17)
    at java.base/java.lang.Thread.run(Thread.java:840)
[12/Sep/2026:16:20:07] INFO - Önbellek (cache) yenilendi
[12/Sep/2026:16:20:08] INFO - Yeni kullanıcı kaydı tamamlandı
[12/Sep/2026:16:20:09] INFO - Yeni kullanıcı kaydı tamamlandı
[12/Sep/2026:16:20:10] ERROR - Stok güncellenirken hata oluştu
    at com.ornek.servis.OdemeServisi.gonder(OdemeServisi.java:42)
    at com.ornek.controller.SiparisController.olustur(SiparisController.java:17)
    at java.base/java.lang.Thread.run(Thread.java:840)
[12/Sep/2026:16:20:11] INFO - Sipariş oluşturuldu
[12/Sep/2026:16:20:12] INFO - Sipariş oluşturuldu
[12/Sep/2026:16:44:01] INFO - Rapor başarıyla oluşturuldu
[12/Sep/2026:16:44:01] INFO - Rapor başarıyla oluşturuldu
[12/Sep/2026:16:44:01] INFO - Yeni kullanıcı kaydı tamamlandı
[12/Sep/2026:16:44:01] INFO - Yeni kullanıcı kaydı tamamlandı
[12/Sep/2026:16:44:01] INFO - Sipariş oluşturuldu
[12/Sep/2026:16:44:01] INFO - Sipariş oluşturuldu
[12/Sep/2026:16:44:01] WARN - Üçüncü parti servisten yavaş yanıt alındı
[12/Sep/2026:16:44:01] INFO - Yeni kullanıcı kaydı tamamlandı
[12/Sep/2026:16:44:01] INFO - Rapor başarıyla oluşturuldu
[12/Sep/2026:16:44:01] INFO - Kullanıcı girişi başarılı
[12/Sep/2026:16:44:01] INFO - Önbellek (cache) yenilendi
[12/Sep/2026:16:44:01] WARN - Disk kullanımı %75'i geçti
[12/Sep/2026:16:44:01] WARN - Disk kullanımı %75'i geçti
[12/Sep/2026:16:44:01] INFO - Yeni kullanıcı kaydı tamamlandı
[12/Sep/2026:16:44:01] INFO - Önbellek (cache) yenilendi
[12/Sep/2026:16:44:01] INFO - Kullanıcı girişi başarılı
[12/Sep/2026:16:44:01] ERROR - Ödeme servisi zaman aşımına uğradı
    at com.ornek.servis.OdemeServisi.gonder(OdemeServisi.java:42)
    at com.ornek.controller.SiparisController.olustur(SiparisController.java:17)
    at java.base/java.lang.Thread.run(Thread.java:840)
[12/Sep/2026:16:44:01] INFO - Kullanıcı girişi başarılı
[12/Sep/2026:16:44:01] INFO - Önbellek (cache) yenilendi
[12/Sep/2026:16:44:01] ERROR - Veritabanına bağlanılamadı
    at com.ornek.servis.OdemeServisi.gonder(OdemeServisi.java:42)
    at com.ornek.controller.SiparisController.olustur(SiparisController.java:17)
    at java.base/java.lang.Thread.run(Thread.java:840)
[12/Sep/2026:16:44:01] WARN - Yanıt süresi beklenenden uzun sürdü
[12/Sep/2026:16:44:01] INFO - Sipariş oluşturuldu
[12/Sep/2026:16:44:01] INFO - Sipariş oluşturuldu
[12/Sep/2026:16:44:01] INFO - Rapor başarıyla oluşturuldu
[12/Sep/2026:16:44:01] ERROR - Stok güncellenirken hata oluştu
    at com.ornek.servis.OdemeServisi.gonder(OdemeServisi.java:42)
    at com.ornek.controller.SiparisController.olustur(SiparisController.java:17)
    at java.base/java.lang.Thread.run(Thread.java:840)
[12/Sep/2026:16:44:01] WARN - Yanıt süresi beklenenden uzun sürdü
[12/Sep/2026:16:44:01] INFO - Rapor başarıyla oluşturuldu
[12/Sep/2026:16:44:01] INFO - Önbellek (cache) yenilendi
[12/Sep/2026:16:44:01] INFO - Rapor başarıyla oluşturuldu
[12/Sep/2026:16:44:01] WARN - Üçüncü parti servisten yavaş yanıt alındı
[12/Sep/2026:16:44:01] INFO - Kullanıcı girişi başarılı
[12/Sep/2026:16:44:01] WARN - Disk kullanımı %75'i geçti
[12/Sep/2026:16:44:01] WARN - Disk kullanımı %75'i geçti
[12/Sep/2026:16:44:01] INFO - Yeni kullanıcı kaydı tamamlandı
[12/Sep/2026:16:44:01] INFO - Kullanıcı girişi başarılı
[12/Sep/2026:16:44:01] INFO - Sipariş oluşturuldu
[12/Sep/2026:16:44:01] INFO - Önbellek (cache) yenilendi
[12/Sep/2026:16:44:01] WARN - Yanıt süresi beklenenden uzun sürdü
[12/Sep/2026:16:44:01] WARN - Üçüncü parti servisten yavaş yanıt alındı
[12/Sep/2026:16:44:01] ERROR - Beklenmeyen hata oluştu
    at com.ornek.servis.OdemeServisi.gonder(OdemeServisi.java:42)
    at com.ornek.controller.SiparisController.olustur(SiparisController.java:17)
    at java.base/java.lang.Thread.run(Thread.java:840)
[12/Sep/2026:16:44:01] ERROR - Kimlik doğrulama servisi yanıt vermedi
    at com.ornek.servis.OdemeServisi.gonder(OdemeServisi.java:42)
    at com.ornek.controller.SiparisController.olustur(SiparisController.java:17)
    at java.base/java.lang.Thread.run(Thread.java:840)
[12/Sep/2026:16:44:01] INFO - Yeni kullanıcı kaydı tamamlandı
[12/Sep/2026:16:44:01] ERROR - Veritabanına bağlanılamadı
    at com.ornek.servis.OdemeServisi.gonder(OdemeServisi.java:42)
    at com.ornek.controller.SiparisController.olustur(SiparisController.java:17)
    at java.base/java.lang.Thread.run(Thread.java:840)
[12/Sep/2026:16:44:01] WARN - Veritabanı bağlantı havuzu %80 dolulukta
[12/Sep/2026:16:44:01] INFO - Önbellek (cache) yenilendi
[12/Sep/2026:16:44:01] INFO - Sipariş oluşturuldu
[12/Sep/2026:16:44:01] INFO - Sipariş oluşturuldu
[12/Sep/2026:16:44:01] INFO - Önbellek (cache) yenilendi
[12/Sep/2026:16:44:01] INFO - Önbellek (cache) yenilendi
[12/Sep/2026:16:44:01] INFO - Kullanıcı girişi başarılı
[12/Sep/2026:16:44:01] INFO - Kullanıcı girişi başarılı
[12/Sep/2026:16:44:01] INFO - Önbellek (cache) yenilendi
[12/Sep/2026:16:44:01] INFO - Yeni kullanıcı kaydı tamamlandı
[12/Sep/2026:16:44:01] INFO - Kullanıcı girişi başarılı
[12/Sep/2026:16:44:01] INFO - Rapor başarıyla oluşturuldu
[12/Sep/2026:16:44:01] INFO - Önbellek (cache) yenilendi
[12/Sep/2026:16:44:01] INFO - Yeni kullanıcı kaydı tamamlandı
[12/Sep/2026:16:44:01] INFO - Önbellek (cache) yenilendi
[12/Sep/2026:16:44:01] WARN - Yanıt süresi beklenenden uzun sürdü
[12/Sep/2026:16:44:01] ERROR - Beklenmeyen hata oluştu
    at com.ornek.servis.OdemeServisi.gonder(OdemeServisi.java:42)
    at com.ornek.controller.SiparisController.olustur(SiparisController.java:17)
    at java.base/java.lang.Thread.run(Thread.java:840)
[12/Sep/2026:16:44:01] INFO - Sipariş oluşturuldu
[12/Sep/2026:16:44:01] INFO - Önbellek (cache) yenilendi
[12/Sep/2026:16:44:01] INFO - Rapor başarıyla oluşturuldu
[12/Sep/2026:16:44:01] INFO - Rapor başarıyla oluşturuldu
[12/Sep/2026:16:44:01] ERROR - Ödeme servisi zaman aşımına uğradı
    at com.ornek.servis.OdemeServisi.gonder(OdemeServisi.java:42)
    at com.ornek.controller.SiparisController.olustur(SiparisController.java:17)
    at java.base/java.lang.Thread.run(Thread.java:840)
[12/Sep/2026:16:44:01] INFO - Sipariş oluşturuldu
[12/Sep/2026:16:44:01] INFO - Önbellek (cache) yenilendi
[12/Sep/2026:16:44:01] INFO - Yeni kullanıcı kaydı tamamlandı
[12/Sep/2026:16:44:01] WARN - Üçüncü parti servisten yavaş yanıt alındı
[12/Sep/2026:16:44:01] INFO - Yeni kullanıcı kaydı tamamlandı
[12/Sep/2026:16:44:01] WARN - Yanıt süresi beklenenden uzun sürdü
[12/Sep/2026:16:44:01] ERROR - Kimlik doğrulama servisi yanıt vermedi
    at com.ornek.servis.OdemeServisi.gonder(OdemeServisi.java:42)
    at com.ornek.controller.SiparisController.olustur(SiparisController.java:17)
    at java.base/java.lang.Thread.run(Thread.java:840)
[12/Sep/2026:16:44:01] INFO - Rapor başarıyla oluşturuldu
[12/Sep/2026:16:44:01] INFO - Sipariş oluşturuldu
[12/Sep/2026:16:44:01] INFO - Sipariş oluşturuldu
[12/Sep/2026:16:44:01] WARN - Disk kullanımı %75'i geçti
[12/Sep/2026:16:44:01] INFO - Yeni kullanıcı kaydı tamamlandı
[12/Sep/2026:16:44:01] INFO - Kullanıcı girişi başarılı
[12/Sep/2026:16:44:01] INFO - Rapor başarıyla oluşturuldu
[12/Sep/2026:16:44:01] INFO - Önbellek (cache) yenilendi
[12/Sep/2026:16:44:01] WARN - Disk kullanımı %75'i geçti
[12/Sep/2026:16:44:01] ERROR - Ödeme servisi zaman aşımına uğradı
    at com.ornek.servis.OdemeServisi.gonder(OdemeServisi.java:42)
    at com.ornek.controller.SiparisController.olustur(SiparisController.java:17)
    at java.base/java.lang.Thread.run(Thread.java:840)
[12/Sep/2026:16:44:01] INFO - Yeni kullanıcı kaydı tamamlandı
[12/Sep/2026:16:44:01] INFO - Sipariş oluşturuldu
[12/Sep/2026:16:44:01] ERROR - Ödeme servisi zaman aşımına uğradı
    at com.ornek.servis.OdemeServisi.gonder(OdemeServisi.java:42)
    at com.ornek.controller.SiparisController.olustur(SiparisController.java:17)
    at java.base/java.lang.Thread.run(Thread.java:840)
[12/Sep/2026:16:44:01] INFO - Yeni kullanıcı kaydı tamamlandı
[12/Sep/2026:16:44:01] INFO - Önbellek (cache) yenilendi
[12/Sep/2026:16:44:01] INFO - Sipariş oluşturuldu
[12/Sep/2026:16:44:01] INFO - Önbellek (cache) yenilendi
[12/Sep/2026:16:44:01] INFO - Yeni kullanıcı kaydı tamamlandı
[12/Sep/2026:16:44:01] INFO - Sipariş oluşturuldu
[12/Sep/2026:16:44:01] INFO - Yeni kullanıcı kaydı tamamlandı
[12/Sep/2026:16:44:01] INFO - Sipariş oluşturuldu
[12/Sep/2026:16:44:01] WARN - Yanıt süresi beklenenden uzun sürdü
[12/Sep/2026:16:44:01] INFO - Kullanıcı girişi başarılı
[12/Sep/2026:16:44:01] INFO - Rapor başarıyla oluşturuldu
[12/Sep/2026:16:44:01] INFO - Kullanıcı girişi başarılı
[12/Sep/2026:16:44:01] INFO - Önbellek (cache) yenilendi
[12/Sep/2026:16:44:01] INFO - Kullanıcı girişi başarılı
[12/Sep/2026:16:44:01] INFO - Yeni kullanıcı kaydı tamamlandı
[12/Sep/2026:16:44:01] INFO - Yeni kullanıcı kaydı tamamlandı
[12/Sep/2026:16:44:01] INFO - Yeni kullanıcı kaydı tamamlandı
[12/Sep/2026:16:44:01] ERROR - Kimlik doğrulama servisi yanıt vermedi
    at com.ornek.servis.OdemeServisi.gonder(OdemeServisi.java:42)
    at com.ornek.controller.SiparisController.olustur(SiparisController.java:17)
    at java.base/java.lang.Thread.run(Thread.java:840)
[12/Sep/2026:16:44:01] INFO - Kullanıcı girişi başarılı
[12/Sep/2026:16:44:01] WARN - Veritabanı bağlantı havuzu %80 dolulukta
[12/Sep/2026:16:44:01] INFO - Önbellek (cache) yenilendi
[12/Sep/2026:16:44:01] INFO - Kullanıcı girişi başarılı
[12/Sep/2026:16:44:01] INFO - Rapor başarıyla oluşturuldu
[12/Sep/2026:16:44:01] INFO - Yeni kullanıcı kaydı tamamlandı
[12/Sep/2026:16:44:01] INFO - Yeni kullanıcı kaydı tamamlandı
[12/Sep/2026:16:44:01] ERROR - Beklenmeyen hata oluştu
    at com.ornek.servis.OdemeServisi.gonder(OdemeServisi.java:42)
    at com.ornek.controller.SiparisController.olustur(SiparisController.java:17)
    at java.base/java.lang.Thread.run(Thread.java:840)
[12/Sep/2026:16:44:01] INFO - Önbellek (cache) yenilendi
[12/Sep/2026:16:44:01] WARN - Veritabanı bağlantı havuzu %80 dolulukta
[12/Sep/2026:16:44:01] WARN - Veritabanı bağlantı havuzu %80 dolulukta
[12/Sep/2026:16:44:01] INFO - Rapor başarıyla oluşturuldu
[12/Sep/2026:16:44:01] ERROR - Stok güncellenirken hata oluştu
    at com.ornek.servis.OdemeServisi.gonder(OdemeServisi.java:42)
    at com.ornek.controller.SiparisController.olustur(SiparisController.java:17)
    at java.base/java.lang.Thread.run(Thread.java:840)
[12/Sep/2026:16:44:01] INFO - Rapor başarıyla oluşturuldu
[12/Sep/2026:16:44:01] ERROR - Beklenmeyen hata oluştu
    at com.ornek.servis.OdemeServisi.gonder(OdemeServisi.java:42)
    at com.ornek.controller.SiparisController.olustur(SiparisController.java:17)
    at java.base/java.lang.Thread.run(Thread.java:840)
[12/Sep/2026:16:44:01] WARN - Veritabanı bağlantı havuzu %80 dolulukta
[12/Sep/2026:16:44:01] INFO - Yeni kullanıcı kaydı tamamlandı
[12/Sep/2026:16:44:01] INFO - Rapor başarıyla oluşturuldu
[12/Sep/2026:16:44:01] INFO - Önbellek (cache) yenilendi
[12/Sep/2026:16:44:01] INFO - Kullanıcı girişi başarılı
[12/Sep/2026:16:44:01] WARN - Disk kullanımı %75'i geçti
[12/Sep/2026:16:44:01] INFO - Yeni kullanıcı kaydı tamamlandı
[12/Sep/2026:16:44:01] ERROR - Stok güncellenirken hata oluştu
    at com.ornek.servis.OdemeServisi.gonder(OdemeServisi.java:42)
    at com.ornek.controller.SiparisController.olustur(SiparisController.java:17)
    at java.base/java.lang.Thread.run(Thread.java:840)
[12/Sep/2026:16:44:01] INFO - Önbellek (cache) yenilendi
[12/Sep/2026:16:44:01] INFO - Rapor başarıyla oluşturuldu
[12/Sep/2026:16:44:01] INFO - Sipariş oluşturuldu
[12/Sep/2026:16:44:01] INFO - Sipariş oluşturuldu
[12/Sep/2026:16:44:01] ERROR - Stok güncellenirken hata oluştu
    at com.ornek.servis.OdemeServisi.gonder(OdemeServisi.java:42)
    at com.ornek.controller.SiparisController.olustur(SiparisController.java:17)
    at java.base/java.lang.Thread.run(Thread.java:840)
[12/Sep/2026:16:44:01] INFO - Önbellek (cache) yenilendi
[12/Sep/2026:16:44:01] INFO - Sipariş oluşturuldu
[12/Sep/2026:16:44:01] WARN - Üçüncü parti servisten yavaş yanıt alındı
[12/Sep/2026:16:44:01] INFO - Sipariş oluşturuldu
[12/Sep/2026:16:44:01] INFO - Sipariş oluşturuldu
[12/Sep/2026:16:44:01] WARN - Disk kullanımı %75'i geçti
[12/Sep/2026:16:44:01] INFO - Önbellek (cache) yenilendi
[12/Sep/2026:16:44:01] INFO - Önbellek (cache) yenilendi
[12/Sep/2026:16:44:01] WARN - Disk kullanımı %75'i geçti
[12/Sep/2026:16:44:01] INFO - Rapor başarıyla oluşturuldu
[12/Sep/2026:16:44:01] WARN - Üçüncü parti servisten yavaş yanıt alındı
[12/Sep/2026:16:44:01] ERROR - Veritabanına bağlanılamadı
    at com.ornek.servis.OdemeServisi.gonder(OdemeServisi.java:42)
    at com.ornek.controller.SiparisController.olustur(SiparisController.java:17)
    at java.base/java.lang.Thread.run(Thread.java:840)
[12/Sep/2026:16:44:01] INFO - Rapor başarıyla oluşturuldu
[12/Sep/2026:16:44:01] INFO - Rapor başarıyla oluşturuldu
[12/Sep/2026:16:44:01] INFO - Kullanıcı girişi başarılı
[12/Sep/2026:16:44:01] INFO - Önbellek (cache) yenilendi
[12/Sep/2026:16:44:01] WARN - Veritabanı bağlantı havuzu %80 dolulukta
[12/Sep/2026:16:44:01] WARN - Yanıt süresi beklenenden uzun sürdü
[12/Sep/2026:16:44:01] WARN - Yanıt süresi beklenenden uzun sürdü
[12/Sep/2026:16:44:01] WARN - Veritabanı bağlantı havuzu %80 dolulukta
[12/Sep/2026:16:44:01] ERROR - Stok güncellenirken hata oluştu
    at com.ornek.servis.OdemeServisi.gonder(OdemeServisi.java:42)
    at com.ornek.controller.SiparisController.olustur(SiparisController.java:17)
    at java.base/java.lang.Thread.run(Thread.java:840)
[12/Sep/2026:16:44:01] WARN - Disk kullanımı %75'i geçti
[12/Sep/2026:16:44:01] WARN - Yanıt süresi beklenenden uzun sürdü
[12/Sep/2026:16:44:01] ERROR - Beklenmeyen hata oluştu
    at com.ornek.servis.OdemeServisi.gonder(OdemeServisi.java:42)
    at com.ornek.controller.SiparisController.olustur(SiparisController.java:17)
    at java.base/java.lang.Thread.run(Thread.java:840)
[12/Sep/2026:16:44:01] ERROR - Ödeme servisi zaman aşımına uğradı
    at com.ornek.servis.OdemeServisi.gonder(OdemeServisi.java:42)
    at com.ornek.controller.SiparisController.olustur(SiparisController.java:17)
    at java.base/java.lang.Thread.run(Thread.java:840)
[12/Sep/2026:16:44:01] INFO - Önbellek (cache) yenilendi
[12/Sep/2026:16:44:01] WARN - Veritabanı bağlantı havuzu %80 dolulukta
[12/Sep/2026:16:44:01] INFO - Yeni kullanıcı kaydı tamamlandı
[12/Sep/2026:16:44:01] WARN - Üçüncü parti servisten yavaş yanıt alındı
[12/Sep/2026:16:44:01] INFO - Kullanıcı girişi başarılı
[12/Sep/2026:16:44:01] WARN - Üçüncü parti servisten yavaş yanıt alındı
[12/Sep/2026:16:44:01] INFO - Rapor başarıyla oluşturuldu
[12/Sep/2026:16:44:01] INFO - Rapor başarıyla oluşturuldu
[12/Sep/2026:16:44:01] INFO - Önbellek (cache) yenilendi
[12/Sep/2026:16:44:01] INFO - Rapor başarıyla oluşturuldu
[12/Sep/2026:16:44:01] INFO - Sipariş oluşturuldu
[12/Sep/2026:16:44:01] INFO - Rapor başarıyla oluşturuldu
[12/Sep/2026:16:44:01] WARN - Disk kullanımı %75'i geçti
[12/Sep/2026:16:44:01] INFO - Yeni kullanıcı kaydı tamamlandı
[12/Sep/2026:16:44:01] INFO - Yeni kullanıcı kaydı tamamlandı
[12/Sep/2026:16:44:01] INFO - Yeni kullanıcı kaydı tamamlandı
[12/Sep/2026:16:44:01] WARN - Üçüncü parti servisten yavaş yanıt alındı
[12/Sep/2026:16:44:01] INFO - Kullanıcı girişi başarılı
[12/Sep/2026:16:44:01] WARN - Disk kullanımı %75'i geçti
[12/Sep/2026:16:44:01] ERROR - Kimlik doğrulama servisi yanıt vermedi
    at com.ornek.servis.OdemeServisi.gonder(OdemeServisi.java:42)
    at com.ornek.controller.SiparisController.olustur(SiparisController.java:17)
    at java.base/java.lang.Thread.run(Thread.java:840)
[12/Sep/2026:16:44:01] WARN - Disk kullanımı %75'i geçti
[12/Sep/2026:16:44:01] ERROR - Kimlik doğrulama servisi yanıt vermedi
    at com.ornek.servis.OdemeServisi.gonder(OdemeServisi.java:42)
    at com.ornek.controller.SiparisController.olustur(SiparisController.java:17)
    at java.base/java.lang.Thread.run(Thread.java:840)
[12/Sep/2026:16:44:01] INFO - Rapor başarıyla oluşturuldu
[12/Sep/2026:16:44:01] INFO - Yeni kullanıcı kaydı tamamlandı
[12/Sep/2026:16:44:01] INFO - Önbellek (cache) yenilendi
[12/Sep/2026:16:44:01] WARN - Disk kullanımı %75'i geçti
[12/Sep/2026:16:44:01] INFO - Sipariş oluşturuldu
[12/Sep/2026:16:44:01] WARN - Veritabanı bağlantı havuzu %80 dolulukta
[12/Sep/2026:16:44:01] INFO - Kullanıcı girişi başarılı
[12/Sep/2026:16:44:01] INFO - Sipariş oluşturuldu
[12/Sep/2026:16:44:01] INFO - Yeni kullanıcı kaydı tamamlandı
[12/Sep/2026:16:44:01] INFO - Önbellek (cache) yenilendi
[12/Sep/2026:16:44:01] INFO - Kullanıcı girişi başarılı
[12/Sep/2026:16:44:01] WARN - Üçüncü parti servisten yavaş yanıt alındı
[12/Sep/2026:16:44:01] WARN - Disk kullanımı %75'i geçti
[12/Sep/2026:16:44:01] WARN - Disk kullanımı %75'i geçti
[12/Sep/2026:16:44:01] WARN - Yanıt süresi beklenenden uzun sürdü
[12/Sep/2026:16:44:01] INFO - Önbellek (cache) yenilendi
[12/Sep/2026:16:44:01] INFO - Yeni kullanıcı kaydı tamamlandı
[12/Sep/2026:16:44:01] ERROR - Kimlik doğrulama servisi yanıt vermedi
    at com.ornek.servis.OdemeServisi.gonder(OdemeServisi.java:42)
    at com.ornek.controller.SiparisController.olustur(SiparisController.java:17)
    at java.base/java.lang.Thread.run(Thread.java:840)
[12/Sep/2026:16:44:01] INFO - Yeni kullanıcı kaydı tamamlandı
[12/Sep/2026:16:44:01] INFO - Kullanıcı girişi başarılı
[12/Sep/2026:16:44:01] INFO - Önbellek (cache) yenilendi
[12/Sep/2026:16:44:01] INFO - Rapor başarıyla oluşturuldu
[12/Sep/2026:16:44:01] WARN - Disk kullanımı %75'i geçti
[12/Sep/2026:16:44:01] INFO - Yeni kullanıcı kaydı tamamlandı
[12/Sep/2026:16:44:01] INFO - Sipariş oluşturuldu
[12/Sep/2026:16:44:01] WARN - Üçüncü parti servisten yavaş yanıt alındı
[12/Sep/2026:16:44:01] INFO - Rapor başarıyla oluşturuldu
[12/Sep/2026:16:44:01] WARN - Yanıt süresi beklenenden uzun sürdü
[12/Sep/2026:16:44:01] INFO - Rapor başarıyla oluşturuldu
[12/Sep/2026:16:44:01] INFO - Önbellek (cache) yenilendi
[12/Sep/2026:16:44:01] INFO - Yeni kullanıcı kaydı tamamlandı
[12/Sep/2026:16:44:01] WARN - Disk kullanımı %75'i geçti
[12/Sep/2026:16:44:01] ERROR - Kimlik doğrulama servisi yanıt vermedi
    at com.ornek.servis.OdemeServisi.gonder(OdemeServisi.java:42)
    at com.ornek.controller.SiparisController.olustur(SiparisController.java:17)
    at java.base/java.lang.Thread.run(Thread.java:840)
[12/Sep/2026:16:44:01] INFO - Önbellek (cache) yenilendi
[12/Sep/2026:16:44:01] WARN - Yanıt süresi beklenenden uzun sürdü
[12/Sep/2026:16:44:01] ERROR - Stok güncellenirken hata oluştu
    at com.ornek.servis.OdemeServisi.gonder(OdemeServisi.java:42)
    at com.ornek.controller.SiparisController.olustur(SiparisController.java:17)
    at java.base/java.lang.Thread.run(Thread.java:840)
[12/Sep/2026:16:44:01] WARN - Disk kullanımı %75'i geçti
[12/Sep/2026:16:44:01] WARN - Yanıt süresi beklenenden uzun sürdü
[12/Sep/2026:16:44:01] INFO - Kullanıcı girişi başarılı
[12/Sep/2026:16:44:01] WARN - Disk kullanımı %75'i geçti
[12/Sep/2026:16:44:01] INFO - Sipariş oluşturuldu
[12/Sep/2026:16:44:01] WARN - Üçüncü parti servisten yavaş yanıt alındı
[12/Sep/2026:16:44:01] INFO - Yeni kullanıcı kaydı tamamlandı
[12/Sep/2026:16:44:01] INFO - Rapor başarıyla oluşturuldu
[12/Sep/2026:16:44:01] INFO - Rapor başarıyla oluşturuldu
[12/Sep/2026:16:44:01] INFO - Rapor başarıyla oluşturuldu
[12/Sep/2026:16:44:01] INFO - Kullanıcı girişi başarılı
[12/Sep/2026:16:44:01] INFO - Önbellek (cache) yenilendi
[12/Sep/2026:16:44:01] WARN - Disk kullanımı %75'i geçti
[12/Sep/2026:16:44:01] ERROR - Stok güncellenirken hata oluştu
    at com.ornek.servis.OdemeServisi.gonder(OdemeServisi.java:42)
    at com.ornek.controller.SiparisController.olustur(SiparisController.java:17)
    at java.base/java.lang.Thread.run(Thread.java:840)
[12/Sep/2026:16:44:01] WARN - Veritabanı bağlantı havuzu %80 dolulukta
[12/Sep/2026:16:44:01] WARN - Disk kullanımı %75'i geçti
[12/Sep/2026:16:44:01] INFO - Sipariş oluşturuldu
[12/Sep/2026:16:44:01] INFO - Sipariş oluşturuldu
[12/Sep/2026:16:44:01] ERROR - Stok güncellenirken hata oluştu
    at com.ornek.servis.OdemeServisi.gonder(OdemeServisi.java:42)
    at com.ornek.controller.SiparisController.olustur(SiparisController.java:17)
    at java.base/java.lang.Thread.run(Thread.java:840)
[12/Sep/2026:16:44:01] WARN - Yanıt süresi beklenenden uzun sürdü
[12/Sep/2026:16:44:01] WARN - Disk kullanımı %75'i geçti
[12/Sep/2026:16:44:01] INFO - Yeni kullanıcı kaydı tamamlandı
[12/Sep/2026:16:44:01] INFO - Kullanıcı girişi başarılı
[12/Sep/2026:16:44:01] WARN - Veritabanı bağlantı havuzu %80 dolulukta
[12/Sep/2026:16:44:01] INFO - Rapor başarıyla oluşturuldu
[12/Sep/2026:16:44:01] INFO - Kullanıcı girişi başarılı
[12/Sep/2026:16:44:01] WARN - Veritabanı bağlantı havuzu %80 dolulukta
[12/Sep/2026:16:44:01] ERROR - Stok güncellenirken hata oluştu
    at com.ornek.servis.OdemeServisi.gonder(OdemeServisi.java:42)
    at com.ornek.controller.SiparisController.olustur(SiparisController.java:17)
    at java.base/java.lang.Thread.run(Thread.java:840)
[12/Sep/2026:16:44:01] INFO - Yeni kullanıcı kaydı tamamlandı
[12/Sep/2026:16:44:01] WARN - Yanıt süresi beklenenden uzun sürdü
[12/Sep/2026:16:44:01] INFO - Önbellek (cache) yenilendi
[12/Sep/2026:16:44:01] ERROR - Ödeme servisi zaman aşımına uğradı
    at com.ornek.servis.OdemeServisi.gonder(OdemeServisi.java:42)
    at com.ornek.controller.SiparisController.olustur(SiparisController.java:17)
    at java.base/java.lang.Thread.run(Thread.java:840)
[12/Sep/2026:16:44:01] ERROR - Kimlik doğrulama servisi yanıt vermedi
    at com.ornek.servis.OdemeServisi.gonder(OdemeServisi.java:42)
    at com.ornek.controller.SiparisController.olustur(SiparisController.java:17)
    at java.base/java.lang.Thread.run(Thread.java:840)
[12/Sep/2026:16:44:01] INFO - Rapor başarıyla oluşturuldu
[12/Sep/2026:16:44:01] INFO - Sipariş oluşturuldu
[12/Sep/2026:16:44:01] INFO - Yeni kullanıcı kaydı tamamlandı
[12/Sep/2026:16:44:01] INFO - Rapor başarıyla oluşturuldu
[12/Sep/2026:16:44:01] INFO - Sipariş oluşturuldu
[12/Sep/2026:16:44:01] INFO - Sipariş oluşturuldu
[12/Sep/2026:16:44:01] INFO - Kullanıcı girişi başarılı
[12/Sep/2026:16:44:01] ERROR - Veritabanına bağlanılamadı
    at com.ornek.servis.OdemeServisi.gonder(OdemeServisi.java:42)
    at com.ornek.controller.SiparisController.olustur(SiparisController.java:17)
    at java.base/java.lang.Thread.run(Thread.java:840)
[12/Sep/2026:16:44:01] INFO - Sipariş oluşturuldu
[12/Sep/2026:16:44:01] WARN - Veritabanı bağlantı havuzu %80 dolulukta
[12/Sep/2026:16:44:01] WARN - Yanıt süresi beklenenden uzun sürdü
[12/Sep/2026:16:44:01] INFO - Rapor başarıyla oluşturuldu
[12/Sep/2026:16:44:01] ERROR - Ödeme servisi zaman aşımına uğradı
    at com.ornek.servis.OdemeServisi.gonder(OdemeServisi.java:42)
    at com.ornek.controller.SiparisController.olustur(SiparisController.java:17)
    at java.base/java.lang.Thread.run(Thread.java:840)
[12/Sep/2026:16:44:01] INFO - Yeni kullanıcı kaydı tamamlandı
[12/Sep/2026:16:44:01] INFO - Önbellek (cache) yenilendi
[12/Sep/2026:16:44:01] INFO - Sipariş oluşturuldu
[12/Sep/2026:16:44:01] INFO - Önbellek (cache) yenilendi
[12/Sep/2026:16:44:01] INFO - Rapor başarıyla oluşturuldu
[12/Sep/2026:16:44:01] ERROR - Kimlik doğrulama servisi yanıt vermedi
    at com.ornek.servis.OdemeServisi.gonder(OdemeServisi.java:42)
    at com.ornek.controller.SiparisController.olustur(SiparisController.java:17)
    at java.base/java.lang.Thread.run(Thread.java:840)
[12/Sep/2026:16:44:01] ERROR - Veritabanına bağlanılamadı
    at com.ornek.servis.OdemeServisi.gonder(OdemeServisi.java:42)
    at com.ornek.controller.SiparisController.olustur(SiparisController.java:17)
    at java.base/java.lang.Thread.run(Thread.java:840)
[12/Sep/2026:16:44:01] INFO - Yeni kullanıcı kaydı tamamlandı
[12/Sep/2026:16:44:01] INFO - Kullanıcı girişi başarılı
[12/Sep/2026:16:44:01] INFO - Kullanıcı girişi başarılı
[12/Sep/2026:16:44:01] INFO - Kullanıcı girişi başarılı
[12/Sep/2026:16:44:01] INFO - Sipariş oluşturuldu
[12/Sep/2026:16:44:01] ERROR - Stok güncellenirken hata oluştu
    at com.ornek.servis.OdemeServisi.gonder(OdemeServisi.java:42)
    at com.ornek.controller.SiparisController.olustur(SiparisController.java:17)
    at java.base/java.lang.Thread.run(Thread.java:840)
[12/Sep/2026:16:44:01] INFO - Kullanıcı girişi başarılı
[12/Sep/2026:16:44:01] INFO - Kullanıcı girişi başarılı
[12/Sep/2026:16:44:01] INFO - Rapor başarıyla oluşturuldu
[12/Sep/2026:16:44:01] INFO - Önbellek (cache) yenilendi
[12/Sep/2026:16:44:01] INFO - Yeni kullanıcı kaydı tamamlandı
[12/Sep/2026:16:44:01] ERROR - Stok güncellenirken hata oluştu
    at com.ornek.servis.OdemeServisi.gonder(OdemeServisi.java:42)
    at com.ornek.controller.SiparisController.olustur(SiparisController.java:17)
    at java.base/java.lang.Thread.run(Thread.java:840)
[12/Sep/2026:16:44:01] INFO - Rapor başarıyla oluşturuldu
[12/Sep/2026:16:44:01] WARN - Disk kullanımı %75'i geçti
[12/Sep/2026:16:44:01] INFO - Sipariş oluşturuldu
[12/Sep/2026:16:44:01] INFO - Sipariş oluşturuldu
[12/Sep/2026:16:44:01] INFO - Kullanıcı girişi başarılı
[12/Sep/2026:16:44:01] INFO - Kullanıcı girişi başarılı
[12/Sep/2026:16:44:01] INFO - Kullanıcı girişi başarılı
[12/Sep/2026:16:44:01] WARN - Disk kullanımı %75'i geçti
[12/Sep/2026:16:44:01] INFO - Kullanıcı girişi başarılı
[12/Sep/2026:16:44:01] INFO - Kullanıcı girişi başarılı
[12/Sep/2026:16:44:01] INFO - Rapor başarıyla oluşturuldu
[12/Sep/2026:16:44:01] INFO - Rapor başarıyla oluşturuldu
[12/Sep/2026:16:44:01] INFO - Kullanıcı girişi başarılı
[12/Sep/2026:16:44:01] INFO - Rapor başarıyla oluşturuldu
[12/Sep/2026:16:44:01] INFO - Önbellek (cache) yenilendi
[12/Sep/2026:16:44:01] INFO - Sipariş oluşturuldu
[12/Sep/2026:16:44:01] INFO - Yeni kullanıcı kaydı tamamlandı
[12/Sep/2026:16:44:01] INFO - Sipariş oluşturuldu
[12/Sep/2026:16:44:01] ERROR - Veritabanına bağlanılamadı
    at com.ornek.servis.OdemeServisi.gonder(OdemeServisi.java:42)
    at com.ornek.controller.SiparisController.olustur(SiparisController.java:17)
    at java.base/java.lang.Thread.run(Thread.java:840)
[12/Sep/2026:16:44:01] INFO - Kullanıcı girişi başarılı
[12/Sep/2026:16:44:01] INFO - Rapor başarıyla oluşturuldu
[12/Sep/2026:16:44:01] WARN - Üçüncü parti servisten yavaş yanıt alındı
[12/Sep/2026:16:44:01] INFO - Rapor başarıyla oluşturuldu
[12/Sep/2026:16:44:01] INFO - Rapor başarıyla oluşturuldu
[12/Sep/2026:16:44:01] INFO - Sipariş oluşturuldu
[12/Sep/2026:16:44:01] INFO - Kullanıcı girişi başarılı
[12/Sep/2026:16:44:01] INFO - Yeni kullanıcı kaydı tamamlandı
[12/Sep/2026:16:44:01] INFO - Sipariş oluşturuldu
[12/Sep/2026:16:44:01] INFO - Rapor başarıyla oluşturuldu
[12/Sep/2026:16:44:01] INFO - Rapor başarıyla oluşturuldu
[12/Sep/2026:16:44:01] INFO - Yeni kullanıcı kaydı tamamlandı
[12/Sep/2026:16:44:01] INFO - Sipariş oluşturuldu
[12/Sep/2026:16:44:01] INFO - Kullanıcı girişi başarılı
[12/Sep/2026:16:44:01] INFO - Yeni kullanıcı kaydı tamamlandı
[12/Sep/2026:16:44:01] INFO - Rapor başarıyla oluşturuldu
[12/Sep/2026:16:44:01] ERROR - Beklenmeyen hata oluştu
    at com.ornek.servis.OdemeServisi.gonder(OdemeServisi.java:42)
    at com.ornek.controller.SiparisController.olustur(SiparisController.java:17)
    at java.base/java.lang.Thread.run(Thread.java:840)
[12/Sep/2026:16:44:01] INFO - Kullanıcı girişi başarılı
[12/Sep/2026:16:44:01] WARN - Üçüncü parti servisten yavaş yanıt alındı
[12/Sep/2026:16:44:01] INFO - Yeni kullanıcı kaydı tamamlandı
[12/Sep/2026:16:44:01] INFO - Yeni kullanıcı kaydı tamamlandı
[12/Sep/2026:16:44:01] ERROR - Veritabanına bağlanılamadı
    at com.ornek.servis.OdemeServisi.gonder(OdemeServisi.java:42)
    at com.ornek.controller.SiparisController.olustur(SiparisController.java:17)
    at java.base/java.lang.Thread.run(Thread.java:840)
[12/Sep/2026:16:44:01] ERROR - Kimlik doğrulama servisi yanıt vermedi
    at com.ornek.servis.OdemeServisi.gonder(OdemeServisi.java:42)
    at com.ornek.controller.SiparisController.olustur(SiparisController.java:17)
    at java.base/java.lang.Thread.run(Thread.java:840)
[12/Sep/2026:16:44:01] INFO - Rapor başarıyla oluşturuldu
[12/Sep/2026:16:44:01] INFO - Rapor başarıyla oluşturuldu
[12/Sep/2026:16:44:01] INFO - Sipariş oluşturuldu
[12/Sep/2026:16:44:01] INFO - Kullanıcı girişi başarılı
[12/Sep/2026:16:44:01] ERROR - Ödeme servisi zaman aşımına uğradı
    at com.ornek.servis.OdemeServisi.gonder(OdemeServisi.java:42)
    at com.ornek.controller.SiparisController.olustur(SiparisController.java:17)
    at java.base/java.lang.Thread.run(Thread.java:840)
[12/Sep/2026:16:44:01] INFO - Önbellek (cache) yenilendi
[12/Sep/2026:16:44:01] INFO - Kullanıcı girişi başarılı
[12/Sep/2026:16:44:01] INFO - Yeni kullanıcı kaydı tamamlandı
[12/Sep/2026:16:44:01] ERROR - Veritabanına bağlanılamadı
    at com.ornek.servis.OdemeServisi.gonder(OdemeServisi.java:42)
    at com.ornek.controller.SiparisController.olustur(SiparisController.java:17)
    at java.base/java.lang.Thread.run(Thread.java:840)
[12/Sep/2026:16:44:01] INFO - Önbellek (cache) yenilendi
[12/Sep/2026:16:44:01] INFO - Önbellek (cache) yenilendi
[12/Sep/2026:16:44:01] WARN - Disk kullanımı %75'i geçti
[12/Sep/2026:16:44:01] INFO - Sipariş oluşturuldu
[12/Sep/2026:16:44:01] INFO - Sipariş oluşturuldu
[12/Sep/2026:16:44:01] WARN - Disk kullanımı %75'i geçti
[12/Sep/2026:16:44:01] INFO - Sipariş oluşturuldu
[12/Sep/2026:16:44:01] WARN - Veritabanı bağlantı havuzu %80 dolulukta
[12/Sep/2026:16:44:01] INFO - Sipariş oluşturuldu
[12/Sep/2026:16:44:01] INFO - Rapor başarıyla oluşturuldu
[12/Sep/2026:16:44:01] INFO - Kullanıcı girişi başarılı
[12/Sep/2026:16:44:01] INFO - Önbellek (cache) yenilendi
[12/Sep/2026:16:44:01] INFO - Önbellek (cache) yenilendi
[12/Sep/2026:16:44:01] INFO - Sipariş oluşturuldu
[12/Sep/2026:16:44:01] WARN - Üçüncü parti servisten yavaş yanıt alındı
[12/Sep/2026:16:44:01] INFO - Önbellek (cache) yenilendi
[12/Sep/2026:16:44:01] WARN - Yanıt süresi beklenenden uzun sürdü
[12/Sep/2026:16:44:01] INFO - Rapor başarıyla oluşturuldu
[12/Sep/2026:16:44:01] INFO - Sipariş oluşturuldu
[12/Sep/2026:16:44:01] INFO - Önbellek (cache) yenilendi
[12/Sep/2026:16:44:01] ERROR - Ödeme servisi zaman aşımına uğradı
    at com.ornek.servis.OdemeServisi.gonder(OdemeServisi.java:42)
    at com.ornek.controller.SiparisController.olustur(SiparisController.java:17)
    at java.base/java.lang.Thread.run(Thread.java:840)
[12/Sep/2026:16:44:01] INFO - Kullanıcı girişi başarılı
[12/Sep/2026:16:44:01] INFO - Sipariş oluşturuldu
[12/Sep/2026:16:44:01] INFO - Kullanıcı girişi başarılı
[12/Sep/2026:16:44:01] INFO - Sipariş oluşturuldu
[12/Sep/2026:16:44:01] WARN - Veritabanı bağlantı havuzu %80 dolulukta
[12/Sep/2026:16:44:01] INFO - Kullanıcı girişi başarılı
[12/Sep/2026:16:44:01] INFO - Sipariş oluşturuldu
[12/Sep/2026:16:44:01] INFO - Kullanıcı girişi başarılı
[12/Sep/2026:16:44:01] INFO - Kullanıcı girişi başarılı
[12/Sep/2026:16:44:01] INFO - Sipariş oluşturuldu
[12/Sep/2026:16:44:01] INFO - Kullanıcı girişi başarılı
[12/Sep/2026:16:44:01] INFO - Kullanıcı girişi başarılı
[12/Sep/2026:16:44:01] INFO - Kullanıcı girişi başarılı
[12/Sep/2026:16:44:01] INFO - Yeni kullanıcı kaydı tamamlandı
[12/Sep/2026:16:44:01] ERROR - Stok güncellenirken hata oluştu
    at com.ornek.servis.OdemeServisi.gonder(OdemeServisi.java:42)
    at com.ornek.controller.SiparisController.olustur(SiparisController.java:17)
    at java.base/java.lang.Thread.run(Thread.java:840)
[12/Sep/2026:16:44:01] INFO - Yeni kullanıcı kaydı tamamlandı
[12/Sep/2026:16:44:01] WARN - Yanıt süresi beklenenden uzun sürdü
[12/Sep/2026:16:44:01] INFO - Önbellek (cache) yenilendi
[12/Sep/2026:16:44:01] INFO - Rapor başarıyla oluşturuldu
[12/Sep/2026:16:44:01] ERROR - Kimlik doğrulama servisi yanıt vermedi
    at com.ornek.servis.OdemeServisi.gonder(OdemeServisi.java:42)
    at com.ornek.controller.SiparisController.olustur(SiparisController.java:17)
    at java.base/java.lang.Thread.run(Thread.java:840)
[12/Sep/2026:16:44:01] ERROR - Ödeme servisi zaman aşımına uğradı
    at com.ornek.servis.OdemeServisi.gonder(OdemeServisi.java:42)
    at com.ornek.controller.SiparisController.olustur(SiparisController.java:17)
    at java.base/java.lang.Thread.run(Thread.java:840)
[12/Sep/2026:16:44:01] ERROR - Stok güncellenirken hata oluştu
    at com.ornek.servis.OdemeServisi.gonder(OdemeServisi.java:42)
    at com.ornek.controller.SiparisController.olustur(SiparisController.java:17)
    at java.base/java.lang.Thread.run(Thread.java:840)
[12/Sep/2026:16:44:01] INFO - Sipariş oluşturuldu
[12/Sep/2026:16:44:01] INFO - Sipariş oluşturuldu
[12/Sep/2026:16:44:01] INFO - Sipariş oluşturuldu
[12/Sep/2026:16:44:01] INFO - Sipariş oluşturuldu
[12/Sep/2026:16:44:01] WARN - Disk kullanımı %75'i geçti
[12/Sep/2026:16:44:01] INFO - Yeni kullanıcı kaydı tamamlandı
[12/Sep/2026:16:44:01] INFO - Yeni kullanıcı kaydı tamamlandı
[12/Sep/2026:16:44:01] ERROR - Veritabanına bağlanılamadı
    at com.ornek.servis.OdemeServisi.gonder(OdemeServisi.java:42)
    at com.ornek.controller.SiparisController.olustur(SiparisController.java:17)
    at java.base/java.lang.Thread.run(Thread.java:840)
[12/Sep/2026:16:44:01] INFO - Önbellek (cache) yenilendi
[12/Sep/2026:16:44:01] INFO - Yeni kullanıcı kaydı tamamlandı
[12/Sep/2026:16:44:01] INFO - Sipariş oluşturuldu
[12/Sep/2026:16:44:01] INFO - Sipariş oluşturuldu
[12/Sep/2026:16:44:01] INFO - Sipariş oluşturuldu
[12/Sep/2026:16:44:01] INFO - Sipariş oluşturuldu
[12/Sep/2026:16:44:01] INFO - Kullanıcı girişi başarılı
[12/Sep/2026:16:44:01] INFO - Yeni kullanıcı kaydı tamamlandı
[12/Sep/2026:16:44:01] INFO - Sipariş oluşturuldu
[12/Sep/2026:16:44:01] ERROR - Ödeme servisi zaman aşımına uğradı
    at com.ornek.servis.OdemeServisi.gonder(OdemeServisi.java:42)
    at com.ornek.controller.SiparisController.olustur(SiparisController.java:17)
    at java.base/java.lang.Thread.run(Thread.java:840)
[12/Sep/2026:16:44:01] INFO - Yeni kullanıcı kaydı tamamlandı
[12/Sep/2026:16:44:01] WARN - Disk kullanımı %75'i geçti
[12/Sep/2026:16:44:01] ERROR - Beklenmeyen hata oluştu
    at com.ornek.servis.OdemeServisi.gonder(OdemeServisi.java:42)
    at com.ornek.controller.SiparisController.olustur(SiparisController.java:17)
    at java.base/java.lang.Thread.run(Thread.java:840)
[12/Sep/2026:16:44:01] INFO - Yeni kullanıcı kaydı tamamlandı
[12/Sep/2026:16:44:01] WARN - Üçüncü parti servisten yavaş yanıt alındı
[12/Sep/2026:16:44:01] INFO - Sipariş oluşturuldu
[12/Sep/2026:16:44:01] INFO - Kullanıcı girişi başarılı
[12/Sep/2026:16:44:01] INFO - Sipariş oluşturuldu
[12/Sep/2026:16:44:01] INFO - Önbellek (cache) yenilendi
[12/Sep/2026:16:44:01] INFO - Rapor başarıyla oluşturuldu
[12/Sep/2026:16:44:01] INFO - Önbellek (cache) yenilendi
[12/Sep/2026:16:44:01] INFO - Kullanıcı girişi başarılı
[12/Sep/2026:16:44:01] INFO - Sipariş oluşturuldu
[12/Sep/2026:16:44:01] INFO - Sipariş oluşturuldu
[12/Sep/2026:16:44:01] WARN - Üçüncü parti servisten yavaş yanıt alındı
[12/Sep/2026:16:44:01] INFO - Kullanıcı girişi başarılı
[12/Sep/2026:16:44:01] INFO - Sipariş oluşturuldu
[12/Sep/2026:16:44:01] ERROR - Kimlik doğrulama servisi yanıt vermedi
    at com.ornek.servis.OdemeServisi.gonder(OdemeServisi.java:42)
    at com.ornek.controller.SiparisController.olustur(SiparisController.java:17)
    at java.base/java.lang.Thread.run(Thread.java:840)
[12/Sep/2026:16:44:01] INFO - Rapor başarıyla oluşturuldu
[12/Sep/2026:16:44:01] WARN - Veritabanı bağlantı havuzu %80 dolulukta
[12/Sep/2026:16:44:01] INFO - Kullanıcı girişi başarılı
[12/Sep/2026:16:44:01] INFO - Sipariş oluşturuldu
[12/Sep/2026:16:44:01] WARN - Üçüncü parti servisten yavaş yanıt alındı
[12/Sep/2026:16:44:01] WARN - Veritabanı bağlantı havuzu %80 dolulukta
[12/Sep/2026:16:44:01] INFO - Yeni kullanıcı kaydı tamamlandı
[12/Sep/2026:16:44:01] INFO - Önbellek (cache) yenilendi
[12/Sep/2026:16:44:01] INFO - Kullanıcı girişi başarılı
[12/Sep/2026:16:44:01] INFO - Önbellek (cache) yenilendi
[12/Sep/2026:16:44:01] INFO - Önbellek (cache) yenilendi
[12/Sep/2026:16:44:01] INFO - Kullanıcı girişi başarılı
[12/Sep/2026:16:44:01] INFO - Kullanıcı girişi başarılı
[12/Sep/2026:16:44:01] INFO - Yeni kullanıcı kaydı tamamlandı
[12/Sep/2026:16:44:01] INFO - Kullanıcı girişi başarılı
[12/Sep/2026:16:44:01] INFO - Sipariş oluşturuldu
[12/Sep/2026:16:44:01] INFO - Kullanıcı girişi başarılı
[12/Sep/2026:16:44:01] INFO - Rapor başarıyla oluşturuldu
[12/Sep/2026:16:44:01] INFO - Yeni kullanıcı kaydı tamamlandı
[12/Sep/2026:16:44:01] INFO - Kullanıcı girişi başarılı
[12/Sep/2026:16:44:01] INFO - Rapor başarıyla oluşturuldu
[12/Sep/2026:16:44:01] ERROR - Beklenmeyen hata oluştu
    at com.ornek.servis.OdemeServisi.gonder(OdemeServisi.java:42)
    at com.ornek.controller.SiparisController.olustur(SiparisController.java:17)
    at java.base/java.lang.Thread.run(Thread.java:840)
[12/Sep/2026:16:44:01] INFO - Sipariş oluşturuldu
[12/Sep/2026:16:44:01] INFO - Sipariş oluşturuldu
[12/Sep/2026:16:44:01] INFO - Yeni kullanıcı kaydı tamamlandı
[12/Sep/2026:16:44:01] WARN - Üçüncü parti servisten yavaş yanıt alındı
[12/Sep/2026:16:44:01] INFO - Rapor başarıyla oluşturuldu
[12/Sep/2026:16:44:01] INFO - Sipariş oluşturuldu
[12/Sep/2026:16:44:01] INFO - Rapor başarıyla oluşturuldu
[12/Sep/2026:16:44:01] ERROR - Ödeme servisi zaman aşımına uğradı
    at com.ornek.servis.OdemeServisi.gonder(OdemeServisi.java:42)
    at com.ornek.controller.SiparisController.olustur(SiparisController.java:17)
    at java.base/java.lang.Thread.run(Thread.java:840)
[12/Sep/2026:16:44:01] INFO - Önbellek (cache) yenilendi
[12/Sep/2026:16:44:01] WARN - Yanıt süresi beklenenden uzun sürdü
[12/Sep/2026:16:44:01] INFO - Sipariş oluşturuldu
[12/Sep/2026:16:44:01] INFO - Yeni kullanıcı kaydı tamamlandı
[12/Sep/2026:16:44:01] INFO - Kullanıcı girişi başarılı
[12/Sep/2026:16:44:01] INFO - Sipariş oluşturuldu
[12/Sep/2026:16:44:01] WARN - Disk kullanımı %75'i geçti
[12/Sep/2026:16:44:01] INFO - Yeni kullanıcı kaydı tamamlandı
[12/Sep/2026:16:44:01] INFO - Sipariş oluşturuldu
[12/Sep/2026:16:44:01] WARN - Yanıt süresi beklenenden uzun sürdü
[12/Sep/2026:16:44:01] INFO - Rapor başarıyla oluşturuldu
[12/Sep/2026:16:44:01] ERROR - Stok güncellenirken hata oluştu
    at com.ornek.servis.OdemeServisi.gonder(OdemeServisi.java:42)
    at com.ornek.controller.SiparisController.olustur(SiparisController.java:17)
    at java.base/java.lang.Thread.run(Thread.java:840)
[12/Sep/2026:16:44:01] INFO - Rapor başarıyla oluşturuldu
[12/Sep/2026:16:44:01] INFO - Kullanıcı girişi başarılı
[12/Sep/2026:16:44:01] INFO - Rapor başarıyla oluşturuldu
[12/Sep/2026:16:44:01] WARN - Üçüncü parti servisten yavaş yanıt alındı
[12/Sep/2026:16:44:01] INFO - Yeni kullanıcı kaydı tamamlandı
[12/Sep/2026:16:44:01] INFO - Rapor başarıyla oluşturuldu
[12/Sep/2026:16:44:01] INFO - Sipariş oluşturuldu
[12/Sep/2026:16:44:01] INFO - Sipariş oluşturuldu
[12/Sep/2026:16:44:01] INFO - Sipariş oluşturuldu
[12/Sep/2026:16:44:01] WARN - Yanıt süresi beklenenden uzun sürdü
[12/Sep/2026:16:44:01] INFO - Sipariş oluşturuldu
[12/Sep/2026:16:44:01] INFO - Yeni kullanıcı kaydı tamamlandı
[12/Sep/2026:16:44:01] INFO - Yeni kullanıcı kaydı tamamlandı
[12/Sep/2026:16:44:01] INFO - Yeni kullanıcı kaydı tamamlandı
[12/Sep/2026:16:44:01] INFO - Kullanıcı girişi başarılı
[12/Sep/2026:16:44:01] INFO - Kullanıcı girişi başarılı
[12/Sep/2026:16:44:01] INFO - Sipariş oluşturuldu
[12/Sep/2026:16:44:01] WARN - Üçüncü parti servisten yavaş yanıt alındı
[12/Sep/2026:16:44:01] INFO - Kullanıcı girişi başarılı
[12/Sep/2026:16:44:01] INFO - Rapor başarıyla oluşturuldu
[12/Sep/2026:16:44:01] INFO - Rapor başarıyla oluşturuldu
[12/Sep/2026:16:44:01] INFO - Rapor başarıyla oluşturuldu
[12/Sep/2026:16:44:01] INFO - Sipariş oluşturuldu
[12/Sep/2026:16:44:01] WARN - Veritabanı bağlantı havuzu %80 dolulukta
[12/Sep/2026:16:44:01] INFO - Sipariş oluşturuldu
[12/Sep/2026:16:44:01] INFO - Önbellek (cache) yenilendi
[12/Sep/2026:16:44:01] INFO - Sipariş oluşturuldu
[12/Sep/2026:16:44:01] WARN - Veritabanı bağlantı havuzu %80 dolulukta
[12/Sep/2026:16:44:01] INFO - Sipariş oluşturuldu
[12/Sep/2026:16:44:01] ERROR - Veritabanına bağlanılamadı
    at com.ornek.servis.OdemeServisi.gonder(OdemeServisi.java:42)
    at com.ornek.controller.SiparisController.olustur(SiparisController.java:17)
    at java.base/java.lang.Thread.run(Thread.java:840)
[12/Sep/2026:16:44:01] WARN - Yanıt süresi beklenenden uzun sürdü
[12/Sep/2026:16:44:01] WARN - Yanıt süresi beklenenden uzun sürdü
[12/Sep/2026:16:44:01] INFO - Rapor başarıyla oluşturuldu
[12/Sep/2026:16:44:01] INFO - Rapor başarıyla oluşturuldu
[12/Sep/2026:16:44:01] INFO - Yeni kullanıcı kaydı tamamlandı
[12/Sep/2026:16:44:01] INFO - Sipariş oluşturuldu
[12/Sep/2026:16:44:01] INFO - Yeni kullanıcı kaydı tamamlandı
[12/Sep/2026:16:44:01] INFO - Önbellek (cache) yenilendi
[12/Sep/2026:16:44:01] INFO - Kullanıcı girişi başarılı
[12/Sep/2026:16:44:01] INFO - Kullanıcı girişi başarılı
[12/Sep/2026:16:44:01] INFO - Sipariş oluşturuldu
[12/Sep/2026:16:44:01] INFO - Yeni kullanıcı kaydı tamamlandı
[12/Sep/2026:16:44:01] WARN - Veritabanı bağlantı havuzu %80 dolulukta
[12/Sep/2026:16:44:01] INFO - Önbellek (cache) yenilendi
[12/Sep/2026:16:44:01] INFO - Rapor başarıyla oluşturuldu
[12/Sep/2026:16:44:01] WARN - Üçüncü parti servisten yavaş yanıt alındı
[12/Sep/2026:16:44:01] INFO - Önbellek (cache) yenilendi
[12/Sep/2026:16:44:01] INFO - Sipariş oluşturuldu
[12/Sep/2026:16:44:01] INFO - Yeni kullanıcı kaydı tamamlandı
[12/Sep/2026:16:45:01] WARN - Yanıt süresi beklenenden uzun sürdü
[12/Sep/2026:16:45:01] INFO - Sipariş oluşturuldu
[12/Sep/2026:16:45:01] INFO - Önbellek (cache) yenilendi
[12/Sep/2026:16:45:01] ERROR - Beklenmeyen hata oluştu
    at com.ornek.servis.OdemeServisi.gonder(OdemeServisi.java:42)
    at com.ornek.controller.SiparisController.olustur(SiparisController.java:17)
    at java.base/java.lang.Thread.run(Thread.java:840)
[12/Sep/2026:16:45:01] INFO - Önbellek (cache) yenilendi
[12/Sep/2026:16:45:01] INFO - Kullanıcı girişi başarılı
[12/Sep/2026:16:45:01] INFO - Rapor başarıyla oluşturuldu
[12/Sep/2026:16:45:01] INFO - Rapor başarıyla oluşturuldu
[12/Sep/2026:16:45:01] INFO - Yeni kullanıcı kaydı tamamlandı
[12/Sep/2026:16:45:01] WARN - Üçüncü parti servisten yavaş yanıt alındı
[12/Sep/2026:16:45:01] WARN - Üçüncü parti servisten yavaş yanıt alındı
[12/Sep/2026:16:45:01] INFO - Kullanıcı girişi başarılı
[12/Sep/2026:16:45:01] INFO - Yeni kullanıcı kaydı tamamlandı
[12/Sep/2026:16:45:01] INFO - Rapor başarıyla oluşturuldu
[12/Sep/2026:16:45:01] WARN - Üçüncü parti servisten yavaş yanıt alındı
[12/Sep/2026:16:45:01] INFO - Sipariş oluşturuldu
[12/Sep/2026:16:45:01] WARN - Veritabanı bağlantı havuzu %80 dolulukta
[12/Sep/2026:16:45:01] ERROR - Beklenmeyen hata oluştu
    at com.ornek.servis.OdemeServisi.gonder(OdemeServisi.java:42)
    at com.ornek.controller.SiparisController.olustur(SiparisController.java:17)
    at java.base/java.lang.Thread.run(Thread.java:840)
[12/Sep/2026:16:45:01] INFO - Sipariş oluşturuldu
[12/Sep/2026:16:45:01] INFO - Sipariş oluşturuldu
[12/Sep/2026:16:45:01] INFO - Yeni kullanıcı kaydı tamamlandı
[12/Sep/2026:16:45:01] INFO - Önbellek (cache) yenilendi
[12/Sep/2026:16:45:01] INFO - Rapor başarıyla oluşturuldu
[12/Sep/2026:16:45:01] INFO - Sipariş oluşturuldu
[12/Sep/2026:16:45:01] INFO - Yeni kullanıcı kaydı tamamlandı
[12/Sep/2026:16:45:01] INFO - Sipariş oluşturuldu
[12/Sep/2026:16:45:01] INFO - Kullanıcı girişi başarılı
[12/Sep/2026:16:45:01] INFO - Önbellek (cache) yenilendi
[12/Sep/2026:16:45:01] WARN - Veritabanı bağlantı havuzu %80 dolulukta
[12/Sep/2026:16:45:01] INFO - Kullanıcı girişi başarılı
[12/Sep/2026:16:45:01] INFO - Sipariş oluşturuldu
[12/Sep/2026:16:45:01] INFO - Önbellek (cache) yenilendi
[12/Sep/2026:16:45:01] WARN - Disk kullanımı %75'i geçti
[12/Sep/2026:16:45:01] ERROR - Beklenmeyen hata oluştu
    at com.ornek.servis.OdemeServisi.gonder(OdemeServisi.java:42)
    at com.ornek.controller.SiparisController.olustur(SiparisController.java:17)
    at java.base/java.lang.Thread.run(Thread.java:840)
[12/Sep/2026:16:45:01] WARN - Veritabanı bağlantı havuzu %80 dolulukta
[12/Sep/2026:16:45:01] ERROR - Beklenmeyen hata oluştu
    at com.ornek.servis.OdemeServisi.gonder(OdemeServisi.java:42)
    at com.ornek.controller.SiparisController.olustur(SiparisController.java:17)
    at java.base/java.lang.Thread.run(Thread.java:840)
[12/Sep/2026:16:45:01] WARN - Yanıt süresi beklenenden uzun sürdü
[12/Sep/2026:16:45:01] INFO - Yeni kullanıcı kaydı tamamlandı
[12/Sep/2026:16:45:01] WARN - Yanıt süresi beklenenden uzun sürdü
[12/Sep/2026:16:45:01] WARN - Üçüncü parti servisten yavaş yanıt alındı
[12/Sep/2026:16:45:01] WARN - Yanıt süresi beklenenden uzun sürdü
[12/Sep/2026:16:45:01] WARN - Veritabanı bağlantı havuzu %80 dolulukta
[12/Sep/2026:16:45:01] INFO - Sipariş oluşturuldu
[12/Sep/2026:16:45:01] INFO - Rapor başarıyla oluşturuldu
[12/Sep/2026:16:45:01] INFO - Sipariş oluşturuldu
[12/Sep/2026:16:45:01] INFO - Yeni kullanıcı kaydı tamamlandı
[12/Sep/2026:16:45:01] WARN - Yanıt süresi beklenenden uzun sürdü
[12/Sep/2026:16:45:01] INFO - Sipariş oluşturuldu
[12/Sep/2026:16:45:01] INFO - Sipariş oluşturuldu
[12/Sep/2026:16:45:01] WARN - Yanıt süresi beklenenden uzun sürdü
[12/Sep/2026:16:45:01] ERROR - Kimlik doğrulama servisi yanıt vermedi
    at com.ornek.servis.OdemeServisi.gonder(OdemeServisi.java:42)
    at com.ornek.controller.SiparisController.olustur(SiparisController.java:17)
    at java.base/java.lang.Thread.run(Thread.java:840)
[12/Sep/2026:16:45:01] WARN - Disk kullanımı %75'i geçti
[12/Sep/2026:16:45:01] INFO - Kullanıcı girişi başarılı
[12/Sep/2026:16:45:01] INFO - Yeni kullanıcı kaydı tamamlandı
[12/Sep/2026:16:45:01] INFO - Sipariş oluşturuldu
[12/Sep/2026:16:45:01] INFO - Yeni kullanıcı kaydı tamamlandı
[12/Sep/2026:16:45:01] INFO - Kullanıcı girişi başarılı
[12/Sep/2026:16:45:01] INFO - Rapor başarıyla oluşturuldu
[12/Sep/2026:16:45:01] WARN - Üçüncü parti servisten yavaş yanıt alındı
[12/Sep/2026:16:45:01] INFO - Rapor başarıyla oluşturuldu
[12/Sep/2026:16:45:01] ERROR - Veritabanına bağlanılamadı
    at com.ornek.servis.OdemeServisi.gonder(OdemeServisi.java:42)
    at com.ornek.controller.SiparisController.olustur(SiparisController.java:17)
    at java.base/java.lang.Thread.run(Thread.java:840)
[12/Sep/2026:16:45:01] INFO - Sipariş oluşturuldu
[12/Sep/2026:16:45:01] WARN - Veritabanı bağlantı havuzu %80 dolulukta
[12/Sep/2026:16:45:01] INFO - Sipariş oluşturuldu
[12/Sep/2026:16:45:01] WARN - Veritabanı bağlantı havuzu %80 dolulukta
[12/Sep/2026:16:45:01] INFO - Yeni kullanıcı kaydı tamamlandı
[12/Sep/2026:16:45:01] ERROR - Beklenmeyen hata oluştu
    at com.ornek.servis.OdemeServisi.gonder(OdemeServisi.java:42)
    at com.ornek.controller.SiparisController.olustur(SiparisController.java:17)
    at java.base/java.lang.Thread.run(Thread.java:840)
[12/Sep/2026:16:45:01] INFO - Yeni kullanıcı kaydı tamamlandı
[12/Sep/2026:16:45:01] INFO - Rapor başarıyla oluşturuldu
[12/Sep/2026:16:45:01] INFO - Önbellek (cache) yenilendi
[12/Sep/2026:16:45:01] INFO - Kullanıcı girişi başarılı
[12/Sep/2026:16:45:01] INFO - Sipariş oluşturuldu
[12/Sep/2026:16:45:01] INFO - Yeni kullanıcı kaydı tamamlandı
[12/Sep/2026:16:45:01] WARN - Veritabanı bağlantı havuzu %80 dolulukta
[12/Sep/2026:16:45:01] INFO - Yeni kullanıcı kaydı tamamlandı
[12/Sep/2026:16:45:01] INFO - Önbellek (cache) yenilendi
[12/Sep/2026:16:45:01] INFO - Sipariş oluşturuldu
[12/Sep/2026:16:45:01] INFO - Yeni kullanıcı kaydı tamamlandı
[12/Sep/2026:16:45:01] INFO - Kullanıcı girişi başarılı
[12/Sep/2026:16:45:01] WARN - Yanıt süresi beklenenden uzun sürdü
[12/Sep/2026:16:45:01] INFO - Rapor başarıyla oluşturuldu
[12/Sep/2026:16:45:01] INFO - Yeni kullanıcı kaydı tamamlandı
[12/Sep/2026:16:45:01] INFO - Sipariş oluşturuldu
[12/Sep/2026:16:45:01] INFO - Yeni kullanıcı kaydı tamamlandı
[12/Sep/2026:16:45:01] INFO - Sipariş oluşturuldu
[12/Sep/2026:16:45:01] WARN - Veritabanı bağlantı havuzu %80 dolulukta
[12/Sep/2026:16:45:01] INFO - Sipariş oluşturuldu
[12/Sep/2026:16:45:01] INFO - Kullanıcı girişi başarılı
[12/Sep/2026:16:45:01] ERROR - Beklenmeyen hata oluştu
    at com.ornek.servis.OdemeServisi.gonder(OdemeServisi.java:42)
    at com.ornek.controller.SiparisController.olustur(SiparisController.java:17)
    at java.base/java.lang.Thread.run(Thread.java:840)
[12/Sep/2026:16:45:01] ERROR - Beklenmeyen hata oluştu
    at com.ornek.servis.OdemeServisi.gonder(OdemeServisi.java:42)
    at com.ornek.controller.SiparisController.olustur(SiparisController.java:17)
    at java.base/java.lang.Thread.run(Thread.java:840)
[12/Sep/2026:16:45:01] INFO - Önbellek (cache) yenilendi
[12/Sep/2026:16:45:01] INFO - Rapor başarıyla oluşturuldu
[12/Sep/2026:16:45:01] INFO - Kullanıcı girişi başarılı
[12/Sep/2026:16:45:01] INFO - Rapor başarıyla oluşturuldu
[12/Sep/2026:16:45:01] INFO - Sipariş oluşturuldu
[12/Sep/2026:16:45:01] INFO - Yeni kullanıcı kaydı tamamlandı
[12/Sep/2026:16:45:01] INFO - Kullanıcı girişi başarılı
[12/Sep/2026:16:45:01] INFO - Kullanıcı girişi başarılı
[12/Sep/2026:16:45:01] INFO - Önbellek (cache) yenilendi
[12/Sep/2026:16:45:01] INFO - Yeni kullanıcı kaydı tamamlandı
[12/Sep/2026:16:45:01] INFO - Önbellek (cache) yenilendi
[12/Sep/2026:16:45:01] INFO - Önbellek (cache) yenilendi
[12/Sep/2026:16:45:01] ERROR - Stok güncellenirken hata oluştu
    at com.ornek.servis.OdemeServisi.gonder(OdemeServisi.java:42)
    at com.ornek.controller.SiparisController.olustur(SiparisController.java:17)
    at java.base/java.lang.Thread.run(Thread.java:840)
[12/Sep/2026:16:45:01] INFO - Rapor başarıyla oluşturuldu
[12/Sep/2026:16:45:01] INFO - Rapor başarıyla oluşturuldu
[12/Sep/2026:16:45:01] INFO - Sipariş oluşturuldu
[12/Sep/2026:16:45:01] INFO - Rapor başarıyla oluşturuldu
[12/Sep/2026:16:45:01] INFO - Yeni kullanıcı kaydı tamamlandı
[12/Sep/2026:16:45:01] WARN - Yanıt süresi beklenenden uzun sürdü
[12/Sep/2026:16:45:01] ERROR - Stok güncellenirken hata oluştu
    at com.ornek.servis.OdemeServisi.gonder(OdemeServisi.java:42)
    at com.ornek.controller.SiparisController.olustur(SiparisController.java:17)
    at java.base/java.lang.Thread.run(Thread.java:840)
[12/Sep/2026:16:45:01] INFO - Rapor başarıyla oluşturuldu
[12/Sep/2026:16:45:01] INFO - Sipariş oluşturuldu
[12/Sep/2026:16:45:01] INFO - Önbellek (cache) yenilendi
[12/Sep/2026:16:45:01] ERROR - Kimlik doğrulama servisi yanıt vermedi
    at com.ornek.servis.OdemeServisi.gonder(OdemeServisi.java:42)
    at com.ornek.controller.SiparisController.olustur(SiparisController.java:17)
    at java.base/java.lang.Thread.run(Thread.java:840)
[12/Sep/2026:16:45:01] INFO - Önbellek (cache) yenilendi
[12/Sep/2026:16:45:01] INFO - Önbellek (cache) yenilendi
[12/Sep/2026:16:45:01] INFO - Önbellek (cache) yenilendi
[12/Sep/2026:16:45:01] ERROR - Ödeme servisi zaman aşımına uğradı
    at com.ornek.servis.OdemeServisi.gonder(OdemeServisi.java:42)
    at com.ornek.controller.SiparisController.olustur(SiparisController.java:17)
    at java.base/java.lang.Thread.run(Thread.java:840)
[12/Sep/2026:16:45:01] WARN - Disk kullanımı %75'i geçti
[12/Sep/2026:16:45:01] ERROR - Stok güncellenirken hata oluştu
    at com.ornek.servis.OdemeServisi.gonder(OdemeServisi.java:42)
    at com.ornek.controller.SiparisController.olustur(SiparisController.java:17)
    at java.base/java.lang.Thread.run(Thread.java:840)
[12/Sep/2026:16:45:01] INFO - Rapor başarıyla oluşturuldu
[12/Sep/2026:16:45:01] WARN - Veritabanı bağlantı havuzu %80 dolulukta
[12/Sep/2026:16:45:01] INFO - Sipariş oluşturuldu
[12/Sep/2026:16:45:01] ERROR - Beklenmeyen hata oluştu
    at com.ornek.servis.OdemeServisi.gonder(OdemeServisi.java:42)
    at com.ornek.controller.SiparisController.olustur(SiparisController.java:17)
    at java.base/java.lang.Thread.run(Thread.java:840)
[12/Sep/2026:16:45:01] INFO - Kullanıcı girişi başarılı
[12/Sep/2026:16:45:01] INFO - Önbellek (cache) yenilendi
[12/Sep/2026:16:45:01] INFO - Sipariş oluşturuldu
[12/Sep/2026:16:45:01] WARN - Disk kullanımı %75'i geçti
[12/Sep/2026:16:45:01] INFO - Sipariş oluşturuldu
[12/Sep/2026:16:45:01] ERROR - Stok güncellenirken hata oluştu
    at com.ornek.servis.OdemeServisi.gonder(OdemeServisi.java:42)
    at com.ornek.controller.SiparisController.olustur(SiparisController.java:17)
    at java.base/java.lang.Thread.run(Thread.java:840)
[12/Sep/2026:16:45:01] ERROR - Kimlik doğrulama servisi yanıt vermedi
    at com.ornek.servis.OdemeServisi.gonder(OdemeServisi.java:42)
    at com.ornek.controller.SiparisController.olustur(SiparisController.java:17)
    at java.base/java.lang.Thread.run(Thread.java:840)
[12/Sep/2026:16:45:01] INFO - Sipariş oluşturuldu
[12/Sep/2026:16:45:01] INFO - Rapor başarıyla oluşturuldu
[12/Sep/2026:16:45:01] WARN - Veritabanı bağlantı havuzu %80 dolulukta
[12/Sep/2026:16:45:01] INFO - Önbellek (cache) yenilendi
[12/Sep/2026:16:45:01] INFO - Önbellek (cache) yenilendi
[12/Sep/2026:16:45:01] INFO - Önbellek (cache) yenilendi
[12/Sep/2026:16:45:01] INFO - Sipariş oluşturuldu
[12/Sep/2026:16:45:01] INFO - Sipariş oluşturuldu
[12/Sep/2026:16:45:01] INFO - Rapor başarıyla oluşturuldu
[12/Sep/2026:16:45:01] INFO - Rapor başarıyla oluşturuldu
[12/Sep/2026:16:45:01] INFO - Yeni kullanıcı kaydı tamamlandı
[12/Sep/2026:16:45:01] INFO - Kullanıcı girişi başarılı
[12/Sep/2026:16:45:01] WARN - Disk kullanımı %75'i geçti
[12/Sep/2026:16:45:01] INFO - Rapor başarıyla oluşturuldu
[12/Sep/2026:16:45:01] WARN - Üçüncü parti servisten yavaş yanıt alındı
[12/Sep/2026:16:45:01] WARN - Disk kullanımı %75'i geçti
[12/Sep/2026:16:45:01] INFO - Sipariş oluşturuldu
[12/Sep/2026:16:45:01] INFO - Önbellek (cache) yenilendi
[12/Sep/2026:16:45:01] INFO - Kullanıcı girişi başarılı
[12/Sep/2026:16:45:01] WARN - Veritabanı bağlantı havuzu %80 dolulukta
[12/Sep/2026:16:45:01] ERROR - Kimlik doğrulama servisi yanıt vermedi
    at com.ornek.servis.OdemeServisi.gonder(OdemeServisi.java:42)
    at com.ornek.controller.SiparisController.olustur(SiparisController.java:17)
    at java.base/java.lang.Thread.run(Thread.java:840)
[12/Sep/2026:16:45:01] INFO - Önbellek (cache) yenilendi
[12/Sep/2026:16:45:01] ERROR - Ödeme servisi zaman aşımına uğradı
    at com.ornek.servis.OdemeServisi.gonder(OdemeServisi.java:42)
    at com.ornek.controller.SiparisController.olustur(SiparisController.java:17)
    at java.base/java.lang.Thread.run(Thread.java:840)
[12/Sep/2026:16:45:01] INFO - Sipariş oluşturuldu
[12/Sep/2026:16:45:01] INFO - Kullanıcı girişi başarılı
[12/Sep/2026:16:45:01] INFO - Yeni kullanıcı kaydı tamamlandı
[12/Sep/2026:16:45:01] INFO - Sipariş oluşturuldu
[12/Sep/2026:16:45:01] INFO - Yeni kullanıcı kaydı tamamlandı
[12/Sep/2026:16:45:01] ERROR - Ödeme servisi zaman aşımına uğradı
    at com.ornek.servis.OdemeServisi.gonder(OdemeServisi.java:42)
    at com.ornek.controller.SiparisController.olustur(SiparisController.java:17)
    at java.base/java.lang.Thread.run(Thread.java:840)
[12/Sep/2026:16:45:01] WARN - Üçüncü parti servisten yavaş yanıt alındı
[12/Sep/2026:16:45:01] INFO - Yeni kullanıcı kaydı tamamlandı
[12/Sep/2026:16:45:01] INFO - Önbellek (cache) yenilendi
[12/Sep/2026:16:45:01] INFO - Sipariş oluşturuldu
[12/Sep/2026:16:45:01] WARN - Disk kullanımı %75'i geçti
[12/Sep/2026:16:45:01] WARN - Disk kullanımı %75'i geçti
[12/Sep/2026:16:45:01] INFO - Yeni kullanıcı kaydı tamamlandı
[12/Sep/2026:16:45:01] INFO - Kullanıcı girişi başarılı
[12/Sep/2026:16:45:01] WARN - Veritabanı bağlantı havuzu %80 dolulukta
[12/Sep/2026:16:45:01] INFO - Yeni kullanıcı kaydı tamamlandı
[12/Sep/2026:16:45:01] WARN - Veritabanı bağlantı havuzu %80 dolulukta
[12/Sep/2026:16:45:01] INFO - Yeni kullanıcı kaydı tamamlandı
[12/Sep/2026:16:45:01] INFO - Kullanıcı girişi başarılı
[12/Sep/2026:16:45:01] INFO - Yeni kullanıcı kaydı tamamlandı
[12/Sep/2026:16:45:01] INFO - Önbellek (cache) yenilendi
[12/Sep/2026:16:45:01] INFO - Rapor başarıyla oluşturuldu
[12/Sep/2026:16:45:01] INFO - Yeni kullanıcı kaydı tamamlandı
[12/Sep/2026:16:45:01] INFO - Yeni kullanıcı kaydı tamamlandı
[12/Sep/2026:16:45:01] INFO - Sipariş oluşturuldu
[12/Sep/2026:16:45:01] INFO - Sipariş oluşturuldu
[12/Sep/2026:16:45:01] INFO - Kullanıcı girişi başarılı
[12/Sep/2026:16:45:01] INFO - Kullanıcı girişi başarılı
[12/Sep/2026:16:45:01] INFO - Sipariş oluşturuldu
[12/Sep/2026:16:45:01] INFO - Sipariş oluşturuldu
[12/Sep/2026:16:45:01] INFO - Önbellek (cache) yenilendi
[12/Sep/2026:16:45:01] ERROR - Ödeme servisi zaman aşımına uğradı
    at com.ornek.servis.OdemeServisi.gonder(OdemeServisi.java:42)
    at com.ornek.controller.SiparisController.olustur(SiparisController.java:17)
    at java.base/java.lang.Thread.run(Thread.java:840)
[12/Sep/2026:16:45:01] INFO - Kullanıcı girişi başarılı
[12/Sep/2026:16:45:01] INFO - Kullanıcı girişi başarılı
[12/Sep/2026:16:45:01] INFO - Önbellek (cache) yenilendi
[12/Sep/2026:16:45:01] INFO - Önbellek (cache) yenilendi
[12/Sep/2026:16:45:01] INFO - Sipariş oluşturuldu
[12/Sep/2026:16:45:01] INFO - Sipariş oluşturuldu
[12/Sep/2026:16:45:01] WARN - Veritabanı bağlantı havuzu %80 dolulukta
[12/Sep/2026:16:45:01] INFO - Yeni kullanıcı kaydı tamamlandı
[12/Sep/2026:16:45:01] INFO - Kullanıcı girişi başarılı
[12/Sep/2026:16:45:01] WARN - Üçüncü parti servisten yavaş yanıt alındı
[12/Sep/2026:16:45:01] WARN - Yanıt süresi beklenenden uzun sürdü
[12/Sep/2026:16:45:01] INFO - Sipariş oluşturuldu
[12/Sep/2026:16:45:01] INFO - Yeni kullanıcı kaydı tamamlandı
[12/Sep/2026:16:45:01] INFO - Önbellek (cache) yenilendi
[12/Sep/2026:16:45:01] INFO - Sipariş oluşturuldu
[12/Sep/2026:16:45:01] WARN - Disk kullanımı %75'i geçti
[12/Sep/2026:16:45:01] WARN - Disk kullanımı %75'i geçti
[12/Sep/2026:16:45:01] INFO - Rapor başarıyla oluşturuldu
[12/Sep/2026:16:45:01] INFO - Sipariş oluşturuldu
[12/Sep/2026:16:45:01] WARN - Disk kullanımı %75'i geçti
[12/Sep/2026:16:45:01] INFO - Kullanıcı girişi başarılı
[12/Sep/2026:16:45:01] INFO - Sipariş oluşturuldu
[12/Sep/2026:16:45:01] INFO - Rapor başarıyla oluşturuldu
[12/Sep/2026:16:45:01] INFO - Yeni kullanıcı kaydı tamamlandı
[12/Sep/2026:16:45:01] INFO - Rapor başarıyla oluşturuldu
[12/Sep/2026:16:45:01] INFO - Önbellek (cache) yenilendi
[12/Sep/2026:16:45:01] INFO - Kullanıcı girişi başarılı
[12/Sep/2026:16:45:01] WARN - Disk kullanımı %75'i geçti
[12/Sep/2026:16:45:01] INFO - Önbellek (cache) yenilendi
[12/Sep/2026:16:45:01] INFO - Önbellek (cache) yenilendi
[12/Sep/2026:16:45:01] ERROR - Kimlik doğrulama servisi yanıt vermedi
    at com.ornek.servis.OdemeServisi.gonder(OdemeServisi.java:42)
    at com.ornek.controller.SiparisController.olustur(SiparisController.java:17)
    at java.base/java.lang.Thread.run(Thread.java:840)
[12/Sep/2026:16:45:01] WARN - Üçüncü parti servisten yavaş yanıt alındı
[12/Sep/2026:16:45:01] INFO - Sipariş oluşturuldu
[12/Sep/2026:16:45:01] INFO - Rapor başarıyla oluşturuldu
[12/Sep/2026:16:45:01] INFO - Sipariş oluşturuldu
[12/Sep/2026:16:45:01] INFO - Kullanıcı girişi başarılı
[12/Sep/2026:16:45:01] WARN - Üçüncü parti servisten yavaş yanıt alındı
[12/Sep/2026:16:45:01] INFO - Önbellek (cache) yenilendi
[12/Sep/2026:16:45:01] INFO - Rapor başarıyla oluşturuldu
[12/Sep/2026:16:45:01] INFO - Sipariş oluşturuldu
[12/Sep/2026:16:45:01] INFO - Kullanıcı girişi başarılı
[12/Sep/2026:16:45:01] INFO - Yeni kullanıcı kaydı tamamlandı
[12/Sep/2026:16:45:01] INFO - Rapor başarıyla oluşturuldu
[12/Sep/2026:16:45:01] INFO - Yeni kullanıcı kaydı tamamlandı
[12/Sep/2026:16:45:01] INFO - Sipariş oluşturuldu
[12/Sep/2026:16:45:01] INFO - Kullanıcı girişi başarılı
[12/Sep/2026:16:45:01] WARN - Disk kullanımı %75'i geçti
[12/Sep/2026:16:45:01] INFO - Rapor başarıyla oluşturuldu
[12/Sep/2026:16:45:01] INFO - Rapor başarıyla oluşturuldu
[12/Sep/2026:16:45:01] INFO - Önbellek (cache) yenilendi
[12/Sep/2026:16:45:01] INFO - Yeni kullanıcı kaydı tamamlandı
[12/Sep/2026:16:45:01] INFO - Yeni kullanıcı kaydı tamamlandı
[12/Sep/2026:16:45:01] INFO - Yeni kullanıcı kaydı tamamlandı
[12/Sep/2026:16:45:01] INFO - Rapor başarıyla oluşturuldu
[12/Sep/2026:16:45:01] INFO - Yeni kullanıcı kaydı tamamlandı
[12/Sep/2026:16:45:01] INFO - Önbellek (cache) yenilendi
[12/Sep/2026:16:45:01] INFO - Yeni kullanıcı kaydı tamamlandı
[12/Sep/2026:16:45:01] INFO - Rapor başarıyla oluşturuldu
[12/Sep/2026:16:45:01] INFO - Sipariş oluşturuldu
[12/Sep/2026:16:45:01] INFO - Önbellek (cache) yenilendi
[12/Sep/2026:16:45:01] WARN - Disk kullanımı %75'i geçti
[12/Sep/2026:16:45:01] ERROR - Kimlik doğrulama servisi yanıt vermedi
    at com.ornek.servis.OdemeServisi.gonder(OdemeServisi.java:42)
    at com.ornek.controller.SiparisController.olustur(SiparisController.java:17)
    at java.base/java.lang.Thread.run(Thread.java:840)
[12/Sep/2026:16:45:01] INFO - Kullanıcı girişi başarılı
[12/Sep/2026:16:45:01] INFO - Sipariş oluşturuldu
[12/Sep/2026:16:45:01] INFO - Sipariş oluşturuldu
[12/Sep/2026:16:45:01] INFO - Rapor başarıyla oluşturuldu
[12/Sep/2026:16:45:01] INFO - Rapor başarıyla oluşturuldu
[12/Sep/2026:16:45:01] INFO - Önbellek (cache) yenilendi
[12/Sep/2026:16:45:01] ERROR - Beklenmeyen hata oluştu
    at com.ornek.servis.OdemeServisi.gonder(OdemeServisi.java:42)
    at com.ornek.controller.SiparisController.olustur(SiparisController.java:17)
    at java.base/java.lang.Thread.run(Thread.java:840)
[12/Sep/2026:16:45:01] WARN - Veritabanı bağlantı havuzu %80 dolulukta
[12/Sep/2026:16:45:01] INFO - Rapor başarıyla oluşturuldu
[12/Sep/2026:16:45:01] WARN - Üçüncü parti servisten yavaş yanıt alındı
[12/Sep/2026:16:45:01] INFO - Yeni kullanıcı kaydı tamamlandı
[12/Sep/2026:16:45:01] INFO - Rapor başarıyla oluşturuldu
[12/Sep/2026:16:45:01] INFO - Kullanıcı girişi başarılı
[12/Sep/2026:16:45:01] WARN - Disk kullanımı %75'i geçti
[12/Sep/2026:16:45:01] ERROR - Ödeme servisi zaman aşımına uğradı
    at com.ornek.servis.OdemeServisi.gonder(OdemeServisi.java:42)
    at com.ornek.controller.SiparisController.olustur(SiparisController.java:17)
    at java.base/java.lang.Thread.run(Thread.java:840)
[12/Sep/2026:16:45:01] ERROR - Ödeme servisi zaman aşımına uğradı
    at com.ornek.servis.OdemeServisi.gonder(OdemeServisi.java:42)
    at com.ornek.controller.SiparisController.olustur(SiparisController.java:17)
    at java.base/java.lang.Thread.run(Thread.java:840)
[12/Sep/2026:16:45:01] INFO - Önbellek (cache) yenilendi
[12/Sep/2026:16:45:01] INFO - Yeni kullanıcı kaydı tamamlandı
[12/Sep/2026:16:45:01] WARN - Veritabanı bağlantı havuzu %80 dolulukta
[12/Sep/2026:16:45:01] INFO - Sipariş oluşturuldu
[12/Sep/2026:16:45:01] INFO - Kullanıcı girişi başarılı
[12/Sep/2026:16:45:01] INFO - Rapor başarıyla oluşturuldu
[12/Sep/2026:16:45:01] INFO - Önbellek (cache) yenilendi
[12/Sep/2026:16:45:01] INFO - Sipariş oluşturuldu
[12/Sep/2026:16:45:01] INFO - Kullanıcı girişi başarılı
[12/Sep/2026:16:45:01] INFO - Önbellek (cache) yenilendi
[12/Sep/2026:16:45:01] INFO - Önbellek (cache) yenilendi
[12/Sep/2026:16:45:01] WARN - Yanıt süresi beklenenden uzun sürdü
[12/Sep/2026:16:45:01] INFO - Sipariş oluşturuldu
[12/Sep/2026:16:45:01] WARN - Yanıt süresi beklenenden uzun sürdü
[12/Sep/2026:16:45:01] INFO - Rapor başarıyla oluşturuldu
[12/Sep/2026:16:45:01] ERROR - Kimlik doğrulama servisi yanıt vermedi
    at com.ornek.servis.OdemeServisi.gonder(OdemeServisi.java:42)
    at com.ornek.controller.SiparisController.olustur(SiparisController.java:17)
    at java.base/java.lang.Thread.run(Thread.java:840)
[12/Sep/2026:16:45:01] ERROR - Stok güncellenirken hata oluştu
    at com.ornek.servis.OdemeServisi.gonder(OdemeServisi.java:42)
    at com.ornek.controller.SiparisController.olustur(SiparisController.java:17)
    at java.base/java.lang.Thread.run(Thread.java:840)
[12/Sep/2026:16:45:01] ERROR - Stok güncellenirken hata oluştu
    at com.ornek.servis.OdemeServisi.gonder(OdemeServisi.java:42)
    at com.ornek.controller.SiparisController.olustur(SiparisController.java:17)
    at java.base/java.lang.Thread.run(Thread.java:840)
[12/Sep/2026:16:45:01] INFO - Kullanıcı girişi başarılı
[12/Sep/2026:16:45:01] INFO - Önbellek (cache) yenilendi
[12/Sep/2026:16:45:01] INFO - Sipariş oluşturuldu
[12/Sep/2026:16:45:01] INFO - Önbellek (cache) yenilendi
[12/Sep/2026:16:45:01] WARN - Veritabanı bağlantı havuzu %80 dolulukta
[12/Sep/2026:16:45:01] INFO - Yeni kullanıcı kaydı tamamlandı
[12/Sep/2026:16:45:01] WARN - Veritabanı bağlantı havuzu %80 dolulukta
[12/Sep/2026:16:45:01] INFO - Sipariş oluşturuldu
[12/Sep/2026:16:45:01] INFO - Önbellek (cache) yenilendi
[12/Sep/2026:16:45:01] INFO - Kullanıcı girişi başarılı
[12/Sep/2026:16:45:01] INFO - Kullanıcı girişi başarılı
[12/Sep/2026:16:45:01] WARN - Veritabanı bağlantı havuzu %80 dolulukta
[12/Sep/2026:16:45:01] INFO - Rapor başarıyla oluşturuldu
[12/Sep/2026:16:45:01] INFO - Rapor başarıyla oluşturuldu
[12/Sep/2026:16:45:01] INFO - Yeni kullanıcı kaydı tamamlandı
[12/Sep/2026:16:45:01] INFO - Sipariş oluşturuldu
[12/Sep/2026:16:45:01] INFO - Kullanıcı girişi başarılı
[12/Sep/2026:16:45:01] INFO - Rapor başarıyla oluşturuldu
[12/Sep/2026:16:45:01] INFO - Sipariş oluşturuldu
[12/Sep/2026:16:45:01] INFO - Kullanıcı girişi başarılı
[12/Sep/2026:16:45:01] WARN - Yanıt süresi beklenenden uzun sürdü
[12/Sep/2026:16:45:01] INFO - Rapor başarıyla oluşturuldu
[12/Sep/2026:16:45:01] INFO - Kullanıcı girişi başarılı
[12/Sep/2026:16:45:01] INFO - Önbellek (cache) yenilendi
[12/Sep/2026:16:45:01] INFO - Önbellek (cache) yenilendi
[12/Sep/2026:16:45:01] INFO - Sipariş oluşturuldu
[12/Sep/2026:16:45:01] INFO - Rapor başarıyla oluşturuldu
[12/Sep/2026:16:45:01] WARN - Veritabanı bağlantı havuzu %80 dolulukta
[12/Sep/2026:16:45:01] WARN - Veritabanı bağlantı havuzu %80 dolulukta
[12/Sep/2026:16:45:01] WARN - Yanıt süresi beklenenden uzun sürdü
[12/Sep/2026:16:45:01] WARN - Üçüncü parti servisten yavaş yanıt alındı
[12/Sep/2026:16:45:01] INFO - Rapor başarıyla oluşturuldu
[12/Sep/2026:16:45:01] INFO - Önbellek (cache) yenilendi
[12/Sep/2026:16:45:01] ERROR - Kimlik doğrulama servisi yanıt vermedi
    at com.ornek.servis.OdemeServisi.gonder(OdemeServisi.java:42)
    at com.ornek.controller.SiparisController.olustur(SiparisController.java:17)
    at java.base/java.lang.Thread.run(Thread.java:840)
[12/Sep/2026:16:45:01] INFO - Yeni kullanıcı kaydı tamamlandı
[12/Sep/2026:16:45:01] WARN - Veritabanı bağlantı havuzu %80 dolulukta
[12/Sep/2026:16:45:01] ERROR - Beklenmeyen hata oluştu
    at com.ornek.servis.OdemeServisi.gonder(OdemeServisi.java:42)
    at com.ornek.controller.SiparisController.olustur(SiparisController.java:17)
    at java.base/java.lang.Thread.run(Thread.java:840)
[12/Sep/2026:16:45:01] INFO - Sipariş oluşturuldu
[12/Sep/2026:16:45:01] WARN - Veritabanı bağlantı havuzu %80 dolulukta
[12/Sep/2026:16:45:01] ERROR - Stok güncellenirken hata oluştu
    at com.ornek.servis.OdemeServisi.gonder(OdemeServisi.java:42)
    at com.ornek.controller.SiparisController.olustur(SiparisController.java:17)
    at java.base/java.lang.Thread.run(Thread.java:840)
[12/Sep/2026:16:45:01] INFO - Önbellek (cache) yenilendi
[12/Sep/2026:16:45:01] INFO - Önbellek (cache) yenilendi
[12/Sep/2026:16:45:01] INFO - Sipariş oluşturuldu
[12/Sep/2026:16:45:01] INFO - Kullanıcı girişi başarılı
[12/Sep/2026:16:45:01] ERROR - Veritabanına bağlanılamadı
    at com.ornek.servis.OdemeServisi.gonder(OdemeServisi.java:42)
    at com.ornek.controller.SiparisController.olustur(SiparisController.java:17)
    at java.base/java.lang.Thread.run(Thread.java:840)
[12/Sep/2026:16:45:01] ERROR - Beklenmeyen hata oluştu
    at com.ornek.servis.OdemeServisi.gonder(OdemeServisi.java:42)
    at com.ornek.controller.SiparisController.olustur(SiparisController.java:17)
    at java.base/java.lang.Thread.run(Thread.java:840)
[12/Sep/2026:16:45:01] WARN - Disk kullanımı %75'i geçti
[12/Sep/2026:16:45:01] INFO - Önbellek (cache) yenilendi
[12/Sep/2026:16:45:01] INFO - Önbellek (cache) yenilendi
[12/Sep/2026:16:45:01] INFO - Sipariş oluşturuldu
[12/Sep/2026:16:45:01] WARN - Üçüncü parti servisten yavaş yanıt alındı
[12/Sep/2026:16:45:01] INFO - Rapor başarıyla oluşturuldu
[12/Sep/2026:16:45:01] WARN - Üçüncü parti servisten yavaş yanıt alındı
[12/Sep/2026:16:45:01] WARN - Yanıt süresi beklenenden uzun sürdü
[12/Sep/2026:16:45:01] INFO - Rapor başarıyla oluşturuldu
[12/Sep/2026:16:45:01] WARN - Disk kullanımı %75'i geçti
[12/Sep/2026:16:45:01] INFO - Önbellek (cache) yenilendi
[12/Sep/2026:16:45:01] WARN - Yanıt süresi beklenenden uzun sürdü
[12/Sep/2026:16:45:01] WARN - Yanıt süresi beklenenden uzun sürdü
[12/Sep/2026:16:45:01] INFO - Sipariş oluşturuldu
[12/Sep/2026:16:45:01] ERROR - Kimlik doğrulama servisi yanıt vermedi
    at com.ornek.servis.OdemeServisi.gonder(OdemeServisi.java:42)
    at com.ornek.controller.SiparisController.olustur(SiparisController.java:17)
    at java.base/java.lang.Thread.run(Thread.java:840)
[12/Sep/2026:16:45:01] INFO - Kullanıcı girişi başarılı
[12/Sep/2026:16:45:01] WARN - Veritabanı bağlantı havuzu %80 dolulukta
[12/Sep/2026:16:45:01] ERROR - Kimlik doğrulama servisi yanıt vermedi
    at com.ornek.servis.OdemeServisi.gonder(OdemeServisi.java:42)
    at com.ornek.controller.SiparisController.olustur(SiparisController.java:17)
    at java.base/java.lang.Thread.run(Thread.java:840)
[12/Sep/2026:16:45:01] WARN - Yanıt süresi beklenenden uzun sürdü
[12/Sep/2026:16:45:01] INFO - Rapor başarıyla oluşturuldu
[12/Sep/2026:16:45:01] ERROR - Beklenmeyen hata oluştu
    at com.ornek.servis.OdemeServisi.gonder(OdemeServisi.java:42)
    at com.ornek.controller.SiparisController.olustur(SiparisController.java:17)
    at java.base/java.lang.Thread.run(Thread.java:840)
[12/Sep/2026:16:45:01] INFO - Önbellek (cache) yenilendi
[12/Sep/2026:16:45:01] INFO - Kullanıcı girişi başarılı
[12/Sep/2026:16:45:01] INFO - Önbellek (cache) yenilendi
[12/Sep/2026:16:45:01] INFO - Sipariş oluşturuldu
[12/Sep/2026:16:45:01] INFO - Rapor başarıyla oluşturuldu
[12/Sep/2026:16:45:01] INFO - Rapor başarıyla oluşturuldu
[12/Sep/2026:16:45:01] INFO - Önbellek (cache) yenilendi
[12/Sep/2026:16:45:01] WARN - Üçüncü parti servisten yavaş yanıt alındı
[12/Sep/2026:16:45:01] INFO - Sipariş oluşturuldu
[12/Sep/2026:16:45:01] WARN - Disk kullanımı %75'i geçti
[12/Sep/2026:16:45:01] INFO - Rapor başarıyla oluşturuldu
[12/Sep/2026:16:45:01] ERROR - Kimlik doğrulama servisi yanıt vermedi
    at com.ornek.servis.OdemeServisi.gonder(OdemeServisi.java:42)
    at com.ornek.controller.SiparisController.olustur(SiparisController.java:17)
    at java.base/java.lang.Thread.run(Thread.java:840)
[12/Sep/2026:16:45:01] WARN - Üçüncü parti servisten yavaş yanıt alındı
[12/Sep/2026:16:45:01] INFO - Sipariş oluşturuldu
[12/Sep/2026:16:45:01] INFO - Sipariş oluşturuldu
[12/Sep/2026:16:45:01] INFO - Yeni kullanıcı kaydı tamamlandı
[12/Sep/2026:16:45:01] INFO - Önbellek (cache) yenilendi
[12/Sep/2026:16:45:01] INFO - Kullanıcı girişi başarılı
[12/Sep/2026:16:45:01] INFO - Rapor başarıyla oluşturuldu
[12/Sep/2026:16:45:01] WARN - Üçüncü parti servisten yavaş yanıt alındı
[12/Sep/2026:16:45:01] INFO - Önbellek (cache) yenilendi
[12/Sep/2026:16:45:01] WARN - Veritabanı bağlantı havuzu %80 dolulukta
[12/Sep/2026:16:45:01] INFO - Yeni kullanıcı kaydı tamamlandı
[12/Sep/2026:16:45:01] INFO - Önbellek (cache) yenilendi
[12/Sep/2026:16:45:01] INFO - Sipariş oluşturuldu
[12/Sep/2026:16:45:01] INFO - Yeni kullanıcı kaydı tamamlandı
[12/Sep/2026:16:45:01] INFO - Önbellek (cache) yenilendi
[12/Sep/2026:16:45:01] INFO - Kullanıcı girişi başarılı
[12/Sep/2026:16:45:01] INFO - Önbellek (cache) yenilendi
[12/Sep/2026:16:45:01] WARN - Yanıt süresi beklenenden uzun sürdü
[12/Sep/2026:16:45:01] WARN - Disk kullanımı %75'i geçti
[12/Sep/2026:16:45:01] INFO - Rapor başarıyla oluşturuldu
[12/Sep/2026:16:45:01] ERROR - Ödeme servisi zaman aşımına uğradı
    at com.ornek.servis.OdemeServisi.gonder(OdemeServisi.java:42)
    at com.ornek.controller.SiparisController.olustur(SiparisController.java:17)
    at java.base/java.lang.Thread.run(Thread.java:840)
[12/Sep/2026:16:45:01] INFO - Yeni kullanıcı kaydı tamamlandı
[12/Sep/2026:16:45:01] INFO - Rapor başarıyla oluşturuldu
[12/Sep/2026:16:45:01] INFO - Rapor başarıyla oluşturuldu
[12/Sep/2026:16:45:01] INFO - Rapor başarıyla oluşturuldu
[12/Sep/2026:16:45:01] WARN - Yanıt süresi beklenenden uzun sürdü
[12/Sep/2026:16:45:01] INFO - Önbellek (cache) yenilendi
[12/Sep/2026:16:45:01] ERROR - Stok güncellenirken hata oluştu
    at com.ornek.servis.OdemeServisi.gonder(OdemeServisi.java:42)
    at com.ornek.controller.SiparisController.olustur(SiparisController.java:17)
    at java.base/java.lang.Thread.run(Thread.java:840)
[12/Sep/2026:16:45:01] ERROR - Veritabanına bağlanılamadı
    at com.ornek.servis.OdemeServisi.gonder(OdemeServisi.java:42)
    at com.ornek.controller.SiparisController.olustur(SiparisController.java:17)
    at java.base/java.lang.Thread.run(Thread.java:840)
[12/Sep/2026:16:45:01] INFO - Önbellek (cache) yenilendi
[12/Sep/2026:16:45:01] INFO - Kullanıcı girişi başarılı
[12/Sep/2026:16:45:01] ERROR - Ödeme servisi zaman aşımına uğradı
    at com.ornek.servis.OdemeServisi.gonder(OdemeServisi.java:42)
    at com.ornek.controller.SiparisController.olustur(SiparisController.java:17)
    at java.base/java.lang.Thread.run(Thread.java:840)
[12/Sep/2026:16:45:01] WARN - Disk kullanımı %75'i geçti
[12/Sep/2026:16:45:01] INFO - Önbellek (cache) yenilendi
[12/Sep/2026:16:45:01] INFO - Yeni kullanıcı kaydı tamamlandı
[12/Sep/2026:16:45:01] INFO - Yeni kullanıcı kaydı tamamlandı
[12/Sep/2026:16:45:01] INFO - Önbellek (cache) yenilendi
[12/Sep/2026:16:45:01] ERROR - Kimlik doğrulama servisi yanıt vermedi
    at com.ornek.servis.OdemeServisi.gonder(OdemeServisi.java:42)
    at com.ornek.controller.SiparisController.olustur(SiparisController.java:17)
    at java.base/java.lang.Thread.run(Thread.java:840)
[12/Sep/2026:16:45:01] INFO - Rapor başarıyla oluşturuldu
[12/Sep/2026:16:45:01] INFO - Yeni kullanıcı kaydı tamamlandı
[12/Sep/2026:16:45:01] ERROR - Beklenmeyen hata oluştu
    at com.ornek.servis.OdemeServisi.gonder(OdemeServisi.java:42)
    at com.ornek.controller.SiparisController.olustur(SiparisController.java:17)
    at java.base/java.lang.Thread.run(Thread.java:840)
[12/Sep/2026:16:45:01] INFO - Önbellek (cache) yenilendi
[12/Sep/2026:16:45:01] INFO - Yeni kullanıcı kaydı tamamlandı
[12/Sep/2026:16:45:01] INFO - Rapor başarıyla oluşturuldu
[12/Sep/2026:16:45:01] ERROR - Kimlik doğrulama servisi yanıt vermedi
    at com.ornek.servis.OdemeServisi.gonder(OdemeServisi.java:42)
    at com.ornek.controller.SiparisController.olustur(SiparisController.java:17)
    at java.base/java.lang.Thread.run(Thread.java:840)
[12/Sep/2026:16:45:01] INFO - Yeni kullanıcı kaydı tamamlandı
[12/Sep/2026:16:45:01] INFO - Kullanıcı girişi başarılı
[12/Sep/2026:16:45:01] INFO - Sipariş oluşturuldu
[12/Sep/2026:16:45:01] INFO - Rapor başarıyla oluşturuldu
[12/Sep/2026:16:45:01] INFO - Önbellek (cache) yenilendi
[12/Sep/2026:16:45:01] INFO - Rapor başarıyla oluşturuldu
[12/Sep/2026:16:45:01] INFO - Kullanıcı girişi başarılı
[12/Sep/2026:16:45:01] INFO - Rapor başarıyla oluşturuldu
[12/Sep/2026:16:45:01] WARN - Yanıt süresi beklenenden uzun sürdü
[12/Sep/2026:16:45:01] INFO - Kullanıcı girişi başarılı
[12/Sep/2026:16:45:01] INFO - Rapor başarıyla oluşturuldu
[12/Sep/2026:16:45:01] INFO - Rapor başarıyla oluşturuldu
[12/Sep/2026:16:45:01] INFO - Kullanıcı girişi başarılı
[12/Sep/2026:16:45:01] INFO - Kullanıcı girişi başarılı
[12/Sep/2026:16:45:01] INFO - Kullanıcı girişi başarılı
[12/Sep/2026:16:45:01] INFO - Yeni kullanıcı kaydı tamamlandı
[12/Sep/2026:16:45:01] WARN - Disk kullanımı %75'i geçti
[12/Sep/2026:16:45:01] INFO - Kullanıcı girişi başarılı
[12/Sep/2026:16:45:01] INFO - Yeni kullanıcı kaydı tamamlandı
[12/Sep/2026:16:45:01] INFO - Önbellek (cache) yenilendi
[12/Sep/2026:16:45:01] INFO - Yeni kullanıcı kaydı tamamlandı
[12/Sep/2026:16:45:01] INFO - Sipariş oluşturuldu
[12/Sep/2026:16:45:01] INFO - Sipariş oluşturuldu
[12/Sep/2026:16:45:01] INFO - Rapor başarıyla oluşturuldu
[12/Sep/2026:16:45:01] INFO - Kullanıcı girişi başarılı
[12/Sep/2026:16:45:01] INFO - Kullanıcı girişi başarılı
[12/Sep/2026:16:45:01] WARN - Disk kullanımı %75'i geçti
[12/Sep/2026:16:45:01] INFO - Önbellek (cache) yenilendi
[12/Sep/2026:16:45:01] INFO - Kullanıcı girişi başarılı
[12/Sep/2026:16:45:01] INFO - Sipariş oluşturuldu
[12/Sep/2026:16:45:01] INFO - Rapor başarıyla oluşturuldu
[12/Sep/2026:16:45:01] INFO - Yeni kullanıcı kaydı tamamlandı
[12/Sep/2026:16:45:01] INFO - Yeni kullanıcı kaydı tamamlandı
[12/Sep/2026:16:45:01] INFO - Rapor başarıyla oluşturuldu
[12/Sep/2026:16:45:01] WARN - Disk kullanımı %75'i geçti
[12/Sep/2026:16:45:01] WARN - Disk kullanımı %75'i geçti
[12/Sep/2026:16:45:01] INFO - Önbellek (cache) yenilendi
[12/Sep/2026:16:45:01] WARN - Üçüncü parti servisten yavaş yanıt alındı
[12/Sep/2026:16:45:01] INFO - Önbellek (cache) yenilendi
[12/Sep/2026:16:45:01] INFO - Sipariş oluşturuldu
[12/Sep/2026:16:45:01] ERROR - Beklenmeyen hata oluştu
    at com.ornek.servis.OdemeServisi.gonder(OdemeServisi.java:42)
    at com.ornek.controller.SiparisController.olustur(SiparisController.java:17)
    at java.base/java.lang.Thread.run(Thread.java:840)
[12/Sep/2026:16:45:01] ERROR - Stok güncellenirken hata oluştu
    at com.ornek.servis.OdemeServisi.gonder(OdemeServisi.java:42)
    at com.ornek.controller.SiparisController.olustur(SiparisController.java:17)
    at java.base/java.lang.Thread.run(Thread.java:840)
[12/Sep/2026:16:45:01] INFO - Rapor başarıyla oluşturuldu
[12/Sep/2026:16:45:01] INFO - Rapor başarıyla oluşturuldu
[12/Sep/2026:16:45:01] INFO - Önbellek (cache) yenilendi
[12/Sep/2026:16:45:01] WARN - Üçüncü parti servisten yavaş yanıt alındı
[12/Sep/2026:16:45:01] ERROR - Stok güncellenirken hata oluştu
    at com.ornek.servis.OdemeServisi.gonder(OdemeServisi.java:42)
    at com.ornek.controller.SiparisController.olustur(SiparisController.java:17)
    at java.base/java.lang.Thread.run(Thread.java:840)
[12/Sep/2026:16:45:01] INFO - Rapor başarıyla oluşturuldu
[12/Sep/2026:16:45:01] INFO - Rapor başarıyla oluşturuldu
[12/Sep/2026:16:45:01] INFO - Kullanıcı girişi başarılı
[12/Sep/2026:16:45:01] INFO - Sipariş oluşturuldu
[12/Sep/2026:16:45:01] INFO - Yeni kullanıcı kaydı tamamlandı
[12/Sep/2026:16:45:01] INFO - Sipariş oluşturuldu
[12/Sep/2026:16:45:01] INFO - Rapor başarıyla oluşturuldu
[12/Sep/2026:16:45:01] INFO - Önbellek (cache) yenilendi
[12/Sep/2026:16:45:01] INFO - Rapor başarıyla oluşturuldu
[12/Sep/2026:16:45:01] INFO - Sipariş oluşturuldu
[12/Sep/2026:16:45:01] INFO - Önbellek (cache) yenilendi
[12/Sep/2026:16:45:01] INFO - Yeni kullanıcı kaydı tamamlandı
[12/Sep/2026:16:45:01] ERROR - Stok güncellenirken hata oluştu
    at com.ornek.servis.OdemeServisi.gonder(OdemeServisi.java:42)
    at com.ornek.controller.SiparisController.olustur(SiparisController.java:17)
    at java.base/java.lang.Thread.run(Thread.java:840)
[12/Sep/2026:16:45:01] INFO - Kullanıcı girişi başarılı
[12/Sep/2026:16:45:01] INFO - Rapor başarıyla oluşturuldu
[12/Sep/2026:16:45:01] INFO - Kullanıcı girişi başarılı
[12/Sep/2026:16:45:01] INFO - Rapor başarıyla oluşturuldu
[12/Sep/2026:16:45:01] INFO - Önbellek (cache) yenilendi
[12/Sep/2026:16:45:01] ERROR - Ödeme servisi zaman aşımına uğradı
    at com.ornek.servis.OdemeServisi.gonder(OdemeServisi.java:42)
    at com.ornek.controller.SiparisController.olustur(SiparisController.java:17)
    at java.base/java.lang.Thread.run(Thread.java:840)
[12/Sep/2026:16:45:01] INFO - Önbellek (cache) yenilendi
[12/Sep/2026:16:45:01] INFO - Kullanıcı girişi başarılı
[12/Sep/2026:16:45:01] INFO - Yeni kullanıcı kaydı tamamlandı
[12/Sep/2026:16:45:01] INFO - Önbellek (cache) yenilendi
[12/Sep/2026:16:45:01] ERROR - Stok güncellenirken hata oluştu
    at com.ornek.servis.OdemeServisi.gonder(OdemeServisi.java:42)
    at com.ornek.controller.SiparisController.olustur(SiparisController.java:17)
    at java.base/java.lang.Thread.run(Thread.java:840)
[12/Sep/2026:16:45:01] INFO - Rapor başarıyla oluşturuldu
[12/Sep/2026:16:45:01] INFO - Rapor başarıyla oluşturuldu
[12/Sep/2026:16:45:01] INFO - Sipariş oluşturuldu
[12/Sep/2026:16:45:01] WARN - Üçüncü parti servisten yavaş yanıt alındı
[12/Sep/2026:16:45:01] INFO - Rapor başarıyla oluşturuldu
[12/Sep/2026:16:45:01] INFO - Yeni kullanıcı kaydı tamamlandı
[12/Sep/2026:16:45:01] WARN - Veritabanı bağlantı havuzu %80 dolulukta
[12/Sep/2026:16:45:01] INFO - Rapor başarıyla oluşturuldu
[12/Sep/2026:16:45:01] INFO - Yeni kullanıcı kaydı tamamlandı
[12/Sep/2026:16:45:01] INFO - Yeni kullanıcı kaydı tamamlandı
[12/Sep/2026:16:45:01] INFO - Yeni kullanıcı kaydı tamamlandı
[12/Sep/2026:16:45:01] INFO - Kullanıcı girişi başarılı
[12/Sep/2026:16:45:01] INFO - Rapor başarıyla oluşturuldu
[12/Sep/2026:16:45:01] INFO - Yeni kullanıcı kaydı tamamlandı
[12/Sep/2026:16:45:01] INFO - Rapor başarıyla oluşturuldu
[12/Sep/2026:16:45:01] INFO - Sipariş oluşturuldu
[12/Sep/2026:16:45:01] INFO - Önbellek (cache) yenilendi
[12/Sep/2026:16:45:01] WARN - Veritabanı bağlantı havuzu %80 dolulukta
[12/Sep/2026:16:45:01] INFO - Rapor başarıyla oluşturuldu
[12/Sep/2026:16:45:01] INFO - Yeni kullanıcı kaydı tamamlandı
[12/Sep/2026:16:45:01] INFO - Yeni kullanıcı kaydı tamamlandı
[12/Sep/2026:16:45:01] INFO - Sipariş oluşturuldu
[12/Sep/2026:16:45:01] INFO - Önbellek (cache) yenilendi
[12/Sep/2026:16:46:01] ERROR - Stok güncellenirken hata oluştu
    at com.ornek.servis.OdemeServisi.gonder(OdemeServisi.java:42)
    at com.ornek.controller.SiparisController.olustur(SiparisController.java:17)
    at java.base/java.lang.Thread.run(Thread.java:840)
[12/Sep/2026:16:46:01] WARN - Veritabanı bağlantı havuzu %80 dolulukta
[12/Sep/2026:16:46:01] INFO - Yeni kullanıcı kaydı tamamlandı
[12/Sep/2026:16:46:01] INFO - Sipariş oluşturuldu
[12/Sep/2026:16:46:01] INFO - Rapor başarıyla oluşturuldu
[12/Sep/2026:16:46:01] INFO - Önbellek (cache) yenilendi
[12/Sep/2026:16:46:01] ERROR - Ödeme servisi zaman aşımına uğradı
    at com.ornek.servis.OdemeServisi.gonder(OdemeServisi.java:42)
    at com.ornek.controller.SiparisController.olustur(SiparisController.java:17)
    at java.base/java.lang.Thread.run(Thread.java:840)
[12/Sep/2026:16:46:01] INFO - Kullanıcı girişi başarılı
[12/Sep/2026:16:46:01] INFO - Önbellek (cache) yenilendi
[12/Sep/2026:16:46:01] INFO - Rapor başarıyla oluşturuldu
[12/Sep/2026:16:46:01] INFO - Kullanıcı girişi başarılı
[12/Sep/2026:16:46:01] INFO - Rapor başarıyla oluşturuldu
[12/Sep/2026:16:46:01] WARN - Yanıt süresi beklenenden uzun sürdü
[12/Sep/2026:16:46:01] INFO - Kullanıcı girişi başarılı
[12/Sep/2026:16:46:01] INFO - Yeni kullanıcı kaydı tamamlandı
[12/Sep/2026:16:46:01] INFO - Kullanıcı girişi başarılı
[12/Sep/2026:16:46:01] ERROR - Stok güncellenirken hata oluştu
    at com.ornek.servis.OdemeServisi.gonder(OdemeServisi.java:42)
    at com.ornek.controller.SiparisController.olustur(SiparisController.java:17)
    at java.base/java.lang.Thread.run(Thread.java:840)
[12/Sep/2026:16:46:01] WARN - Yanıt süresi beklenenden uzun sürdü
[12/Sep/2026:16:46:01] ERROR - Ödeme servisi zaman aşımına uğradı
    at com.ornek.servis.OdemeServisi.gonder(OdemeServisi.java:42)
    at com.ornek.controller.SiparisController.olustur(SiparisController.java:17)
    at java.base/java.lang.Thread.run(Thread.java:840)
[12/Sep/2026:16:46:01] ERROR - Stok güncellenirken hata oluştu
    at com.ornek.servis.OdemeServisi.gonder(OdemeServisi.java:42)
    at com.ornek.controller.SiparisController.olustur(SiparisController.java:17)
    at java.base/java.lang.Thread.run(Thread.java:840)
[12/Sep/2026:16:46:01] INFO - Rapor başarıyla oluşturuldu
[12/Sep/2026:16:46:01] INFO - Rapor başarıyla oluşturuldu
[12/Sep/2026:16:46:01] WARN - Veritabanı bağlantı havuzu %80 dolulukta
[12/Sep/2026:16:46:01] WARN - Yanıt süresi beklenenden uzun sürdü
[12/Sep/2026:16:46:01] INFO - Rapor başarıyla oluşturuldu
[12/Sep/2026:16:46:01] WARN - Disk kullanımı %75'i geçti
[12/Sep/2026:16:46:01] INFO - Önbellek (cache) yenilendi
[12/Sep/2026:16:46:01] WARN - Disk kullanımı %75'i geçti
[12/Sep/2026:16:46:01] INFO - Kullanıcı girişi başarılı
[12/Sep/2026:16:46:01] WARN - Veritabanı bağlantı havuzu %80 dolulukta
[12/Sep/2026:16:46:01] WARN - Veritabanı bağlantı havuzu %80 dolulukta
[12/Sep/2026:16:46:01] ERROR - Ödeme servisi zaman aşımına uğradı
    at com.ornek.servis.OdemeServisi.gonder(OdemeServisi.java:42)
    at com.ornek.controller.SiparisController.olustur(SiparisController.java:17)
    at java.base/java.lang.Thread.run(Thread.java:840)
[12/Sep/2026:16:46:01] ERROR - Kimlik doğrulama servisi yanıt vermedi
    at com.ornek.servis.OdemeServisi.gonder(OdemeServisi.java:42)
    at com.ornek.controller.SiparisController.olustur(SiparisController.java:17)
    at java.base/java.lang.Thread.run(Thread.java:840)
[12/Sep/2026:16:46:01] INFO - Kullanıcı girişi başarılı
[12/Sep/2026:16:46:01] ERROR - Stok güncellenirken hata oluştu
    at com.ornek.servis.OdemeServisi.gonder(OdemeServisi.java:42)
    at com.ornek.controller.SiparisController.olustur(SiparisController.java:17)
    at java.base/java.lang.Thread.run(Thread.java:840)
[12/Sep/2026:16:46:01] INFO - Rapor başarıyla oluşturuldu
[12/Sep/2026:16:46:01] INFO - Sipariş oluşturuldu
[12/Sep/2026:16:46:01] INFO - Rapor başarıyla oluşturuldu
[12/Sep/2026:16:46:01] INFO - Sipariş oluşturuldu
[12/Sep/2026:16:46:01] ERROR - Stok güncellenirken hata oluştu
    at com.ornek.servis.OdemeServisi.gonder(OdemeServisi.java:42)
    at com.ornek.controller.SiparisController.olustur(SiparisController.java:17)
    at java.base/java.lang.Thread.run(Thread.java:840)
[12/Sep/2026:16:46:01] INFO - Rapor başarıyla oluşturuldu
[12/Sep/2026:16:46:01] ERROR - Stok güncellenirken hata oluştu
    at com.ornek.servis.OdemeServisi.gonder(OdemeServisi.java:42)
    at com.ornek.controller.SiparisController.olustur(SiparisController.java:17)
    at java.base/java.lang.Thread.run(Thread.java:840)
[12/Sep/2026:16:46:01] INFO - Rapor başarıyla oluşturuldu
[12/Sep/2026:16:46:01] INFO - Rapor başarıyla oluşturuldu
[12/Sep/2026:16:46:01] INFO - Yeni kullanıcı kaydı tamamlandı
[12/Sep/2026:16:46:01] INFO - Önbellek (cache) yenilendi
[12/Sep/2026:16:46:01] ERROR - Beklenmeyen hata oluştu
    at com.ornek.servis.OdemeServisi.gonder(OdemeServisi.java:42)
    at com.ornek.controller.SiparisController.olustur(SiparisController.java:17)
    at java.base/java.lang.Thread.run(Thread.java:840)
[12/Sep/2026:16:46:01] WARN - Üçüncü parti servisten yavaş yanıt alındı
[12/Sep/2026:16:46:01] WARN - Üçüncü parti servisten yavaş yanıt alındı
[12/Sep/2026:16:46:01] ERROR - Stok güncellenirken hata oluştu
    at com.ornek.servis.OdemeServisi.gonder(OdemeServisi.java:42)
    at com.ornek.controller.SiparisController.olustur(SiparisController.java:17)
    at java.base/java.lang.Thread.run(Thread.java:840)
[12/Sep/2026:16:46:01] INFO - Rapor başarıyla oluşturuldu
[12/Sep/2026:16:46:01] WARN - Yanıt süresi beklenenden uzun sürdü
[12/Sep/2026:16:46:01] INFO - Önbellek (cache) yenilendi
[12/Sep/2026:16:46:01] INFO - Rapor başarıyla oluşturuldu
[12/Sep/2026:16:46:01] INFO - Yeni kullanıcı kaydı tamamlandı
[12/Sep/2026:16:46:01] INFO - Önbellek (cache) yenilendi
[12/Sep/2026:16:46:01] INFO - Kullanıcı girişi başarılı
[12/Sep/2026:16:46:01] WARN - Disk kullanımı %75'i geçti
[12/Sep/2026:16:46:01] INFO - Önbellek (cache) yenilendi
[12/Sep/2026:16:46:01] INFO - Önbellek (cache) yenilendi
[12/Sep/2026:16:46:01] ERROR - Stok güncellenirken hata oluştu
    at com.ornek.servis.OdemeServisi.gonder(OdemeServisi.java:42)
    at com.ornek.controller.SiparisController.olustur(SiparisController.java:17)
    at java.base/java.lang.Thread.run(Thread.java:840)
[12/Sep/2026:16:46:01] INFO - Önbellek (cache) yenilendi
[12/Sep/2026:16:46:01] INFO - Sipariş oluşturuldu
[12/Sep/2026:16:46:01] WARN - Disk kullanımı %75'i geçti
[12/Sep/2026:16:46:01] WARN - Üçüncü parti servisten yavaş yanıt alındı
[12/Sep/2026:16:46:01] WARN - Yanıt süresi beklenenden uzun sürdü
[12/Sep/2026:16:46:01] INFO - Kullanıcı girişi başarılı
[12/Sep/2026:16:46:01] INFO - Önbellek (cache) yenilendi
[12/Sep/2026:16:46:01] WARN - Disk kullanımı %75'i geçti
[12/Sep/2026:16:46:01] WARN - Üçüncü parti servisten yavaş yanıt alındı
[12/Sep/2026:16:46:01] INFO - Önbellek (cache) yenilendi
[12/Sep/2026:16:46:01] WARN - Disk kullanımı %75'i geçti
[12/Sep/2026:16:46:01] INFO - Önbellek (cache) yenilendi
[12/Sep/2026:16:46:01] ERROR - Kimlik doğrulama servisi yanıt vermedi
    at com.ornek.servis.OdemeServisi.gonder(OdemeServisi.java:42)
    at com.ornek.controller.SiparisController.olustur(SiparisController.java:17)
    at java.base/java.lang.Thread.run(Thread.java:840)
[12/Sep/2026:16:46:01] INFO - Önbellek (cache) yenilendi
[12/Sep/2026:16:46:01] INFO - Önbellek (cache) yenilendi
[12/Sep/2026:16:46:01] INFO - Sipariş oluşturuldu
[12/Sep/2026:16:46:01] INFO - Rapor başarıyla oluşturuldu
[12/Sep/2026:16:46:01] INFO - Kullanıcı girişi başarılı
[12/Sep/2026:16:46:01] INFO - Önbellek (cache) yenilendi
[12/Sep/2026:16:46:01] INFO - Önbellek (cache) yenilendi
[12/Sep/2026:16:46:01] WARN - Üçüncü parti servisten yavaş yanıt alındı
[12/Sep/2026:16:46:01] INFO - Sipariş oluşturuldu
[12/Sep/2026:16:46:01] WARN - Yanıt süresi beklenenden uzun sürdü
[12/Sep/2026:16:46:01] WARN - Disk kullanımı %75'i geçti
[12/Sep/2026:16:46:01] INFO - Rapor başarıyla oluşturuldu
[12/Sep/2026:16:46:01] INFO - Rapor başarıyla oluşturuldu
[12/Sep/2026:16:46:01] INFO - Rapor başarıyla oluşturuldu
[12/Sep/2026:16:46:01] INFO - Kullanıcı girişi başarılı
[12/Sep/2026:16:46:01] WARN - Veritabanı bağlantı havuzu %80 dolulukta
[12/Sep/2026:16:46:01] INFO - Önbellek (cache) yenilendi
[12/Sep/2026:16:46:01] INFO - Rapor başarıyla oluşturuldu
[12/Sep/2026:16:46:01] INFO - Önbellek (cache) yenilendi
[12/Sep/2026:16:46:01] INFO - Sipariş oluşturuldu
[12/Sep/2026:16:46:01] INFO - Yeni kullanıcı kaydı tamamlandı
[12/Sep/2026:16:46:01] WARN - Veritabanı bağlantı havuzu %80 dolulukta
[12/Sep/2026:16:46:01] INFO - Rapor başarıyla oluşturuldu
[12/Sep/2026:16:46:01] INFO - Yeni kullanıcı kaydı tamamlandı
[12/Sep/2026:16:46:01] WARN - Üçüncü parti servisten yavaş yanıt alındı
[12/Sep/2026:16:46:01] INFO - Rapor başarıyla oluşturuldu
[12/Sep/2026:16:46:01] INFO - Yeni kullanıcı kaydı tamamlandı
[12/Sep/2026:16:46:01] WARN - Disk kullanımı %75'i geçti
[12/Sep/2026:16:46:01] INFO - Rapor başarıyla oluşturuldu
[12/Sep/2026:16:46:01] WARN - Yanıt süresi beklenenden uzun sürdü
[12/Sep/2026:16:46:01] WARN - Yanıt süresi beklenenden uzun sürdü
[12/Sep/2026:16:46:01] INFO - Önbellek (cache) yenilendi
[12/Sep/2026:16:46:01] INFO - Yeni kullanıcı kaydı tamamlandı
[12/Sep/2026:16:46:01] INFO - Yeni kullanıcı kaydı tamamlandı
[12/Sep/2026:16:46:01] INFO - Kullanıcı girişi başarılı
[12/Sep/2026:16:46:01] ERROR - Beklenmeyen hata oluştu
    at com.ornek.servis.OdemeServisi.gonder(OdemeServisi.java:42)
    at com.ornek.controller.SiparisController.olustur(SiparisController.java:17)
    at java.base/java.lang.Thread.run(Thread.java:840)
[12/Sep/2026:16:46:01] ERROR - Beklenmeyen hata oluştu
    at com.ornek.servis.OdemeServisi.gonder(OdemeServisi.java:42)
    at com.ornek.controller.SiparisController.olustur(SiparisController.java:17)
    at java.base/java.lang.Thread.run(Thread.java:840)
[12/Sep/2026:16:46:01] INFO - Sipariş oluşturuldu
[12/Sep/2026:16:46:01] INFO - Yeni kullanıcı kaydı tamamlandı
[12/Sep/2026:16:46:01] INFO - Sipariş oluşturuldu
[12/Sep/2026:16:46:01] INFO - Kullanıcı girişi başarılı
[12/Sep/2026:16:46:01] INFO - Kullanıcı girişi başarılı
[12/Sep/2026:16:46:01] INFO - Rapor başarıyla oluşturuldu
[12/Sep/2026:16:46:01] INFO - Rapor başarıyla oluşturuldu
[12/Sep/2026:16:46:01] INFO - Sipariş oluşturuldu
[12/Sep/2026:16:46:01] ERROR - Beklenmeyen hata oluştu
    at com.ornek.servis.OdemeServisi.gonder(OdemeServisi.java:42)
    at com.ornek.controller.SiparisController.olustur(SiparisController.java:17)
    at java.base/java.lang.Thread.run(Thread.java:840)
[12/Sep/2026:16:46:01] INFO - Kullanıcı girişi başarılı
[12/Sep/2026:16:46:01] INFO - Önbellek (cache) yenilendi
[12/Sep/2026:16:46:01] ERROR - Ödeme servisi zaman aşımına uğradı
    at com.ornek.servis.OdemeServisi.gonder(OdemeServisi.java:42)
    at com.ornek.controller.SiparisController.olustur(SiparisController.java:17)
    at java.base/java.lang.Thread.run(Thread.java:840)
[12/Sep/2026:16:46:01] INFO - Rapor başarıyla oluşturuldu
[12/Sep/2026:16:46:01] INFO - Kullanıcı girişi başarılı
[12/Sep/2026:16:46:01] INFO - Kullanıcı girişi başarılı
[12/Sep/2026:16:46:01] INFO - Yeni kullanıcı kaydı tamamlandı
[12/Sep/2026:16:46:01] INFO - Yeni kullanıcı kaydı tamamlandı
[12/Sep/2026:16:46:01] WARN - Disk kullanımı %75'i geçti
[12/Sep/2026:16:46:01] ERROR - Beklenmeyen hata oluştu
    at com.ornek.servis.OdemeServisi.gonder(OdemeServisi.java:42)
    at com.ornek.controller.SiparisController.olustur(SiparisController.java:17)
    at java.base/java.lang.Thread.run(Thread.java:840)
[12/Sep/2026:16:46:01] INFO - Yeni kullanıcı kaydı tamamlandı
[12/Sep/2026:16:46:01] WARN - Üçüncü parti servisten yavaş yanıt alındı
[12/Sep/2026:16:46:01] INFO - Rapor başarıyla oluşturuldu
[12/Sep/2026:16:46:01] INFO - Önbellek (cache) yenilendi
[12/Sep/2026:16:46:01] INFO - Kullanıcı girişi başarılı
[12/Sep/2026:16:46:01] INFO - Kullanıcı girişi başarılı
[12/Sep/2026:16:46:01] INFO - Sipariş oluşturuldu
[12/Sep/2026:16:46:01] INFO - Önbellek (cache) yenilendi
[12/Sep/2026:16:46:01] INFO - Yeni kullanıcı kaydı tamamlandı
[12/Sep/2026:16:46:01] WARN - Üçüncü parti servisten yavaş yanıt alındı
[12/Sep/2026:16:46:01] INFO - Yeni kullanıcı kaydı tamamlandı
[12/Sep/2026:16:46:01] INFO - Önbellek (cache) yenilendi
[12/Sep/2026:16:46:01] INFO - Kullanıcı girişi başarılı
[12/Sep/2026:16:46:01] INFO - Yeni kullanıcı kaydı tamamlandı
[12/Sep/2026:16:46:01] INFO - Kullanıcı girişi başarılı
[12/Sep/2026:16:46:01] INFO - Önbellek (cache) yenilendi
[12/Sep/2026:16:46:01] ERROR - Veritabanına bağlanılamadı
    at com.ornek.servis.OdemeServisi.gonder(OdemeServisi.java:42)
    at com.ornek.controller.SiparisController.olustur(SiparisController.java:17)
    at java.base/java.lang.Thread.run(Thread.java:840)
[12/Sep/2026:16:46:01] INFO - Kullanıcı girişi başarılı
[12/Sep/2026:16:46:01] INFO - Önbellek (cache) yenilendi
[12/Sep/2026:16:46:01] INFO - Kullanıcı girişi başarılı
[12/Sep/2026:16:46:01] INFO - Sipariş oluşturuldu
[12/Sep/2026:16:46:01] INFO - Yeni kullanıcı kaydı tamamlandı
[12/Sep/2026:16:46:01] INFO - Sipariş oluşturuldu
[12/Sep/2026:16:46:01] WARN - Veritabanı bağlantı havuzu %80 dolulukta
[12/Sep/2026:16:46:01] INFO - Sipariş oluşturuldu
[12/Sep/2026:16:46:01] INFO - Rapor başarıyla oluşturuldu
[12/Sep/2026:16:46:01] INFO - Önbellek (cache) yenilendi
[12/Sep/2026:16:46:01] INFO - Yeni kullanıcı kaydı tamamlandı
[12/Sep/2026:16:46:01] INFO - Sipariş oluşturuldu
[12/Sep/2026:16:46:01] WARN - Veritabanı bağlantı havuzu %80 dolulukta
[12/Sep/2026:16:46:01] INFO - Kullanıcı girişi başarılı
[12/Sep/2026:16:46:01] INFO - Önbellek (cache) yenilendi
[12/Sep/2026:16:46:01] INFO - Kullanıcı girişi başarılı
[12/Sep/2026:16:46:01] INFO - Sipariş oluşturuldu
[12/Sep/2026:16:46:01] WARN - Yanıt süresi beklenenden uzun sürdü
[12/Sep/2026:16:46:01] WARN - Veritabanı bağlantı havuzu %80 dolulukta
[12/Sep/2026:16:46:01] INFO - Sipariş oluşturuldu
[12/Sep/2026:16:46:01] WARN - Veritabanı bağlantı havuzu %80 dolulukta
[12/Sep/2026:16:46:01] INFO - Önbellek (cache) yenilendi
[12/Sep/2026:16:46:01] WARN - Üçüncü parti servisten yavaş yanıt alındı
[12/Sep/2026:16:46:01] ERROR - Ödeme servisi zaman aşımına uğradı
    at com.ornek.servis.OdemeServisi.gonder(OdemeServisi.java:42)
    at com.ornek.controller.SiparisController.olustur(SiparisController.java:17)
    at java.base/java.lang.Thread.run(Thread.java:840)
[12/Sep/2026:16:46:01] WARN - Veritabanı bağlantı havuzu %80 dolulukta
[12/Sep/2026:16:46:01] ERROR - Stok güncellenirken hata oluştu
    at com.ornek.servis.OdemeServisi.gonder(OdemeServisi.java:42)
    at com.ornek.controller.SiparisController.olustur(SiparisController.java:17)
    at java.base/java.lang.Thread.run(Thread.java:840)
[12/Sep/2026:16:46:01] WARN - Disk kullanımı %75'i geçti
[12/Sep/2026:16:46:01] INFO - Sipariş oluşturuldu
[12/Sep/2026:16:46:01] INFO - Rapor başarıyla oluşturuldu
[12/Sep/2026:16:46:01] WARN - Veritabanı bağlantı havuzu %80 dolulukta
[12/Sep/2026:16:46:01] INFO - Önbellek (cache) yenilendi
[12/Sep/2026:16:46:01] INFO - Rapor başarıyla oluşturuldu
[12/Sep/2026:16:46:01] INFO - Sipariş oluşturuldu
[12/Sep/2026:16:46:01] WARN - Disk kullanımı %75'i geçti
[12/Sep/2026:16:46:01] INFO - Önbellek (cache) yenilendi
[12/Sep/2026:16:46:01] INFO - Rapor başarıyla oluşturuldu
[12/Sep/2026:16:46:01] INFO - Kullanıcı girişi başarılı
[12/Sep/2026:16:46:01] INFO - Sipariş oluşturuldu
[12/Sep/2026:16:46:01] INFO - Yeni kullanıcı kaydı tamamlandı
[12/Sep/2026:16:46:01] INFO - Önbellek (cache) yenilendi
[12/Sep/2026:16:46:01] INFO - Sipariş oluşturuldu
[12/Sep/2026:16:46:01] INFO - Kullanıcı girişi başarılı
[12/Sep/2026:16:46:01] INFO - Rapor başarıyla oluşturuldu
[12/Sep/2026:16:46:01] INFO - Yeni kullanıcı kaydı tamamlandı
[12/Sep/2026:16:46:01] INFO - Kullanıcı girişi başarılı
[12/Sep/2026:16:46:01] INFO - Yeni kullanıcı kaydı tamamlandı
[12/Sep/2026:16:46:01] INFO - Sipariş oluşturuldu
[12/Sep/2026:16:46:01] WARN - Disk kullanımı %75'i geçti
[12/Sep/2026:16:46:01] INFO - Yeni kullanıcı kaydı tamamlandı
[12/Sep/2026:16:46:01] ERROR - Beklenmeyen hata oluştu
    at com.ornek.servis.OdemeServisi.gonder(OdemeServisi.java:42)
    at com.ornek.controller.SiparisController.olustur(SiparisController.java:17)
    at java.base/java.lang.Thread.run(Thread.java:840)
[12/Sep/2026:16:46:01] INFO - Kullanıcı girişi başarılı
[12/Sep/2026:16:46:01] INFO - Yeni kullanıcı kaydı tamamlandı
[12/Sep/2026:16:46:01] INFO - Yeni kullanıcı kaydı tamamlandı
[12/Sep/2026:16:46:01] INFO - Kullanıcı girişi başarılı
[12/Sep/2026:16:46:01] INFO - Yeni kullanıcı kaydı tamamlandı
[12/Sep/2026:16:46:01] WARN - Disk kullanımı %75'i geçti
[12/Sep/2026:16:46:01] INFO - Sipariş oluşturuldu
[12/Sep/2026:16:46:01] INFO - Önbellek (cache) yenilendi
[12/Sep/2026:16:46:01] INFO - Kullanıcı girişi başarılı
[12/Sep/2026:16:46:01] WARN - Disk kullanımı %75'i geçti
[12/Sep/2026:16:46:01] WARN - Yanıt süresi beklenenden uzun sürdü
[12/Sep/2026:16:46:01] WARN - Üçüncü parti servisten yavaş yanıt alındı
[12/Sep/2026:16:46:01] INFO - Yeni kullanıcı kaydı tamamlandı
[12/Sep/2026:16:46:01] ERROR - Beklenmeyen hata oluştu
    at com.ornek.servis.OdemeServisi.gonder(OdemeServisi.java:42)
    at com.ornek.controller.SiparisController.olustur(SiparisController.java:17)
    at java.base/java.lang.Thread.run(Thread.java:840)
[12/Sep/2026:16:46:01] ERROR - Ödeme servisi zaman aşımına uğradı
    at com.ornek.servis.OdemeServisi.gonder(OdemeServisi.java:42)
    at com.ornek.controller.SiparisController.olustur(SiparisController.java:17)
    at java.base/java.lang.Thread.run(Thread.java:840)
[12/Sep/2026:16:46:01] INFO - Rapor başarıyla oluşturuldu
[12/Sep/2026:16:46:01] INFO - Yeni kullanıcı kaydı tamamlandı
[12/Sep/2026:16:46:01] WARN - Üçüncü parti servisten yavaş yanıt alındı
[12/Sep/2026:16:46:01] WARN - Veritabanı bağlantı havuzu %80 dolulukta
[12/Sep/2026:16:46:01] WARN - Yanıt süresi beklenenden uzun sürdü
[12/Sep/2026:16:46:01] INFO - Kullanıcı girişi başarılı
[12/Sep/2026:16:46:01] INFO - Sipariş oluşturuldu
[12/Sep/2026:16:46:01] INFO - Yeni kullanıcı kaydı tamamlandı
[12/Sep/2026:16:46:01] INFO - Kullanıcı girişi başarılı
[12/Sep/2026:16:46:01] INFO - Sipariş oluşturuldu
[12/Sep/2026:16:46:01] WARN - Üçüncü parti servisten yavaş yanıt alındı
[12/Sep/2026:16:46:01] INFO - Yeni kullanıcı kaydı tamamlandı
[12/Sep/2026:16:46:01] INFO - Yeni kullanıcı kaydı tamamlandı
[12/Sep/2026:16:46:01] WARN - Üçüncü parti servisten yavaş yanıt alındı
[12/Sep/2026:16:46:01] WARN - Disk kullanımı %75'i geçti
[12/Sep/2026:16:46:01] INFO - Rapor başarıyla oluşturuldu
[12/Sep/2026:16:46:01] INFO - Yeni kullanıcı kaydı tamamlandı
[12/Sep/2026:16:46:01] INFO - Rapor başarıyla oluşturuldu
[12/Sep/2026:16:46:01] INFO - Yeni kullanıcı kaydı tamamlandı
[12/Sep/2026:16:46:01] INFO - Önbellek (cache) yenilendi
[12/Sep/2026:16:46:01] INFO - Rapor başarıyla oluşturuldu
[12/Sep/2026:16:46:01] INFO - Rapor başarıyla oluşturuldu
[12/Sep/2026:16:46:01] INFO - Yeni kullanıcı kaydı tamamlandı
[12/Sep/2026:16:46:01] INFO - Rapor başarıyla oluşturuldu
[12/Sep/2026:16:46:01] INFO - Rapor başarıyla oluşturuldu
[12/Sep/2026:16:46:01] INFO - Önbellek (cache) yenilendi
[12/Sep/2026:16:46:01] WARN - Yanıt süresi beklenenden uzun sürdü
[12/Sep/2026:16:46:01] INFO - Sipariş oluşturuldu
[12/Sep/2026:16:46:01] ERROR - Veritabanına bağlanılamadı
    at com.ornek.servis.OdemeServisi.gonder(OdemeServisi.java:42)
    at com.ornek.controller.SiparisController.olustur(SiparisController.java:17)
    at java.base/java.lang.Thread.run(Thread.java:840)
[12/Sep/2026:16:46:01] INFO - Önbellek (cache) yenilendi
[12/Sep/2026:16:46:01] INFO - Yeni kullanıcı kaydı tamamlandı
[12/Sep/2026:16:46:01] WARN - Yanıt süresi beklenenden uzun sürdü
[12/Sep/2026:16:46:01] INFO - Sipariş oluşturuldu
[12/Sep/2026:16:46:01] WARN - Üçüncü parti servisten yavaş yanıt alındı
[12/Sep/2026:16:46:01] WARN - Disk kullanımı %75'i geçti
[12/Sep/2026:16:46:01] INFO - Yeni kullanıcı kaydı tamamlandı
[12/Sep/2026:16:46:01] INFO - Önbellek (cache) yenilendi
[12/Sep/2026:16:46:01] INFO - Rapor başarıyla oluşturuldu
[12/Sep/2026:16:46:01] INFO - Yeni kullanıcı kaydı tamamlandı
[12/Sep/2026:16:46:01] INFO - Rapor başarıyla oluşturuldu
[12/Sep/2026:16:46:01] INFO - Rapor başarıyla oluşturuldu
[12/Sep/2026:16:46:01] INFO - Kullanıcı girişi başarılı
[12/Sep/2026:16:46:01] WARN - Yanıt süresi beklenenden uzun sürdü
[12/Sep/2026:16:46:01] INFO - Önbellek (cache) yenilendi
[12/Sep/2026:16:46:01] INFO - Yeni kullanıcı kaydı tamamlandı
[12/Sep/2026:16:46:01] ERROR - Veritabanına bağlanılamadı
    at com.ornek.servis.OdemeServisi.gonder(OdemeServisi.java:42)
    at com.ornek.controller.SiparisController.olustur(SiparisController.java:17)
    at java.base/java.lang.Thread.run(Thread.java:840)
[12/Sep/2026:16:46:01] WARN - Üçüncü parti servisten yavaş yanıt alındı
[12/Sep/2026:16:46:01] ERROR - Kimlik doğrulama servisi yanıt vermedi
    at com.ornek.servis.OdemeServisi.gonder(OdemeServisi.java:42)
    at com.ornek.controller.SiparisController.olustur(SiparisController.java:17)
    at java.base/java.lang.Thread.run(Thread.java:840)
[12/Sep/2026:16:46:01] INFO - Sipariş oluşturuldu
[12/Sep/2026:16:46:01] WARN - Veritabanı bağlantı havuzu %80 dolulukta
[12/Sep/2026:16:46:01] INFO - Rapor başarıyla oluşturuldu
[12/Sep/2026:16:46:01] INFO - Rapor başarıyla oluşturuldu
[12/Sep/2026:16:46:01] WARN - Veritabanı bağlantı havuzu %80 dolulukta
[12/Sep/2026:16:46:01] INFO - Sipariş oluşturuldu
[12/Sep/2026:16:46:01] INFO - Sipariş oluşturuldu
[12/Sep/2026:16:46:01] INFO - Yeni kullanıcı kaydı tamamlandı
[12/Sep/2026:16:46:01] INFO - Yeni kullanıcı kaydı tamamlandı
[12/Sep/2026:16:46:01] WARN - Üçüncü parti servisten yavaş yanıt alındı
[12/Sep/2026:16:46:01] INFO - Yeni kullanıcı kaydı tamamlandı
[12/Sep/2026:16:46:01] INFO - Sipariş oluşturuldu
[12/Sep/2026:16:46:01] INFO - Kullanıcı girişi başarılı
[12/Sep/2026:16:46:01] INFO - Yeni kullanıcı kaydı tamamlandı
[12/Sep/2026:16:46:01] INFO - Kullanıcı girişi başarılı
[12/Sep/2026:16:46:01] WARN - Üçüncü parti servisten yavaş yanıt alındı
[12/Sep/2026:16:46:01] INFO - Sipariş oluşturuldu
[12/Sep/2026:16:46:01] WARN - Yanıt süresi beklenenden uzun sürdü
[12/Sep/2026:16:46:01] INFO - Sipariş oluşturuldu
[12/Sep/2026:16:46:01] INFO - Sipariş oluşturuldu
[12/Sep/2026:16:46:01] INFO - Yeni kullanıcı kaydı tamamlandı
[12/Sep/2026:16:46:01] INFO - Rapor başarıyla oluşturuldu
[12/Sep/2026:16:46:01] ERROR - Kimlik doğrulama servisi yanıt vermedi
    at com.ornek.servis.OdemeServisi.gonder(OdemeServisi.java:42)
    at com.ornek.controller.SiparisController.olustur(SiparisController.java:17)
    at java.base/java.lang.Thread.run(Thread.java:840)
[12/Sep/2026:16:46:01] ERROR - Beklenmeyen hata oluştu
    at com.ornek.servis.OdemeServisi.gonder(OdemeServisi.java:42)
    at com.ornek.controller.SiparisController.olustur(SiparisController.java:17)
    at java.base/java.lang.Thread.run(Thread.java:840)
[12/Sep/2026:16:46:01] WARN - Veritabanı bağlantı havuzu %80 dolulukta
[12/Sep/2026:16:46:01] INFO - Kullanıcı girişi başarılı
[12/Sep/2026:16:46:01] INFO - Sipariş oluşturuldu
[12/Sep/2026:16:46:01] INFO - Yeni kullanıcı kaydı tamamlandı
[12/Sep/2026:16:46:01] INFO - Önbellek (cache) yenilendi
[12/Sep/2026:16:46:01] INFO - Yeni kullanıcı kaydı tamamlandı
[12/Sep/2026:16:46:01] WARN - Üçüncü parti servisten yavaş yanıt alındı
[12/Sep/2026:16:46:01] INFO - Sipariş oluşturuldu
[12/Sep/2026:16:46:01] INFO - Sipariş oluşturuldu
[12/Sep/2026:16:46:01] INFO - Önbellek (cache) yenilendi
[12/Sep/2026:16:46:01] ERROR - Beklenmeyen hata oluştu
    at com.ornek.servis.OdemeServisi.gonder(OdemeServisi.java:42)
    at com.ornek.controller.SiparisController.olustur(SiparisController.java:17)
    at java.base/java.lang.Thread.run(Thread.java:840)
[12/Sep/2026:16:46:01] WARN - Disk kullanımı %75'i geçti
[12/Sep/2026:16:46:01] INFO - Rapor başarıyla oluşturuldu
[12/Sep/2026:16:46:01] ERROR - Stok güncellenirken hata oluştu
    at com.ornek.servis.OdemeServisi.gonder(OdemeServisi.java:42)
    at com.ornek.controller.SiparisController.olustur(SiparisController.java:17)
    at java.base/java.lang.Thread.run(Thread.java:840)
[12/Sep/2026:16:46:01] WARN - Veritabanı bağlantı havuzu %80 dolulukta
[12/Sep/2026:16:46:01] INFO - Önbellek (cache) yenilendi
[12/Sep/2026:16:46:01] INFO - Rapor başarıyla oluşturuldu
[12/Sep/2026:16:46:01] INFO - Yeni kullanıcı kaydı tamamlandı
[12/Sep/2026:16:46:01] INFO - Önbellek (cache) yenilendi
[12/Sep/2026:16:46:01] WARN - Disk kullanımı %75'i geçti
[12/Sep/2026:16:46:01] INFO - Önbellek (cache) yenilendi
[12/Sep/2026:16:46:01] INFO - Sipariş oluşturuldu
[12/Sep/2026:16:46:01] INFO - Önbellek (cache) yenilendi
[12/Sep/2026:16:46:01] INFO - Önbellek (cache) yenilendi
[12/Sep/2026:16:46:01] INFO - Önbellek (cache) yenilendi
[12/Sep/2026:16:46:01] WARN - Üçüncü parti servisten yavaş yanıt alındı
[12/Sep/2026:16:46:01] ERROR - Ödeme servisi zaman aşımına uğradı
    at com.ornek.servis.OdemeServisi.gonder(OdemeServisi.java:42)
    at com.ornek.controller.SiparisController.olustur(SiparisController.java:17)
    at java.base/java.lang.Thread.run(Thread.java:840)
[12/Sep/2026:16:46:01] INFO - Yeni kullanıcı kaydı tamamlandı
[12/Sep/2026:16:46:01] INFO - Rapor başarıyla oluşturuldu
[12/Sep/2026:16:46:01] ERROR - Veritabanına bağlanılamadı
    at com.ornek.servis.OdemeServisi.gonder(OdemeServisi.java:42)
    at com.ornek.controller.SiparisController.olustur(SiparisController.java:17)
    at java.base/java.lang.Thread.run(Thread.java:840)
[12/Sep/2026:16:46:01] INFO - Yeni kullanıcı kaydı tamamlandı
[12/Sep/2026:16:46:01] INFO - Rapor başarıyla oluşturuldu
[12/Sep/2026:16:46:01] INFO - Rapor başarıyla oluşturuldu
[12/Sep/2026:16:46:01] INFO - Kullanıcı girişi başarılı
[12/Sep/2026:16:46:01] INFO - Rapor başarıyla oluşturuldu
[12/Sep/2026:16:46:01] INFO - Sipariş oluşturuldu
[12/Sep/2026:16:46:01] INFO - Kullanıcı girişi başarılı
[12/Sep/2026:16:46:01] INFO - Önbellek (cache) yenilendi
[12/Sep/2026:16:46:01] INFO - Kullanıcı girişi başarılı
[12/Sep/2026:16:46:01] INFO - Önbellek (cache) yenilendi
[12/Sep/2026:16:46:01] WARN - Disk kullanımı %75'i geçti
[12/Sep/2026:16:46:01] INFO - Rapor başarıyla oluşturuldu
[12/Sep/2026:16:46:01] INFO - Sipariş oluşturuldu
[12/Sep/2026:16:46:01] INFO - Önbellek (cache) yenilendi
[12/Sep/2026:16:46:01] WARN - Yanıt süresi beklenenden uzun sürdü
[12/Sep/2026:16:46:01] WARN - Veritabanı bağlantı havuzu %80 dolulukta
[12/Sep/2026:16:46:01] INFO - Sipariş oluşturuldu
[12/Sep/2026:16:46:01] INFO - Önbellek (cache) yenilendi
[12/Sep/2026:16:46:01] INFO - Kullanıcı girişi başarılı
[12/Sep/2026:16:46:01] INFO - Yeni kullanıcı kaydı tamamlandı
[12/Sep/2026:16:46:01] INFO - Rapor başarıyla oluşturuldu
[12/Sep/2026:16:46:01] INFO - Kullanıcı girişi başarılı
[12/Sep/2026:16:46:01] INFO - Rapor başarıyla oluşturuldu
[12/Sep/2026:16:46:01] INFO - Önbellek (cache) yenilendi
[12/Sep/2026:16:46:01] INFO - Kullanıcı girişi başarılı
[12/Sep/2026:16:46:01] INFO - Kullanıcı girişi başarılı
[12/Sep/2026:16:46:01] INFO - Sipariş oluşturuldu
[12/Sep/2026:16:46:01] INFO - Kullanıcı girişi başarılı
[12/Sep/2026:16:46:01] INFO - Önbellek (cache) yenilendi
[12/Sep/2026:16:46:01] INFO - Sipariş oluşturuldu
[12/Sep/2026:16:46:01] INFO - Rapor başarıyla oluşturuldu
[12/Sep/2026:16:46:01] INFO - Rapor başarıyla oluşturuldu
[12/Sep/2026:16:46:01] INFO - Yeni kullanıcı kaydı tamamlandı
[12/Sep/2026:16:46:01] INFO - Önbellek (cache) yenilendi
[12/Sep/2026:16:46:01] INFO - Sipariş oluşturuldu
[12/Sep/2026:16:46:01] WARN - Veritabanı bağlantı havuzu %80 dolulukta
[12/Sep/2026:16:46:01] INFO - Rapor başarıyla oluşturuldu
[12/Sep/2026:16:46:01] INFO - Önbellek (cache) yenilendi
[12/Sep/2026:16:46:01] INFO - Rapor başarıyla oluşturuldu
[12/Sep/2026:16:46:01] WARN - Üçüncü parti servisten yavaş yanıt alındı
[12/Sep/2026:16:46:01] INFO - Yeni kullanıcı kaydı tamamlandı
[12/Sep/2026:16:46:01] INFO - Rapor başarıyla oluşturuldu
[12/Sep/2026:16:46:01] INFO - Rapor başarıyla oluşturuldu
[12/Sep/2026:16:46:01] WARN - Disk kullanımı %75'i geçti
[12/Sep/2026:16:46:01] ERROR - Beklenmeyen hata oluştu
    at com.ornek.servis.OdemeServisi.gonder(OdemeServisi.java:42)
    at com.ornek.controller.SiparisController.olustur(SiparisController.java:17)
    at java.base/java.lang.Thread.run(Thread.java:840)
[12/Sep/2026:16:46:01] WARN - Disk kullanımı %75'i geçti
[12/Sep/2026:16:46:01] INFO - Kullanıcı girişi başarılı
[12/Sep/2026:16:46:01] ERROR - Kimlik doğrulama servisi yanıt vermedi
    at com.ornek.servis.OdemeServisi.gonder(OdemeServisi.java:42)
    at com.ornek.controller.SiparisController.olustur(SiparisController.java:17)
    at java.base/java.lang.Thread.run(Thread.java:840)
[12/Sep/2026:16:46:01] INFO - Yeni kullanıcı kaydı tamamlandı
[12/Sep/2026:16:46:01] ERROR - Kimlik doğrulama servisi yanıt vermedi
    at com.ornek.servis.OdemeServisi.gonder(OdemeServisi.java:42)
    at com.ornek.controller.SiparisController.olustur(SiparisController.java:17)
    at java.base/java.lang.Thread.run(Thread.java:840)
[12/Sep/2026:16:46:01] INFO - Yeni kullanıcı kaydı tamamlandı
[12/Sep/2026:16:46:01] INFO - Yeni kullanıcı kaydı tamamlandı
[12/Sep/2026:16:46:01] INFO - Sipariş oluşturuldu
[12/Sep/2026:16:46:01] INFO - Kullanıcı girişi başarılı
[12/Sep/2026:16:46:01] INFO - Sipariş oluşturuldu
[12/Sep/2026:16:46:01] INFO - Sipariş oluşturuldu
[12/Sep/2026:16:46:01] INFO - Yeni kullanıcı kaydı tamamlandı
[12/Sep/2026:16:46:01] INFO - Önbellek (cache) yenilendi
[12/Sep/2026:16:46:01] INFO - Önbellek (cache) yenilendi
[12/Sep/2026:16:46:01] INFO - Rapor başarıyla oluşturuldu
[12/Sep/2026:16:46:01] INFO - Yeni kullanıcı kaydı tamamlandı
[12/Sep/2026:16:46:01] INFO - Kullanıcı girişi başarılı
[12/Sep/2026:16:46:01] INFO - Önbellek (cache) yenilendi
[12/Sep/2026:16:46:01] INFO - Önbellek (cache) yenilendi
[12/Sep/2026:16:46:01] INFO - Önbellek (cache) yenilendi
[12/Sep/2026:16:46:01] INFO - Önbellek (cache) yenilendi
[12/Sep/2026:16:46:01] INFO - Yeni kullanıcı kaydı tamamlandı
[12/Sep/2026:16:46:01] WARN - Veritabanı bağlantı havuzu %80 dolulukta
[12/Sep/2026:16:46:01] INFO - Kullanıcı girişi başarılı
[12/Sep/2026:16:46:01] INFO - Önbellek (cache) yenilendi
[12/Sep/2026:16:46:01] INFO - Rapor başarıyla oluşturuldu
[12/Sep/2026:16:46:01] ERROR - Stok güncellenirken hata oluştu
    at com.ornek.servis.OdemeServisi.gonder(OdemeServisi.java:42)
    at com.ornek.controller.SiparisController.olustur(SiparisController.java:17)
    at java.base/java.lang.Thread.run(Thread.java:840)
[12/Sep/2026:16:46:01] INFO - Önbellek (cache) yenilendi
[12/Sep/2026:16:46:01] INFO - Rapor başarıyla oluşturuldu
[12/Sep/2026:16:46:01] ERROR - Veritabanına bağlanılamadı
    at com.ornek.servis.OdemeServisi.gonder(OdemeServisi.java:42)
    at com.ornek.controller.SiparisController.olustur(SiparisController.java:17)
    at java.base/java.lang.Thread.run(Thread.java:840)
[12/Sep/2026:16:46:01] INFO - Rapor başarıyla oluşturuldu
[12/Sep/2026:16:46:01] ERROR - Stok güncellenirken hata oluştu
    at com.ornek.servis.OdemeServisi.gonder(OdemeServisi.java:42)
    at com.ornek.controller.SiparisController.olustur(SiparisController.java:17)
    at java.base/java.lang.Thread.run(Thread.java:840)
[12/Sep/2026:16:46:01] INFO - Sipariş oluşturuldu
[12/Sep/2026:16:46:01] INFO - Önbellek (cache) yenilendi
[12/Sep/2026:16:46:01] WARN - Disk kullanımı %75'i geçti
[12/Sep/2026:16:46:01] ERROR - Kimlik doğrulama servisi yanıt vermedi
    at com.ornek.servis.OdemeServisi.gonder(OdemeServisi.java:42)
    at com.ornek.controller.SiparisController.olustur(SiparisController.java:17)
    at java.base/java.lang.Thread.run(Thread.java:840)
[12/Sep/2026:16:46:01] WARN - Disk kullanımı %75'i geçti
[12/Sep/2026:16:46:01] INFO - Önbellek (cache) yenilendi
[12/Sep/2026:16:46:01] WARN - Veritabanı bağlantı havuzu %80 dolulukta
[12/Sep/2026:16:46:01] ERROR - Stok güncellenirken hata oluştu
    at com.ornek.servis.OdemeServisi.gonder(OdemeServisi.java:42)
    at com.ornek.controller.SiparisController.olustur(SiparisController.java:17)
    at java.base/java.lang.Thread.run(Thread.java:840)
[12/Sep/2026:16:46:01] WARN - Yanıt süresi beklenenden uzun sürdü
[12/Sep/2026:16:46:01] INFO - Yeni kullanıcı kaydı tamamlandı
[12/Sep/2026:16:46:01] INFO - Rapor başarıyla oluşturuldu
[12/Sep/2026:16:46:01] INFO - Önbellek (cache) yenilendi
[12/Sep/2026:16:46:01] INFO - Rapor başarıyla oluşturuldu
[12/Sep/2026:16:46:01] INFO - Yeni kullanıcı kaydı tamamlandı
[12/Sep/2026:16:46:01] INFO - Yeni kullanıcı kaydı tamamlandı
[12/Sep/2026:16:46:01] INFO - Kullanıcı girişi başarılı
[12/Sep/2026:16:46:01] WARN - Yanıt süresi beklenenden uzun sürdü
[12/Sep/2026:16:46:01] INFO - Önbellek (cache) yenilendi
[12/Sep/2026:16:46:01] WARN - Disk kullanımı %75'i geçti
[12/Sep/2026:16:46:01] INFO - Rapor başarıyla oluşturuldu
[12/Sep/2026:16:46:01] WARN - Disk kullanımı %75'i geçti
[12/Sep/2026:16:46:01] INFO - Kullanıcı girişi başarılı
[12/Sep/2026:16:46:01] INFO - Sipariş oluşturuldu
[12/Sep/2026:16:46:01] INFO - Önbellek (cache) yenilendi
[12/Sep/2026:16:46:01] INFO - Kullanıcı girişi başarılı
[12/Sep/2026:16:46:01] ERROR - Kimlik doğrulama servisi yanıt vermedi
    at com.ornek.servis.OdemeServisi.gonder(OdemeServisi.java:42)
    at com.ornek.controller.SiparisController.olustur(SiparisController.java:17)
    at java.base/java.lang.Thread.run(Thread.java:840)
[12/Sep/2026:16:46:01] WARN - Üçüncü parti servisten yavaş yanıt alındı
[12/Sep/2026:16:46:01] ERROR - Ödeme servisi zaman aşımına uğradı
    at com.ornek.servis.OdemeServisi.gonder(OdemeServisi.java:42)
    at com.ornek.controller.SiparisController.olustur(SiparisController.java:17)
    at java.base/java.lang.Thread.run(Thread.java:840)
[12/Sep/2026:16:46:01] INFO - Önbellek (cache) yenilendi
[12/Sep/2026:16:46:01] WARN - Üçüncü parti servisten yavaş yanıt alındı
[12/Sep/2026:16:46:01] WARN - Yanıt süresi beklenenden uzun sürdü
[12/Sep/2026:16:46:01] INFO - Rapor başarıyla oluşturuldu
[12/Sep/2026:16:46:01] INFO - Kullanıcı girişi başarılı
[12/Sep/2026:16:46:01] INFO - Sipariş oluşturuldu
[12/Sep/2026:16:46:01] INFO - Sipariş oluşturuldu
[12/Sep/2026:16:46:01] ERROR - Stok güncellenirken hata oluştu
    at com.ornek.servis.OdemeServisi.gonder(OdemeServisi.java:42)
    at com.ornek.controller.SiparisController.olustur(SiparisController.java:17)
    at java.base/java.lang.Thread.run(Thread.java:840)
[12/Sep/2026:16:46:01] INFO - Sipariş oluşturuldu
[12/Sep/2026:16:46:01] INFO - Sipariş oluşturuldu
[12/Sep/2026:16:46:01] INFO - Sipariş oluşturuldu
[12/Sep/2026:16:46:01] INFO - Yeni kullanıcı kaydı tamamlandı
[12/Sep/2026:16:46:01] WARN - Veritabanı bağlantı havuzu %80 dolulukta
[12/Sep/2026:16:46:01] INFO - Kullanıcı girişi başarılı
[12/Sep/2026:16:46:01] INFO - Rapor başarıyla oluşturuldu
[12/Sep/2026:16:46:01] INFO - Önbellek (cache) yenilendi
[12/Sep/2026:16:46:01] INFO - Kullanıcı girişi başarılı
[12/Sep/2026:16:46:01] INFO - Önbellek (cache) yenilendi
[12/Sep/2026:16:46:01] INFO - Sipariş oluşturuldu
[12/Sep/2026:16:46:01] ERROR - Beklenmeyen hata oluştu
    at com.ornek.servis.OdemeServisi.gonder(OdemeServisi.java:42)
    at com.ornek.controller.SiparisController.olustur(SiparisController.java:17)
    at java.base/java.lang.Thread.run(Thread.java:840)
[12/Sep/2026:16:46:01] INFO - Sipariş oluşturuldu
[12/Sep/2026:16:46:01] INFO - Kullanıcı girişi başarılı
[12/Sep/2026:16:46:01] WARN - Disk kullanımı %75'i geçti
[12/Sep/2026:16:46:01] INFO - Yeni kullanıcı kaydı tamamlandı
[12/Sep/2026:16:46:01] INFO - Sipariş oluşturuldu
[12/Sep/2026:16:46:01] WARN - Üçüncü parti servisten yavaş yanıt alındı
[12/Sep/2026:16:46:01] WARN - Üçüncü parti servisten yavaş yanıt alındı
[12/Sep/2026:16:46:01] INFO - Yeni kullanıcı kaydı tamamlandı
[12/Sep/2026:16:46:01] INFO - Kullanıcı girişi başarılı
[12/Sep/2026:16:46:01] INFO - Rapor başarıyla oluşturuldu
[12/Sep/2026:16:46:01] INFO - Rapor başarıyla oluşturuldu
[12/Sep/2026:16:46:01] ERROR - Beklenmeyen hata oluştu
    at com.ornek.servis.OdemeServisi.gonder(OdemeServisi.java:42)
    at com.ornek.controller.SiparisController.olustur(SiparisController.java:17)
    at java.base/java.lang.Thread.run(Thread.java:840)
[12/Sep/2026:16:46:01] INFO - Kullanıcı girişi başarılı
[12/Sep/2026:16:46:01] INFO - Sipariş oluşturuldu
[12/Sep/2026:16:46:01] INFO - Rapor başarıyla oluşturuldu
[12/Sep/2026:16:46:01] ERROR - Veritabanına bağlanılamadı
    at com.ornek.servis.OdemeServisi.gonder(OdemeServisi.java:42)
    at com.ornek.controller.SiparisController.olustur(SiparisController.java:17)
    at java.base/java.lang.Thread.run(Thread.java:840)
[12/Sep/2026:16:46:01] INFO - Sipariş oluşturuldu
[12/Sep/2026:16:46:01] INFO - Önbellek (cache) yenilendi
[12/Sep/2026:16:46:01] INFO - Sipariş oluşturuldu
[12/Sep/2026:16:46:01] INFO - Kullanıcı girişi başarılı
[12/Sep/2026:16:46:01] WARN - Disk kullanımı %75'i geçti
[12/Sep/2026:16:46:01] WARN - Yanıt süresi beklenenden uzun sürdü
[12/Sep/2026:16:46:01] ERROR - Veritabanına bağlanılamadı
    at com.ornek.servis.OdemeServisi.gonder(OdemeServisi.java:42)
    at com.ornek.controller.SiparisController.olustur(SiparisController.java:17)
    at java.base/java.lang.Thread.run(Thread.java:840)
[12/Sep/2026:16:46:01] INFO - Yeni kullanıcı kaydı tamamlandı
[12/Sep/2026:16:46:01] INFO - Rapor başarıyla oluşturuldu
[12/Sep/2026:16:46:01] WARN - Üçüncü parti servisten yavaş yanıt alındı
[12/Sep/2026:16:46:01] INFO - Yeni kullanıcı kaydı tamamlandı
[12/Sep/2026:16:46:01] INFO - Kullanıcı girişi başarılı
[12/Sep/2026:16:46:01] WARN - Veritabanı bağlantı havuzu %80 dolulukta
[12/Sep/2026:16:46:01] WARN - Veritabanı bağlantı havuzu %80 dolulukta
[12/Sep/2026:16:46:01] INFO - Kullanıcı girişi başarılı
[12/Sep/2026:16:46:01] ERROR - Stok güncellenirken hata oluştu
    at com.ornek.servis.OdemeServisi.gonder(OdemeServisi.java:42)
    at com.ornek.controller.SiparisController.olustur(SiparisController.java:17)
    at java.base/java.lang.Thread.run(Thread.java:840)
[12/Sep/2026:16:46:01] INFO - Rapor başarıyla oluşturuldu
[12/Sep/2026:16:46:01] INFO - Kullanıcı girişi başarılı
[12/Sep/2026:16:46:01] INFO - Rapor başarıyla oluşturuldu
[12/Sep/2026:16:46:01] INFO - Rapor başarıyla oluşturuldu
[12/Sep/2026:16:46:01] INFO - Sipariş oluşturuldu
[12/Sep/2026:16:46:01] INFO - Yeni kullanıcı kaydı tamamlandı
[12/Sep/2026:16:46:01] INFO - Rapor başarıyla oluşturuldu
[12/Sep/2026:16:46:01] INFO - Rapor başarıyla oluşturuldu
[12/Sep/2026:16:46:01] INFO - Rapor başarıyla oluşturuldu
[12/Sep/2026:16:46:01] WARN - Üçüncü parti servisten yavaş yanıt alındı
[12/Sep/2026:16:46:01] INFO - Sipariş oluşturuldu
[12/Sep/2026:16:46:01] INFO - Kullanıcı girişi başarılı
[12/Sep/2026:16:46:01] WARN - Veritabanı bağlantı havuzu %80 dolulukta
[12/Sep/2026:16:46:01] INFO - Yeni kullanıcı kaydı tamamlandı
[12/Sep/2026:16:46:01] INFO - Önbellek (cache) yenilendi
[12/Sep/2026:16:46:01] WARN - Üçüncü parti servisten yavaş yanıt alındı
[12/Sep/2026:16:46:01] INFO - Rapor başarıyla oluşturuldu
[12/Sep/2026:16:46:01] INFO - Sipariş oluşturuldu
[12/Sep/2026:16:46:01] INFO - Önbellek (cache) yenilendi
[12/Sep/2026:16:46:01] INFO - Önbellek (cache) yenilendi
[12/Sep/2026:16:46:01] INFO - Rapor başarıyla oluşturuldu
[12/Sep/2026:16:46:01] INFO - Kullanıcı girişi başarılı
[12/Sep/2026:16:46:01] WARN - Üçüncü parti servisten yavaş yanıt alındı
[12/Sep/2026:16:46:01] INFO - Sipariş oluşturuldu
[12/Sep/2026:16:46:01] INFO - Yeni kullanıcı kaydı tamamlandı
[12/Sep/2026:16:46:01] INFO - Sipariş oluşturuldu
[12/Sep/2026:16:46:01] INFO - Rapor başarıyla oluşturuldu
[12/Sep/2026:16:46:01] INFO - Kullanıcı girişi başarılı
[12/Sep/2026:16:46:01] WARN - Disk kullanımı %75'i geçti
[12/Sep/2026:16:47:01] INFO - Önbellek (cache) yenilendi
[12/Sep/2026:16:47:01] INFO - Kullanıcı girişi başarılı
[12/Sep/2026:16:47:01] INFO - Sipariş oluşturuldu
[12/Sep/2026:16:47:01] WARN - Üçüncü parti servisten yavaş yanıt alındı
[12/Sep/2026:16:47:01] WARN - Disk kullanımı %75'i geçti
[12/Sep/2026:16:47:01] WARN - Üçüncü parti servisten yavaş yanıt alındı
[12/Sep/2026:16:47:01] INFO - Önbellek (cache) yenilendi
[12/Sep/2026:16:47:01] WARN - Yanıt süresi beklenenden uzun sürdü
[12/Sep/2026:16:47:01] INFO - Rapor başarıyla oluşturuldu
[12/Sep/2026:16:47:01] ERROR - Beklenmeyen hata oluştu
    at com.ornek.servis.OdemeServisi.gonder(OdemeServisi.java:42)
    at com.ornek.controller.SiparisController.olustur(SiparisController.java:17)
    at java.base/java.lang.Thread.run(Thread.java:840)
[12/Sep/2026:16:47:01] INFO - Sipariş oluşturuldu
[12/Sep/2026:16:47:01] INFO - Yeni kullanıcı kaydı tamamlandı
[12/Sep/2026:16:47:01] WARN - Disk kullanımı %75'i geçti
[12/Sep/2026:16:47:01] WARN - Üçüncü parti servisten yavaş yanıt alındı
[12/Sep/2026:16:47:01] WARN - Üçüncü parti servisten yavaş yanıt alındı
[12/Sep/2026:16:47:01] INFO - Rapor başarıyla oluşturuldu
[12/Sep/2026:16:47:01] INFO - Sipariş oluşturuldu
[12/Sep/2026:16:47:01] INFO - Kullanıcı girişi başarılı
[12/Sep/2026:16:47:01] INFO - Yeni kullanıcı kaydı tamamlandı
[12/Sep/2026:16:47:01] INFO - Sipariş oluşturuldu
[12/Sep/2026:16:47:01] INFO - Sipariş oluşturuldu
[12/Sep/2026:16:47:01] INFO - Yeni kullanıcı kaydı tamamlandı
[12/Sep/2026:16:47:01] INFO - Önbellek (cache) yenilendi
[12/Sep/2026:16:47:01] ERROR - Ödeme servisi zaman aşımına uğradı
    at com.ornek.servis.OdemeServisi.gonder(OdemeServisi.java:42)
    at com.ornek.controller.SiparisController.olustur(SiparisController.java:17)
    at java.base/java.lang.Thread.run(Thread.java:840)
[12/Sep/2026:16:47:01] INFO - Kullanıcı girişi başarılı
[12/Sep/2026:16:47:01] INFO - Kullanıcı girişi başarılı
[12/Sep/2026:16:47:01] INFO - Sipariş oluşturuldu
[12/Sep/2026:16:47:01] INFO - Kullanıcı girişi başarılı
[12/Sep/2026:16:47:01] INFO - Yeni kullanıcı kaydı tamamlandı
[12/Sep/2026:16:47:01] ERROR - Stok güncellenirken hata oluştu
    at com.ornek.servis.OdemeServisi.gonder(OdemeServisi.java:42)
    at com.ornek.controller.SiparisController.olustur(SiparisController.java:17)
    at java.base/java.lang.Thread.run(Thread.java:840)
[12/Sep/2026:16:47:01] INFO - Yeni kullanıcı kaydı tamamlandı
[12/Sep/2026:16:47:01] INFO - Önbellek (cache) yenilendi
[12/Sep/2026:16:47:01] ERROR - Ödeme servisi zaman aşımına uğradı
    at com.ornek.servis.OdemeServisi.gonder(OdemeServisi.java:42)
    at com.ornek.controller.SiparisController.olustur(SiparisController.java:17)
    at java.base/java.lang.Thread.run(Thread.java:840)
[12/Sep/2026:16:47:01] INFO - Kullanıcı girişi başarılı
[12/Sep/2026:16:47:01] INFO - Yeni kullanıcı kaydı tamamlandı
[12/Sep/2026:16:47:01] INFO - Sipariş oluşturuldu
[12/Sep/2026:16:47:01] WARN - Yanıt süresi beklenenden uzun sürdü
[12/Sep/2026:16:47:01] INFO - Rapor başarıyla oluşturuldu
[12/Sep/2026:16:47:01] INFO - Yeni kullanıcı kaydı tamamlandı
[12/Sep/2026:16:47:01] INFO - Önbellek (cache) yenilendi
[12/Sep/2026:16:47:01] INFO - Yeni kullanıcı kaydı tamamlandı
[12/Sep/2026:16:47:01] INFO - Kullanıcı girişi başarılı
[12/Sep/2026:16:47:01] ERROR - Veritabanına bağlanılamadı
    at com.ornek.servis.OdemeServisi.gonder(OdemeServisi.java:42)
    at com.ornek.controller.SiparisController.olustur(SiparisController.java:17)
    at java.base/java.lang.Thread.run(Thread.java:840)
[12/Sep/2026:16:47:01] INFO - Yeni kullanıcı kaydı tamamlandı
[12/Sep/2026:16:47:01] INFO - Sipariş oluşturuldu
[12/Sep/2026:16:47:01] INFO - Kullanıcı girişi başarılı
[12/Sep/2026:16:47:01] WARN - Üçüncü parti servisten yavaş yanıt alındı
[12/Sep/2026:16:47:01] INFO - Rapor başarıyla oluşturuldu
[12/Sep/2026:16:47:01] WARN - Üçüncü parti servisten yavaş yanıt alındı
[12/Sep/2026:16:47:01] INFO - Rapor başarıyla oluşturuldu
[12/Sep/2026:16:47:01] WARN - Veritabanı bağlantı havuzu %80 dolulukta
[12/Sep/2026:16:47:01] INFO - Kullanıcı girişi başarılı
[12/Sep/2026:16:47:01] ERROR - Beklenmeyen hata oluştu
    at com.ornek.servis.OdemeServisi.gonder(OdemeServisi.java:42)
    at com.ornek.controller.SiparisController.olustur(SiparisController.java:17)
    at java.base/java.lang.Thread.run(Thread.java:840)
[12/Sep/2026:16:47:01] INFO - Önbellek (cache) yenilendi
[12/Sep/2026:16:47:01] INFO - Sipariş oluşturuldu
[12/Sep/2026:16:47:01] ERROR - Kimlik doğrulama servisi yanıt vermedi
    at com.ornek.servis.OdemeServisi.gonder(OdemeServisi.java:42)
    at com.ornek.controller.SiparisController.olustur(SiparisController.java:17)
    at java.base/java.lang.Thread.run(Thread.java:840)
[12/Sep/2026:16:47:01] INFO - Önbellek (cache) yenilendi
[12/Sep/2026:16:47:01] INFO - Yeni kullanıcı kaydı tamamlandı
[12/Sep/2026:16:47:01] INFO - Yeni kullanıcı kaydı tamamlandı
[12/Sep/2026:16:47:01] WARN - Veritabanı bağlantı havuzu %80 dolulukta
[12/Sep/2026:16:47:01] ERROR - Veritabanına bağlanılamadı
    at com.ornek.servis.OdemeServisi.gonder(OdemeServisi.java:42)
    at com.ornek.controller.SiparisController.olustur(SiparisController.java:17)
    at java.base/java.lang.Thread.run(Thread.java:840)
[12/Sep/2026:16:47:01] INFO - Yeni kullanıcı kaydı tamamlandı
[12/Sep/2026:16:47:01] INFO - Kullanıcı girişi başarılı
[12/Sep/2026:16:47:01] WARN - Veritabanı bağlantı havuzu %80 dolulukta
[12/Sep/2026:16:47:01] ERROR - Beklenmeyen hata oluştu
    at com.ornek.servis.OdemeServisi.gonder(OdemeServisi.java:42)
    at com.ornek.controller.SiparisController.olustur(SiparisController.java:17)
    at java.base/java.lang.Thread.run(Thread.java:840)
[12/Sep/2026:16:47:01] ERROR - Kimlik doğrulama servisi yanıt vermedi
    at com.ornek.servis.OdemeServisi.gonder(OdemeServisi.java:42)
    at com.ornek.controller.SiparisController.olustur(SiparisController.java:17)
    at java.base/java.lang.Thread.run(Thread.java:840)
[12/Sep/2026:16:47:01] WARN - Veritabanı bağlantı havuzu %80 dolulukta
[12/Sep/2026:16:47:01] INFO - Sipariş oluşturuldu
[12/Sep/2026:16:47:01] WARN - Disk kullanımı %75'i geçti
[12/Sep/2026:16:47:01] INFO - Kullanıcı girişi başarılı
[12/Sep/2026:16:47:01] INFO - Kullanıcı girişi başarılı
[12/Sep/2026:16:47:01] INFO - Rapor başarıyla oluşturuldu
[12/Sep/2026:16:47:01] INFO - Kullanıcı girişi başarılı
[12/Sep/2026:16:47:01] INFO - Rapor başarıyla oluşturuldu
[12/Sep/2026:16:47:01] WARN - Üçüncü parti servisten yavaş yanıt alındı
[12/Sep/2026:16:47:01] ERROR - Ödeme servisi zaman aşımına uğradı
    at com.ornek.servis.OdemeServisi.gonder(OdemeServisi.java:42)
    at com.ornek.controller.SiparisController.olustur(SiparisController.java:17)
    at java.base/java.lang.Thread.run(Thread.java:840)
[12/Sep/2026:16:47:01] INFO - Kullanıcı girişi başarılı
[12/Sep/2026:16:47:01] ERROR - Beklenmeyen hata oluştu
    at com.ornek.servis.OdemeServisi.gonder(OdemeServisi.java:42)
    at com.ornek.controller.SiparisController.olustur(SiparisController.java:17)
    at java.base/java.lang.Thread.run(Thread.java:840)
[12/Sep/2026:16:47:01] WARN - Üçüncü parti servisten yavaş yanıt alındı
[12/Sep/2026:16:47:01] INFO - Kullanıcı girişi başarılı
[12/Sep/2026:16:47:01] INFO - Rapor başarıyla oluşturuldu
[12/Sep/2026:16:47:01] ERROR - Veritabanına bağlanılamadı
    at com.ornek.servis.OdemeServisi.gonder(OdemeServisi.java:42)
    at com.ornek.controller.SiparisController.olustur(SiparisController.java:17)
    at java.base/java.lang.Thread.run(Thread.java:840)
[12/Sep/2026:16:47:01] INFO - Rapor başarıyla oluşturuldu
[12/Sep/2026:16:47:01] WARN - Yanıt süresi beklenenden uzun sürdü
[12/Sep/2026:16:47:01] INFO - Sipariş oluşturuldu
[12/Sep/2026:16:47:01] WARN - Veritabanı bağlantı havuzu %80 dolulukta
[12/Sep/2026:16:47:01] INFO - Kullanıcı girişi başarılı
[12/Sep/2026:16:47:01] WARN - Yanıt süresi beklenenden uzun sürdü
[12/Sep/2026:16:47:01] INFO - Yeni kullanıcı kaydı tamamlandı
[12/Sep/2026:16:47:01] INFO - Sipariş oluşturuldu
[12/Sep/2026:16:47:01] WARN - Veritabanı bağlantı havuzu %80 dolulukta
[12/Sep/2026:16:47:01] INFO - Önbellek (cache) yenilendi
[12/Sep/2026:16:47:01] INFO - Rapor başarıyla oluşturuldu
[12/Sep/2026:16:47:01] INFO - Önbellek (cache) yenilendi
[12/Sep/2026:16:47:01] ERROR - Stok güncellenirken hata oluştu
    at com.ornek.servis.OdemeServisi.gonder(OdemeServisi.java:42)
    at com.ornek.controller.SiparisController.olustur(SiparisController.java:17)
    at java.base/java.lang.Thread.run(Thread.java:840)
[12/Sep/2026:16:47:01] WARN - Üçüncü parti servisten yavaş yanıt alındı
[12/Sep/2026:16:47:01] INFO - Rapor başarıyla oluşturuldu
[12/Sep/2026:16:47:01] ERROR - Ödeme servisi zaman aşımına uğradı
    at com.ornek.servis.OdemeServisi.gonder(OdemeServisi.java:42)
    at com.ornek.controller.SiparisController.olustur(SiparisController.java:17)
    at java.base/java.lang.Thread.run(Thread.java:840)
[12/Sep/2026:16:47:01] INFO - Sipariş oluşturuldu
[12/Sep/2026:16:47:01] INFO - Önbellek (cache) yenilendi
[12/Sep/2026:16:47:01] INFO - Önbellek (cache) yenilendi
[12/Sep/2026:16:47:01] WARN - Veritabanı bağlantı havuzu %80 dolulukta
[12/Sep/2026:16:47:01] INFO - Sipariş oluşturuldu
[12/Sep/2026:16:47:01] ERROR - Stok güncellenirken hata oluştu
    at com.ornek.servis.OdemeServisi.gonder(OdemeServisi.java:42)
    at com.ornek.controller.SiparisController.olustur(SiparisController.java:17)
    at java.base/java.lang.Thread.run(Thread.java:840)
[12/Sep/2026:16:47:01] ERROR - Ödeme servisi zaman aşımına uğradı
    at com.ornek.servis.OdemeServisi.gonder(OdemeServisi.java:42)
    at com.ornek.controller.SiparisController.olustur(SiparisController.java:17)
    at java.base/java.lang.Thread.run(Thread.java:840)
[12/Sep/2026:16:47:01] INFO - Sipariş oluşturuldu
[12/Sep/2026:16:47:01] INFO - Sipariş oluşturuldu
[12/Sep/2026:16:47:01] INFO - Kullanıcı girişi başarılı
[12/Sep/2026:16:47:01] WARN - Veritabanı bağlantı havuzu %80 dolulukta
[12/Sep/2026:16:47:01] INFO - Kullanıcı girişi başarılı
[12/Sep/2026:16:47:01] INFO - Yeni kullanıcı kaydı tamamlandı
[12/Sep/2026:16:47:01] WARN - Disk kullanımı %75'i geçti
[12/Sep/2026:16:47:01] INFO - Sipariş oluşturuldu
[12/Sep/2026:16:47:01] INFO - Önbellek (cache) yenilendi
[12/Sep/2026:16:47:01] ERROR - Veritabanına bağlanılamadı
    at com.ornek.servis.OdemeServisi.gonder(OdemeServisi.java:42)
    at com.ornek.controller.SiparisController.olustur(SiparisController.java:17)
    at java.base/java.lang.Thread.run(Thread.java:840)
[12/Sep/2026:16:47:01] ERROR - Veritabanına bağlanılamadı
    at com.ornek.servis.OdemeServisi.gonder(OdemeServisi.java:42)
    at com.ornek.controller.SiparisController.olustur(SiparisController.java:17)
    at java.base/java.lang.Thread.run(Thread.java:840)
[12/Sep/2026:16:47:01] WARN - Üçüncü parti servisten yavaş yanıt alındı
[12/Sep/2026:16:47:01] INFO - Önbellek (cache) yenilendi
[12/Sep/2026:16:47:01] INFO - Sipariş oluşturuldu
[12/Sep/2026:16:47:01] INFO - Rapor başarıyla oluşturuldu
[12/Sep/2026:16:47:01] WARN - Üçüncü parti servisten yavaş yanıt alındı
[12/Sep/2026:16:47:01] INFO - Önbellek (cache) yenilendi
[12/Sep/2026:16:47:01] INFO - Rapor başarıyla oluşturuldu
[12/Sep/2026:16:47:01] INFO - Sipariş oluşturuldu
[12/Sep/2026:16:47:01] WARN - Üçüncü parti servisten yavaş yanıt alındı
[12/Sep/2026:16:47:01] WARN - Üçüncü parti servisten yavaş yanıt alındı
[12/Sep/2026:16:47:01] INFO - Önbellek (cache) yenilendi
[12/Sep/2026:16:47:01] INFO - Önbellek (cache) yenilendi
[12/Sep/2026:16:47:01] INFO - Yeni kullanıcı kaydı tamamlandı
[12/Sep/2026:16:47:01] INFO - Önbellek (cache) yenilendi
[12/Sep/2026:16:47:01] INFO - Sipariş oluşturuldu
[12/Sep/2026:16:47:01] INFO - Sipariş oluşturuldu
[12/Sep/2026:16:47:01] INFO - Rapor başarıyla oluşturuldu
[12/Sep/2026:16:47:01] INFO - Sipariş oluşturuldu
[12/Sep/2026:16:47:01] INFO - Kullanıcı girişi başarılı
[12/Sep/2026:16:47:01] WARN - Disk kullanımı %75'i geçti
[12/Sep/2026:16:47:01] INFO - Sipariş oluşturuldu
[12/Sep/2026:16:47:01] INFO - Önbellek (cache) yenilendi
[12/Sep/2026:16:47:01] WARN - Yanıt süresi beklenenden uzun sürdü
[12/Sep/2026:16:47:01] WARN - Yanıt süresi beklenenden uzun sürdü
[12/Sep/2026:16:47:01] WARN - Yanıt süresi beklenenden uzun sürdü
[12/Sep/2026:16:47:01] WARN - Veritabanı bağlantı havuzu %80 dolulukta
[12/Sep/2026:16:47:01] INFO - Yeni kullanıcı kaydı tamamlandı
[12/Sep/2026:16:47:01] INFO - Kullanıcı girişi başarılı
[12/Sep/2026:16:47:01] WARN - Disk kullanımı %75'i geçti
[12/Sep/2026:16:47:01] WARN - Disk kullanımı %75'i geçti
[12/Sep/2026:16:47:01] WARN - Veritabanı bağlantı havuzu %80 dolulukta
[12/Sep/2026:16:47:01] INFO - Sipariş oluşturuldu
[12/Sep/2026:16:47:01] WARN - Veritabanı bağlantı havuzu %80 dolulukta
[12/Sep/2026:16:47:01] WARN - Üçüncü parti servisten yavaş yanıt alındı
[12/Sep/2026:16:47:01] INFO - Kullanıcı girişi başarılı
[12/Sep/2026:16:47:01] INFO - Sipariş oluşturuldu
[12/Sep/2026:16:47:01] INFO - Kullanıcı girişi başarılı
[12/Sep/2026:16:47:01] ERROR - Ödeme servisi zaman aşımına uğradı
    at com.ornek.servis.OdemeServisi.gonder(OdemeServisi.java:42)
    at com.ornek.controller.SiparisController.olustur(SiparisController.java:17)
    at java.base/java.lang.Thread.run(Thread.java:840)
[12/Sep/2026:16:47:01] INFO - Yeni kullanıcı kaydı tamamlandı
[12/Sep/2026:16:47:01] INFO - Kullanıcı girişi başarılı
[12/Sep/2026:16:47:01] INFO - Yeni kullanıcı kaydı tamamlandı
[12/Sep/2026:16:47:01] WARN - Disk kullanımı %75'i geçti
[12/Sep/2026:16:47:01] INFO - Yeni kullanıcı kaydı tamamlandı
[12/Sep/2026:16:47:01] WARN - Üçüncü parti servisten yavaş yanıt alındı
[12/Sep/2026:16:47:01] INFO - Kullanıcı girişi başarılı
[12/Sep/2026:16:47:01] INFO - Kullanıcı girişi başarılı
[12/Sep/2026:16:47:01] INFO - Yeni kullanıcı kaydı tamamlandı
[12/Sep/2026:16:47:01] INFO - Kullanıcı girişi başarılı
[12/Sep/2026:16:47:01] INFO - Rapor başarıyla oluşturuldu
[12/Sep/2026:16:47:01] INFO - Kullanıcı girişi başarılı
[12/Sep/2026:16:47:01] INFO - Kullanıcı girişi başarılı
[12/Sep/2026:16:47:01] INFO - Rapor başarıyla oluşturuldu
[12/Sep/2026:16:47:01] INFO - Kullanıcı girişi başarılı
[12/Sep/2026:16:47:01] INFO - Önbellek (cache) yenilendi
[12/Sep/2026:16:47:01] INFO - Yeni kullanıcı kaydı tamamlandı
[12/Sep/2026:16:47:01] WARN - Disk kullanımı %75'i geçti
[12/Sep/2026:16:47:01] WARN - Veritabanı bağlantı havuzu %80 dolulukta
[12/Sep/2026:16:47:01] INFO - Kullanıcı girişi başarılı
[12/Sep/2026:16:47:01] ERROR - Ödeme servisi zaman aşımına uğradı
    at com.ornek.servis.OdemeServisi.gonder(OdemeServisi.java:42)
    at com.ornek.controller.SiparisController.olustur(SiparisController.java:17)
    at java.base/java.lang.Thread.run(Thread.java:840)
[12/Sep/2026:16:47:01] WARN - Disk kullanımı %75'i geçti
[12/Sep/2026:16:47:01] WARN - Üçüncü parti servisten yavaş yanıt alındı
[12/Sep/2026:16:47:01] ERROR - Beklenmeyen hata oluştu
    at com.ornek.servis.OdemeServisi.gonder(OdemeServisi.java:42)
    at com.ornek.controller.SiparisController.olustur(SiparisController.java:17)
    at java.base/java.lang.Thread.run(Thread.java:840)
[12/Sep/2026:16:47:01] INFO - Kullanıcı girişi başarılı
[12/Sep/2026:16:47:01] INFO - Yeni kullanıcı kaydı tamamlandı
[12/Sep/2026:16:47:01] INFO - Sipariş oluşturuldu
[12/Sep/2026:16:47:01] INFO - Önbellek (cache) yenilendi
[12/Sep/2026:16:47:01] ERROR - Ödeme servisi zaman aşımına uğradı
    at com.ornek.servis.OdemeServisi.gonder(OdemeServisi.java:42)
    at com.ornek.controller.SiparisController.olustur(SiparisController.java:17)
    at java.base/java.lang.Thread.run(Thread.java:840)
[12/Sep/2026:16:47:01] WARN - Yanıt süresi beklenenden uzun sürdü
[12/Sep/2026:16:47:01] WARN - Veritabanı bağlantı havuzu %80 dolulukta
[12/Sep/2026:16:47:01] WARN - Veritabanı bağlantı havuzu %80 dolulukta
[12/Sep/2026:16:47:01] INFO - Yeni kullanıcı kaydı tamamlandı
[12/Sep/2026:16:47:01] INFO - Önbellek (cache) yenilendi
[12/Sep/2026:16:47:01] INFO - Yeni kullanıcı kaydı tamamlandı
[12/Sep/2026:16:47:01] INFO - Sipariş oluşturuldu
[12/Sep/2026:16:47:01] INFO - Önbellek (cache) yenilendi
[12/Sep/2026:16:47:01] WARN - Veritabanı bağlantı havuzu %80 dolulukta
[12/Sep/2026:16:47:01] INFO - Kullanıcı girişi başarılı
[12/Sep/2026:16:47:01] INFO - Sipariş oluşturuldu
[12/Sep/2026:16:47:01] INFO - Rapor başarıyla oluşturuldu
[12/Sep/2026:16:47:01] INFO - Önbellek (cache) yenilendi
[12/Sep/2026:16:47:01] INFO - Yeni kullanıcı kaydı tamamlandı
[12/Sep/2026:16:47:01] INFO - Yeni kullanıcı kaydı tamamlandı
[12/Sep/2026:16:47:01] INFO - Kullanıcı girişi başarılı
[12/Sep/2026:16:47:01] WARN - Yanıt süresi beklenenden uzun sürdü
[12/Sep/2026:16:47:01] INFO - Yeni kullanıcı kaydı tamamlandı
[12/Sep/2026:16:47:01] INFO - Sipariş oluşturuldu
[12/Sep/2026:16:47:01] WARN - Yanıt süresi beklenenden uzun sürdü
[12/Sep/2026:16:47:01] INFO - Önbellek (cache) yenilendi
[12/Sep/2026:16:47:01] INFO - Yeni kullanıcı kaydı tamamlandı
[12/Sep/2026:16:47:01] WARN - Disk kullanımı %75'i geçti
[12/Sep/2026:16:47:01] WARN - Veritabanı bağlantı havuzu %80 dolulukta
[12/Sep/2026:16:47:01] ERROR - Ödeme servisi zaman aşımına uğradı
    at com.ornek.servis.OdemeServisi.gonder(OdemeServisi.java:42)
    at com.ornek.controller.SiparisController.olustur(SiparisController.java:17)
    at java.base/java.lang.Thread.run(Thread.java:840)
[12/Sep/2026:16:47:01] INFO - Sipariş oluşturuldu
[12/Sep/2026:16:47:01] INFO - Kullanıcı girişi başarılı
[12/Sep/2026:16:47:01] INFO - Yeni kullanıcı kaydı tamamlandı
[12/Sep/2026:16:47:01] INFO - Sipariş oluşturuldu
[12/Sep/2026:16:47:01] INFO - Rapor başarıyla oluşturuldu
[12/Sep/2026:16:47:01] INFO - Yeni kullanıcı kaydı tamamlandı
[12/Sep/2026:16:47:01] INFO - Önbellek (cache) yenilendi
[12/Sep/2026:16:47:01] INFO - Rapor başarıyla oluşturuldu
[12/Sep/2026:16:47:01] WARN - Üçüncü parti servisten yavaş yanıt alındı
[12/Sep/2026:16:47:01] WARN - Yanıt süresi beklenenden uzun sürdü
[12/Sep/2026:16:47:01] INFO - Yeni kullanıcı kaydı tamamlandı
[12/Sep/2026:16:47:01] WARN - Veritabanı bağlantı havuzu %80 dolulukta
[12/Sep/2026:16:47:01] INFO - Yeni kullanıcı kaydı tamamlandı
[12/Sep/2026:16:47:01] INFO - Rapor başarıyla oluşturuldu
[12/Sep/2026:16:47:01] INFO - Yeni kullanıcı kaydı tamamlandı
[12/Sep/2026:16:47:01] ERROR - Kimlik doğrulama servisi yanıt vermedi
    at com.ornek.servis.OdemeServisi.gonder(OdemeServisi.java:42)
    at com.ornek.controller.SiparisController.olustur(SiparisController.java:17)
    at java.base/java.lang.Thread.run(Thread.java:840)
[12/Sep/2026:16:47:01] INFO - Sipariş oluşturuldu
[12/Sep/2026:16:47:01] INFO - Kullanıcı girişi başarılı
[12/Sep/2026:16:47:01] WARN - Veritabanı bağlantı havuzu %80 dolulukta
[12/Sep/2026:16:47:01] INFO - Rapor başarıyla oluşturuldu
[12/Sep/2026:16:47:01] WARN - Disk kullanımı %75'i geçti
[12/Sep/2026:16:47:01] INFO - Sipariş oluşturuldu
[12/Sep/2026:16:47:01] INFO - Yeni kullanıcı kaydı tamamlandı
[12/Sep/2026:16:47:01] INFO - Rapor başarıyla oluşturuldu
[12/Sep/2026:16:47:01] INFO - Kullanıcı girişi başarılı
[12/Sep/2026:16:47:01] INFO - Rapor başarıyla oluşturuldu
[12/Sep/2026:16:47:01] INFO - Önbellek (cache) yenilendi
[12/Sep/2026:16:47:01] WARN - Disk kullanımı %75'i geçti
[12/Sep/2026:16:47:01] ERROR - Stok güncellenirken hata oluştu
    at com.ornek.servis.OdemeServisi.gonder(OdemeServisi.java:42)
    at com.ornek.controller.SiparisController.olustur(SiparisController.java:17)
    at java.base/java.lang.Thread.run(Thread.java:840)
[12/Sep/2026:16:47:01] INFO - Sipariş oluşturuldu
[12/Sep/2026:16:47:01] INFO - Kullanıcı girişi başarılı
[12/Sep/2026:16:47:01] INFO - Kullanıcı girişi başarılı
[12/Sep/2026:16:47:01] ERROR - Stok güncellenirken hata oluştu
    at com.ornek.servis.OdemeServisi.gonder(OdemeServisi.java:42)
    at com.ornek.controller.SiparisController.olustur(SiparisController.java:17)
    at java.base/java.lang.Thread.run(Thread.java:840)
[12/Sep/2026:16:47:01] INFO - Rapor başarıyla oluşturuldu
[12/Sep/2026:16:47:01] INFO - Yeni kullanıcı kaydı tamamlandı
[12/Sep/2026:16:47:01] WARN - Üçüncü parti servisten yavaş yanıt alındı
[12/Sep/2026:16:47:01] INFO - Sipariş oluşturuldu
[12/Sep/2026:16:47:01] WARN - Üçüncü parti servisten yavaş yanıt alındı
[12/Sep/2026:16:47:01] INFO - Kullanıcı girişi başarılı
[12/Sep/2026:16:47:01] INFO - Yeni kullanıcı kaydı tamamlandı
[12/Sep/2026:16:47:01] INFO - Rapor başarıyla oluşturuldu
[12/Sep/2026:16:47:01] INFO - Rapor başarıyla oluşturuldu
[12/Sep/2026:16:47:01] WARN - Yanıt süresi beklenenden uzun sürdü
[12/Sep/2026:16:47:01] INFO - Yeni kullanıcı kaydı tamamlandı
[12/Sep/2026:16:47:01] INFO - Rapor başarıyla oluşturuldu
[12/Sep/2026:16:47:01] INFO - Yeni kullanıcı kaydı tamamlandı
[12/Sep/2026:16:47:01] WARN - Yanıt süresi beklenenden uzun sürdü
[12/Sep/2026:16:47:01] INFO - Yeni kullanıcı kaydı tamamlandı
[12/Sep/2026:16:47:01] WARN - Yanıt süresi beklenenden uzun sürdü
[12/Sep/2026:16:47:01] INFO - Önbellek (cache) yenilendi
[12/Sep/2026:16:47:01] WARN - Disk kullanımı %75'i geçti
[12/Sep/2026:16:47:01] INFO - Kullanıcı girişi başarılı
[12/Sep/2026:16:47:01] INFO - Önbellek (cache) yenilendi
[12/Sep/2026:16:47:01] INFO - Sipariş oluşturuldu
[12/Sep/2026:16:47:01] ERROR - Stok güncellenirken hata oluştu
    at com.ornek.servis.OdemeServisi.gonder(OdemeServisi.java:42)
    at com.ornek.controller.SiparisController.olustur(SiparisController.java:17)
    at java.base/java.lang.Thread.run(Thread.java:840)
[12/Sep/2026:16:47:01] INFO - Rapor başarıyla oluşturuldu
[12/Sep/2026:16:47:01] INFO - Sipariş oluşturuldu
[12/Sep/2026:16:47:01] INFO - Kullanıcı girişi başarılı
[12/Sep/2026:16:47:01] INFO - Kullanıcı girişi başarılı
[12/Sep/2026:16:47:01] INFO - Rapor başarıyla oluşturuldu
[12/Sep/2026:16:47:01] WARN - Üçüncü parti servisten yavaş yanıt alındı
[12/Sep/2026:16:47:01] INFO - Kullanıcı girişi başarılı
[12/Sep/2026:16:47:01] INFO - Yeni kullanıcı kaydı tamamlandı
[12/Sep/2026:16:47:01] INFO - Önbellek (cache) yenilendi
[12/Sep/2026:16:47:01] INFO - Rapor başarıyla oluşturuldu
[12/Sep/2026:16:47:01] INFO - Yeni kullanıcı kaydı tamamlandı
[12/Sep/2026:16:47:01] WARN - Veritabanı bağlantı havuzu %80 dolulukta
[12/Sep/2026:16:47:01] INFO - Kullanıcı girişi başarılı
[12/Sep/2026:16:47:01] INFO - Sipariş oluşturuldu
[12/Sep/2026:16:47:01] INFO - Önbellek (cache) yenilendi
[12/Sep/2026:16:47:01] WARN - Veritabanı bağlantı havuzu %80 dolulukta
[12/Sep/2026:16:47:01] INFO - Önbellek (cache) yenilendi
[12/Sep/2026:16:47:01] INFO - Önbellek (cache) yenilendi
[12/Sep/2026:16:47:01] WARN - Yanıt süresi beklenenden uzun sürdü
[12/Sep/2026:16:47:01] ERROR - Beklenmeyen hata oluştu
    at com.ornek.servis.OdemeServisi.gonder(OdemeServisi.java:42)
    at com.ornek.controller.SiparisController.olustur(SiparisController.java:17)
    at java.base/java.lang.Thread.run(Thread.java:840)
[12/Sep/2026:16:47:01] ERROR - Stok güncellenirken hata oluştu
    at com.ornek.servis.OdemeServisi.gonder(OdemeServisi.java:42)
    at com.ornek.controller.SiparisController.olustur(SiparisController.java:17)
    at java.base/java.lang.Thread.run(Thread.java:840)
[12/Sep/2026:16:47:01] WARN - Veritabanı bağlantı havuzu %80 dolulukta
[12/Sep/2026:16:47:01] WARN - Yanıt süresi beklenenden uzun sürdü
[12/Sep/2026:16:47:01] INFO - Sipariş oluşturuldu
[12/Sep/2026:16:47:01] ERROR - Kimlik doğrulama servisi yanıt vermedi
    at com.ornek.servis.OdemeServisi.gonder(OdemeServisi.java:42)
    at com.ornek.controller.SiparisController.olustur(SiparisController.java:17)
    at java.base/java.lang.Thread.run(Thread.java:840)
[12/Sep/2026:16:47:01] INFO - Rapor başarıyla oluşturuldu
[12/Sep/2026:16:47:01] WARN - Yanıt süresi beklenenden uzun sürdü
[12/Sep/2026:16:47:01] INFO - Önbellek (cache) yenilendi
[12/Sep/2026:16:47:01] ERROR - Stok güncellenirken hata oluştu
    at com.ornek.servis.OdemeServisi.gonder(OdemeServisi.java:42)
    at com.ornek.controller.SiparisController.olustur(SiparisController.java:17)
    at java.base/java.lang.Thread.run(Thread.java:840)
[12/Sep/2026:16:47:01] INFO - Önbellek (cache) yenilendi
[12/Sep/2026:16:47:01] INFO - Sipariş oluşturuldu
[12/Sep/2026:16:47:01] WARN - Disk kullanımı %75'i geçti
[12/Sep/2026:16:47:01] INFO - Yeni kullanıcı kaydı tamamlandı
[12/Sep/2026:16:47:01] WARN - Yanıt süresi beklenenden uzun sürdü
[12/Sep/2026:16:47:01] INFO - Rapor başarıyla oluşturuldu
[12/Sep/2026:16:47:01] INFO - Yeni kullanıcı kaydı tamamlandı
[12/Sep/2026:16:47:01] INFO - Yeni kullanıcı kaydı tamamlandı
[12/Sep/2026:16:47:01] WARN - Yanıt süresi beklenenden uzun sürdü
[12/Sep/2026:16:47:01] INFO - Yeni kullanıcı kaydı tamamlandı
[12/Sep/2026:16:47:01] INFO - Rapor başarıyla oluşturuldu
[12/Sep/2026:16:47:01] WARN - Yanıt süresi beklenenden uzun sürdü
[12/Sep/2026:16:47:01] INFO - Kullanıcı girişi başarılı
[12/Sep/2026:16:47:01] INFO - Sipariş oluşturuldu
[12/Sep/2026:16:47:01] INFO - Sipariş oluşturuldu
[12/Sep/2026:16:47:01] INFO - Rapor başarıyla oluşturuldu
[12/Sep/2026:16:47:01] WARN - Üçüncü parti servisten yavaş yanıt alındı
[12/Sep/2026:16:47:01] INFO - Önbellek (cache) yenilendi
[12/Sep/2026:16:47:01] INFO - Sipariş oluşturuldu
[12/Sep/2026:16:47:01] INFO - Yeni kullanıcı kaydı tamamlandı
[12/Sep/2026:16:47:01] INFO - Sipariş oluşturuldu
[12/Sep/2026:16:47:01] WARN - Disk kullanımı %75'i geçti
[12/Sep/2026:16:47:01] ERROR - Beklenmeyen hata oluştu
    at com.ornek.servis.OdemeServisi.gonder(OdemeServisi.java:42)
    at com.ornek.controller.SiparisController.olustur(SiparisController.java:17)
    at java.base/java.lang.Thread.run(Thread.java:840)
[12/Sep/2026:16:47:01] INFO - Sipariş oluşturuldu
[12/Sep/2026:16:47:01] INFO - Yeni kullanıcı kaydı tamamlandı
[12/Sep/2026:16:47:01] INFO - Önbellek (cache) yenilendi
[12/Sep/2026:16:47:01] INFO - Rapor başarıyla oluşturuldu
[12/Sep/2026:16:47:01] INFO - Yeni kullanıcı kaydı tamamlandı
[12/Sep/2026:16:47:01] INFO - Rapor başarıyla oluşturuldu
[12/Sep/2026:16:47:01] WARN - Üçüncü parti servisten yavaş yanıt alındı
[12/Sep/2026:16:47:01] INFO - Önbellek (cache) yenilendi
[12/Sep/2026:16:47:01] WARN - Disk kullanımı %75'i geçti
[12/Sep/2026:16:47:01] INFO - Sipariş oluşturuldu
[12/Sep/2026:16:47:01] INFO - Yeni kullanıcı kaydı tamamlandı
[12/Sep/2026:16:47:01] ERROR - Ödeme servisi zaman aşımına uğradı
    at com.ornek.servis.OdemeServisi.gonder(OdemeServisi.java:42)
    at com.ornek.controller.SiparisController.olustur(SiparisController.java:17)
    at java.base/java.lang.Thread.run(Thread.java:840)
[12/Sep/2026:16:47:01] INFO - Kullanıcı girişi başarılı
[12/Sep/2026:16:47:01] INFO - Önbellek (cache) yenilendi
[12/Sep/2026:16:47:01] WARN - Üçüncü parti servisten yavaş yanıt alındı
[12/Sep/2026:16:47:01] ERROR - Kimlik doğrulama servisi yanıt vermedi
    at com.ornek.servis.OdemeServisi.gonder(OdemeServisi.java:42)
    at com.ornek.controller.SiparisController.olustur(SiparisController.java:17)
    at java.base/java.lang.Thread.run(Thread.java:840)
[12/Sep/2026:16:47:01] INFO - Kullanıcı girişi başarılı
[12/Sep/2026:16:47:01] INFO - Sipariş oluşturuldu
[12/Sep/2026:16:47:01] INFO - Kullanıcı girişi başarılı
[12/Sep/2026:16:47:01] INFO - Rapor başarıyla oluşturuldu
[12/Sep/2026:16:47:01] WARN - Yanıt süresi beklenenden uzun sürdü
[12/Sep/2026:16:47:01] ERROR - Veritabanına bağlanılamadı
    at com.ornek.servis.OdemeServisi.gonder(OdemeServisi.java:42)
    at com.ornek.controller.SiparisController.olustur(SiparisController.java:17)
    at java.base/java.lang.Thread.run(Thread.java:840)
[12/Sep/2026:16:47:01] ERROR - Stok güncellenirken hata oluştu
    at com.ornek.servis.OdemeServisi.gonder(OdemeServisi.java:42)
    at com.ornek.controller.SiparisController.olustur(SiparisController.java:17)
    at java.base/java.lang.Thread.run(Thread.java:840)
[12/Sep/2026:16:47:01] ERROR - Beklenmeyen hata oluştu
    at com.ornek.servis.OdemeServisi.gonder(OdemeServisi.java:42)
    at com.ornek.controller.SiparisController.olustur(SiparisController.java:17)
    at java.base/java.lang.Thread.run(Thread.java:840)
[12/Sep/2026:16:47:01] INFO - Sipariş oluşturuldu
[12/Sep/2026:16:47:01] INFO - Rapor başarıyla oluşturuldu
[12/Sep/2026:16:47:01] WARN - Veritabanı bağlantı havuzu %80 dolulukta
[12/Sep/2026:16:47:01] INFO - Önbellek (cache) yenilendi
[12/Sep/2026:16:47:01] INFO - Sipariş oluşturuldu
[12/Sep/2026:16:47:01] INFO - Kullanıcı girişi başarılı
[12/Sep/2026:16:47:01] WARN - Yanıt süresi beklenenden uzun sürdü
[12/Sep/2026:16:47:01] INFO - Yeni kullanıcı kaydı tamamlandı
[12/Sep/2026:16:47:01] INFO - Sipariş oluşturuldu
[12/Sep/2026:16:47:01] INFO - Sipariş oluşturuldu
[12/Sep/2026:16:47:01] INFO - Rapor başarıyla oluşturuldu
[12/Sep/2026:16:47:01] INFO - Kullanıcı girişi başarılı
[12/Sep/2026:16:47:01] ERROR - Ödeme servisi zaman aşımına uğradı
    at com.ornek.servis.OdemeServisi.gonder(OdemeServisi.java:42)
    at com.ornek.controller.SiparisController.olustur(SiparisController.java:17)
    at java.base/java.lang.Thread.run(Thread.java:840)
[12/Sep/2026:16:47:01] INFO - Rapor başarıyla oluşturuldu
[12/Sep/2026:16:47:01] INFO - Sipariş oluşturuldu
[12/Sep/2026:16:47:01] INFO - Rapor başarıyla oluşturuldu
[12/Sep/2026:16:47:01] INFO - Yeni kullanıcı kaydı tamamlandı
[12/Sep/2026:16:47:01] INFO - Önbellek (cache) yenilendi
[12/Sep/2026:16:47:01] ERROR - Veritabanına bağlanılamadı
    at com.ornek.servis.OdemeServisi.gonder(OdemeServisi.java:42)
    at com.ornek.controller.SiparisController.olustur(SiparisController.java:17)
    at java.base/java.lang.Thread.run(Thread.java:840)
[12/Sep/2026:16:47:01] INFO - Önbellek (cache) yenilendi
[12/Sep/2026:16:47:01] INFO - Önbellek (cache) yenilendi
[12/Sep/2026:16:47:01] ERROR - Ödeme servisi zaman aşımına uğradı
    at com.ornek.servis.OdemeServisi.gonder(OdemeServisi.java:42)
    at com.ornek.controller.SiparisController.olustur(SiparisController.java:17)
    at java.base/java.lang.Thread.run(Thread.java:840)
[12/Sep/2026:16:47:01] INFO - Sipariş oluşturuldu
[12/Sep/2026:16:47:01] INFO - Kullanıcı girişi başarılı
[12/Sep/2026:16:47:01] INFO - Önbellek (cache) yenilendi
[12/Sep/2026:16:47:01] INFO - Yeni kullanıcı kaydı tamamlandı
[12/Sep/2026:16:47:01] INFO - Önbellek (cache) yenilendi
[12/Sep/2026:16:47:01] INFO - Rapor başarıyla oluşturuldu
[12/Sep/2026:16:47:01] INFO - Kullanıcı girişi başarılı
[12/Sep/2026:16:47:01] INFO - Sipariş oluşturuldu
[12/Sep/2026:16:47:01] INFO - Kullanıcı girişi başarılı
[12/Sep/2026:16:47:01] INFO - Kullanıcı girişi başarılı
[12/Sep/2026:16:47:01] INFO - Kullanıcı girişi başarılı
[12/Sep/2026:16:47:01] INFO - Önbellek (cache) yenilendi
[12/Sep/2026:16:47:01] INFO - Sipariş oluşturuldu
[12/Sep/2026:16:47:01] INFO - Önbellek (cache) yenilendi
[12/Sep/2026:16:47:01] INFO - Yeni kullanıcı kaydı tamamlandı
[12/Sep/2026:16:47:01] INFO - Sipariş oluşturuldu
[12/Sep/2026:16:47:01] ERROR - Stok güncellenirken hata oluştu
    at com.ornek.servis.OdemeServisi.gonder(OdemeServisi.java:42)
    at com.ornek.controller.SiparisController.olustur(SiparisController.java:17)
    at java.base/java.lang.Thread.run(Thread.java:840)
[12/Sep/2026:16:47:01] INFO - Önbellek (cache) yenilendi
[12/Sep/2026:16:47:01] ERROR - Ödeme servisi zaman aşımına uğradı
    at com.ornek.servis.OdemeServisi.gonder(OdemeServisi.java:42)
    at com.ornek.controller.SiparisController.olustur(SiparisController.java:17)
    at java.base/java.lang.Thread.run(Thread.java:840)
[12/Sep/2026:16:47:01] INFO - Sipariş oluşturuldu
[12/Sep/2026:16:47:01] WARN - Veritabanı bağlantı havuzu %80 dolulukta
[12/Sep/2026:16:47:01] INFO - Kullanıcı girişi başarılı
[12/Sep/2026:16:47:01] INFO - Yeni kullanıcı kaydı tamamlandı
[12/Sep/2026:16:47:01] INFO - Yeni kullanıcı kaydı tamamlandı
[12/Sep/2026:16:47:01] INFO - Önbellek (cache) yenilendi
[12/Sep/2026:16:47:01] INFO - Sipariş oluşturuldu
[12/Sep/2026:16:47:01] WARN - Üçüncü parti servisten yavaş yanıt alındı
[12/Sep/2026:16:47:01] ERROR - Stok güncellenirken hata oluştu
    at com.ornek.servis.OdemeServisi.gonder(OdemeServisi.java:42)
    at com.ornek.controller.SiparisController.olustur(SiparisController.java:17)
    at java.base/java.lang.Thread.run(Thread.java:840)
[12/Sep/2026:16:47:01] WARN - Üçüncü parti servisten yavaş yanıt alındı
[12/Sep/2026:16:47:01] INFO - Kullanıcı girişi başarılı
[12/Sep/2026:16:47:01] WARN - Üçüncü parti servisten yavaş yanıt alındı
[12/Sep/2026:16:47:01] INFO - Önbellek (cache) yenilendi
[12/Sep/2026:16:47:01] INFO - Kullanıcı girişi başarılı
[12/Sep/2026:16:47:01] INFO - Yeni kullanıcı kaydı tamamlandı
[12/Sep/2026:16:47:01] ERROR - Veritabanına bağlanılamadı
    at com.ornek.servis.OdemeServisi.gonder(OdemeServisi.java:42)
    at com.ornek.controller.SiparisController.olustur(SiparisController.java:17)
    at java.base/java.lang.Thread.run(Thread.java:840)
[12/Sep/2026:16:47:01] INFO - Sipariş oluşturuldu
[12/Sep/2026:16:47:01] INFO - Önbellek (cache) yenilendi
[12/Sep/2026:16:47:01] INFO - Rapor başarıyla oluşturuldu
[12/Sep/2026:16:47:01] ERROR - Veritabanına bağlanılamadı
    at com.ornek.servis.OdemeServisi.gonder(OdemeServisi.java:42)
    at com.ornek.controller.SiparisController.olustur(SiparisController.java:17)
    at java.base/java.lang.Thread.run(Thread.java:840)
[12/Sep/2026:16:47:01] INFO - Yeni kullanıcı kaydı tamamlandı
[12/Sep/2026:16:47:01] INFO - Rapor başarıyla oluşturuldu
[12/Sep/2026:16:47:01] INFO - Yeni kullanıcı kaydı tamamlandı
[12/Sep/2026:16:47:01] INFO - Rapor başarıyla oluşturuldu
[12/Sep/2026:16:47:01] INFO - Rapor başarıyla oluşturuldu
[12/Sep/2026:16:47:01] INFO - Kullanıcı girişi başarılı
[12/Sep/2026:16:47:01] INFO - Kullanıcı girişi başarılı
[12/Sep/2026:16:47:01] INFO - Önbellek (cache) yenilendi
[12/Sep/2026:16:47:01] INFO - Rapor başarıyla oluşturuldu
[12/Sep/2026:16:47:01] INFO - Yeni kullanıcı kaydı tamamlandı
[12/Sep/2026:16:47:01] INFO - Önbellek (cache) yenilendi
[12/Sep/2026:16:47:01] INFO - Sipariş oluşturuldu
[12/Sep/2026:16:47:01] INFO - Sipariş oluşturuldu
[12/Sep/2026:16:47:01] WARN - Yanıt süresi beklenenden uzun sürdü
[12/Sep/2026:16:47:01] INFO - Önbellek (cache) yenilendi
[12/Sep/2026:16:47:01] WARN - Disk kullanımı %75'i geçti
[12/Sep/2026:16:47:01] WARN - Üçüncü parti servisten yavaş yanıt alındı
[12/Sep/2026:16:47:01] INFO - Sipariş oluşturuldu
[12/Sep/2026:16:47:01] INFO - Kullanıcı girişi başarılı
[12/Sep/2026:16:47:01] WARN - Yanıt süresi beklenenden uzun sürdü
[12/Sep/2026:16:47:01] INFO - Yeni kullanıcı kaydı tamamlandı
[12/Sep/2026:16:47:01] INFO - Rapor başarıyla oluşturuldu
[12/Sep/2026:16:47:01] WARN - Veritabanı bağlantı havuzu %80 dolulukta
[12/Sep/2026:16:47:01] INFO - Yeni kullanıcı kaydı tamamlandı
[12/Sep/2026:16:47:01] INFO - Kullanıcı girişi başarılı
[12/Sep/2026:16:47:01] WARN - Üçüncü parti servisten yavaş yanıt alındı
[12/Sep/2026:16:47:01] INFO - Rapor başarıyla oluşturuldu
[12/Sep/2026:16:47:01] INFO - Yeni kullanıcı kaydı tamamlandı
[12/Sep/2026:16:47:01] INFO - Yeni kullanıcı kaydı tamamlandı
[12/Sep/2026:16:47:01] INFO - Kullanıcı girişi başarılı
[12/Sep/2026:16:47:01] ERROR - Kimlik doğrulama servisi yanıt vermedi
    at com.ornek.servis.OdemeServisi.gonder(OdemeServisi.java:42)
    at com.ornek.controller.SiparisController.olustur(SiparisController.java:17)
    at java.base/java.lang.Thread.run(Thread.java:840)
[12/Sep/2026:16:47:01] INFO - Rapor başarıyla oluşturuldu
[12/Sep/2026:16:47:01] INFO - Önbellek (cache) yenilendi
[12/Sep/2026:16:47:01] INFO - Önbellek (cache) yenilendi
[12/Sep/2026:16:47:01] INFO - Önbellek (cache) yenilendi
[12/Sep/2026:16:47:01] INFO - Önbellek (cache) yenilendi
[12/Sep/2026:16:47:01] INFO - Yeni kullanıcı kaydı tamamlandı
[12/Sep/2026:16:47:01] INFO - Önbellek (cache) yenilendi
[12/Sep/2026:16:47:01] INFO - Rapor başarıyla oluşturuldu
[12/Sep/2026:16:47:01] INFO - Kullanıcı girişi başarılı
[12/Sep/2026:16:47:01] INFO - Önbellek (cache) yenilendi
[12/Sep/2026:16:47:01] INFO - Sipariş oluşturuldu
[12/Sep/2026:16:47:01] INFO - Rapor başarıyla oluşturuldu
[12/Sep/2026:16:47:01] INFO - Kullanıcı girişi başarılı
[12/Sep/2026:16:47:01] WARN - Veritabanı bağlantı havuzu %80 dolulukta
[12/Sep/2026:16:47:01] INFO - Kullanıcı girişi başarılı
[12/Sep/2026:16:47:01] INFO - Yeni kullanıcı kaydı tamamlandı
[12/Sep/2026:16:47:01] INFO - Önbellek (cache) yenilendi
[12/Sep/2026:16:47:01] ERROR - Beklenmeyen hata oluştu
    at com.ornek.servis.OdemeServisi.gonder(OdemeServisi.java:42)
    at com.ornek.controller.SiparisController.olustur(SiparisController.java:17)
    at java.base/java.lang.Thread.run(Thread.java:840)
[12/Sep/2026:16:47:01] INFO - Yeni kullanıcı kaydı tamamlandı
[12/Sep/2026:16:47:01] INFO - Kullanıcı girişi başarılı
[12/Sep/2026:16:47:01] INFO - Yeni kullanıcı kaydı tamamlandı
[12/Sep/2026:16:47:01] WARN - Disk kullanımı %75'i geçti
[12/Sep/2026:16:47:01] INFO - Kullanıcı girişi başarılı
[12/Sep/2026:16:47:01] INFO - Sipariş oluşturuldu
[12/Sep/2026:16:47:01] WARN - Disk kullanımı %75'i geçti
[12/Sep/2026:16:47:01] ERROR - Kimlik doğrulama servisi yanıt vermedi
    at com.ornek.servis.OdemeServisi.gonder(OdemeServisi.java:42)
    at com.ornek.controller.SiparisController.olustur(SiparisController.java:17)
    at java.base/java.lang.Thread.run(Thread.java:840)
[12/Sep/2026:16:47:01] WARN - Disk kullanımı %75'i geçti
[12/Sep/2026:16:47:01] ERROR - Beklenmeyen hata oluştu
    at com.ornek.servis.OdemeServisi.gonder(OdemeServisi.java:42)
    at com.ornek.controller.SiparisController.olustur(SiparisController.java:17)
    at java.base/java.lang.Thread.run(Thread.java:840)
[12/Sep/2026:16:47:01] INFO - Rapor başarıyla oluşturuldu
[12/Sep/2026:16:47:01] INFO - Kullanıcı girişi başarılı
[12/Sep/2026:16:47:01] WARN - Disk kullanımı %75'i geçti
[12/Sep/2026:16:47:01] INFO - Rapor başarıyla oluşturuldu
[12/Sep/2026:16:47:01] INFO - Önbellek (cache) yenilendi
[12/Sep/2026:16:47:01] INFO - Kullanıcı girişi başarılı
[12/Sep/2026:16:47:01] INFO - Kullanıcı girişi başarılı
[12/Sep/2026:16:47:01] INFO - Rapor başarıyla oluşturuldu
[12/Sep/2026:16:47:01] INFO - Önbellek (cache) yenilendi
[12/Sep/2026:16:47:01] WARN - Üçüncü parti servisten yavaş yanıt alındı
[12/Sep/2026:16:47:01] ERROR - Beklenmeyen hata oluştu
    at com.ornek.servis.OdemeServisi.gonder(OdemeServisi.java:42)
    at com.ornek.controller.SiparisController.olustur(SiparisController.java:17)
    at java.base/java.lang.Thread.run(Thread.java:840)
[12/Sep/2026:16:47:01] INFO - Kullanıcı girişi başarılı
[12/Sep/2026:16:47:01] INFO - Yeni kullanıcı kaydı tamamlandı
[12/Sep/2026:16:47:01] INFO - Yeni kullanıcı kaydı tamamlandı
[12/Sep/2026:16:47:01] INFO - Rapor başarıyla oluşturuldu
[12/Sep/2026:16:47:01] WARN - Üçüncü parti servisten yavaş yanıt alındı
[12/Sep/2026:16:47:01] INFO - Önbellek (cache) yenilendi
[12/Sep/2026:16:47:01] INFO - Önbellek (cache) yenilendi
[12/Sep/2026:16:47:01] INFO - Kullanıcı girişi başarılı
[12/Sep/2026:16:47:01] ERROR - Kimlik doğrulama servisi yanıt vermedi
    at com.ornek.servis.OdemeServisi.gonder(OdemeServisi.java:42)
    at com.ornek.controller.SiparisController.olustur(SiparisController.java:17)
    at java.base/java.lang.Thread.run(Thread.java:840)
[12/Sep/2026:16:47:01] ERROR - Kimlik doğrulama servisi yanıt vermedi
    at com.ornek.servis.OdemeServisi.gonder(OdemeServisi.java:42)
    at com.ornek.controller.SiparisController.olustur(SiparisController.java:17)
    at java.base/java.lang.Thread.run(Thread.java:840)
[12/Sep/2026:16:47:01] INFO - Sipariş oluşturuldu
[12/Sep/2026:16:47:01] WARN - Yanıt süresi beklenenden uzun sürdü
[12/Sep/2026:16:47:01] ERROR - Beklenmeyen hata oluştu
    at com.ornek.servis.OdemeServisi.gonder(OdemeServisi.java:42)
    at com.ornek.controller.SiparisController.olustur(SiparisController.java:17)
    at java.base/java.lang.Thread.run(Thread.java:840)
[12/Sep/2026:16:47:01] INFO - Rapor başarıyla oluşturuldu
[12/Sep/2026:16:47:01] INFO - Kullanıcı girişi başarılı
[12/Sep/2026:16:47:01] INFO - Sipariş oluşturuldu
[12/Sep/2026:16:47:01] WARN - Disk kullanımı %75'i geçti
[12/Sep/2026:16:47:01] INFO - Kullanıcı girişi başarılı
[12/Sep/2026:16:47:01] INFO - Rapor başarıyla oluşturuldu
[12/Sep/2026:16:47:01] INFO - Önbellek (cache) yenilendi
[12/Sep/2026:16:47:01] INFO - Kullanıcı girişi başarılı
[12/Sep/2026:16:47:01] INFO - Kullanıcı girişi başarılı
[12/Sep/2026:16:47:01] INFO - Kullanıcı girişi başarılı
[12/Sep/2026:16:47:01] INFO - Rapor başarıyla oluşturuldu
[12/Sep/2026:16:47:01] INFO - Yeni kullanıcı kaydı tamamlandı
[12/Sep/2026:16:47:01] ERROR - Kimlik doğrulama servisi yanıt vermedi
    at com.ornek.servis.OdemeServisi.gonder(OdemeServisi.java:42)
    at com.ornek.controller.SiparisController.olustur(SiparisController.java:17)
    at java.base/java.lang.Thread.run(Thread.java:840)
[12/Sep/2026:16:47:01] WARN - Yanıt süresi beklenenden uzun sürdü
[12/Sep/2026:16:47:01] INFO - Rapor başarıyla oluşturuldu
[12/Sep/2026:16:47:01] WARN - Üçüncü parti servisten yavaş yanıt alındı
[12/Sep/2026:16:47:01] INFO - Sipariş oluşturuldu
[12/Sep/2026:16:48:01] INFO - Kullanıcı girişi başarılı
[12/Sep/2026:16:48:01] INFO - Sipariş oluşturuldu
[12/Sep/2026:16:48:01] WARN - Disk kullanımı %75'i geçti
[12/Sep/2026:16:48:01] INFO - Yeni kullanıcı kaydı tamamlandı
[12/Sep/2026:16:48:01] ERROR - Kimlik doğrulama servisi yanıt vermedi
    at com.ornek.servis.OdemeServisi.gonder(OdemeServisi.java:42)
    at com.ornek.controller.SiparisController.olustur(SiparisController.java:17)
    at java.base/java.lang.Thread.run(Thread.java:840)
[12/Sep/2026:16:48:01] INFO - Kullanıcı girişi başarılı
[12/Sep/2026:16:48:01] INFO - Önbellek (cache) yenilendi
[12/Sep/2026:16:48:01] INFO - Sipariş oluşturuldu
[12/Sep/2026:16:48:01] INFO - Kullanıcı girişi başarılı
[12/Sep/2026:16:48:01] INFO - Önbellek (cache) yenilendi
[12/Sep/2026:16:48:01] INFO - Kullanıcı girişi başarılı
[12/Sep/2026:16:48:01] INFO - Kullanıcı girişi başarılı
[12/Sep/2026:16:48:01] INFO - Rapor başarıyla oluşturuldu
[12/Sep/2026:16:48:01] ERROR - Ödeme servisi zaman aşımına uğradı
    at com.ornek.servis.OdemeServisi.gonder(OdemeServisi.java:42)
    at com.ornek.controller.SiparisController.olustur(SiparisController.java:17)
    at java.base/java.lang.Thread.run(Thread.java:840)
[12/Sep/2026:16:48:01] INFO - Rapor başarıyla oluşturuldu
[12/Sep/2026:16:48:01] INFO - Önbellek (cache) yenilendi
[12/Sep/2026:16:48:01] WARN - Veritabanı bağlantı havuzu %80 dolulukta
[12/Sep/2026:16:48:01] INFO - Yeni kullanıcı kaydı tamamlandı
[12/Sep/2026:16:48:01] INFO - Sipariş oluşturuldu
[12/Sep/2026:16:48:01] INFO - Kullanıcı girişi başarılı
[12/Sep/2026:16:48:01] INFO - Rapor başarıyla oluşturuldu
[12/Sep/2026:16:48:01] INFO - Rapor başarıyla oluşturuldu
[12/Sep/2026:16:48:01] INFO - Kullanıcı girişi başarılı
[12/Sep/2026:16:48:01] INFO - Kullanıcı girişi başarılı
[12/Sep/2026:16:48:01] INFO - Yeni kullanıcı kaydı tamamlandı
[12/Sep/2026:16:48:01] INFO - Yeni kullanıcı kaydı tamamlandı
[12/Sep/2026:16:48:01] ERROR - Beklenmeyen hata oluştu
    at com.ornek.servis.OdemeServisi.gonder(OdemeServisi.java:42)
    at com.ornek.controller.SiparisController.olustur(SiparisController.java:17)
    at java.base/java.lang.Thread.run(Thread.java:840)
[12/Sep/2026:16:48:01] INFO - Yeni kullanıcı kaydı tamamlandı
[12/Sep/2026:16:48:01] ERROR - Veritabanına bağlanılamadı
    at com.ornek.servis.OdemeServisi.gonder(OdemeServisi.java:42)
    at com.ornek.controller.SiparisController.olustur(SiparisController.java:17)
    at java.base/java.lang.Thread.run(Thread.java:840)
[12/Sep/2026:16:48:01] WARN - Veritabanı bağlantı havuzu %80 dolulukta
[12/Sep/2026:16:48:01] INFO - Önbellek (cache) yenilendi
[12/Sep/2026:16:48:01] INFO - Rapor başarıyla oluşturuldu
[12/Sep/2026:16:48:01] INFO - Rapor başarıyla oluşturuldu
[12/Sep/2026:16:48:01] INFO - Sipariş oluşturuldu
[12/Sep/2026:16:48:01] ERROR - Beklenmeyen hata oluştu
    at com.ornek.servis.OdemeServisi.gonder(OdemeServisi.java:42)
    at com.ornek.controller.SiparisController.olustur(SiparisController.java:17)
    at java.base/java.lang.Thread.run(Thread.java:840)
[12/Sep/2026:16:48:01] WARN - Üçüncü parti servisten yavaş yanıt alındı
[12/Sep/2026:16:48:01] ERROR - Veritabanına bağlanılamadı
    at com.ornek.servis.OdemeServisi.gonder(OdemeServisi.java:42)
    at com.ornek.controller.SiparisController.olustur(SiparisController.java:17)
    at java.base/java.lang.Thread.run(Thread.java:840)
[12/Sep/2026:16:48:01] WARN - Yanıt süresi beklenenden uzun sürdü
[12/Sep/2026:16:48:01] INFO - Sipariş oluşturuldu
[12/Sep/2026:16:48:01] ERROR - Veritabanına bağlanılamadı
    at com.ornek.servis.OdemeServisi.gonder(OdemeServisi.java:42)
    at com.ornek.controller.SiparisController.olustur(SiparisController.java:17)
    at java.base/java.lang.Thread.run(Thread.java:840)
[12/Sep/2026:16:48:01] INFO - Kullanıcı girişi başarılı
[12/Sep/2026:16:48:01] INFO - Rapor başarıyla oluşturuldu
[12/Sep/2026:16:48:01] INFO - Yeni kullanıcı kaydı tamamlandı
[12/Sep/2026:16:48:01] INFO - Sipariş oluşturuldu
[12/Sep/2026:16:48:01] INFO - Önbellek (cache) yenilendi
[12/Sep/2026:16:48:01] INFO - Sipariş oluşturuldu
[12/Sep/2026:16:48:01] INFO - Sipariş oluşturuldu
[12/Sep/2026:16:48:01] INFO - Kullanıcı girişi başarılı
[12/Sep/2026:16:48:01] WARN - Yanıt süresi beklenenden uzun sürdü
[12/Sep/2026:16:48:01] ERROR - Ödeme servisi zaman aşımına uğradı
    at com.ornek.servis.OdemeServisi.gonder(OdemeServisi.java:42)
    at com.ornek.controller.SiparisController.olustur(SiparisController.java:17)
    at java.base/java.lang.Thread.run(Thread.java:840)
[12/Sep/2026:16:48:01] INFO - Önbellek (cache) yenilendi
[12/Sep/2026:16:48:01] INFO - Önbellek (cache) yenilendi
[12/Sep/2026:16:48:01] INFO - Rapor başarıyla oluşturuldu
[12/Sep/2026:16:48:01] INFO - Rapor başarıyla oluşturuldu
[12/Sep/2026:16:48:01] WARN - Veritabanı bağlantı havuzu %80 dolulukta
[12/Sep/2026:16:48:01] INFO - Yeni kullanıcı kaydı tamamlandı
[12/Sep/2026:16:48:01] WARN - Yanıt süresi beklenenden uzun sürdü
[12/Sep/2026:16:48:01] INFO - Sipariş oluşturuldu
[12/Sep/2026:16:48:01] WARN - Üçüncü parti servisten yavaş yanıt alındı
[12/Sep/2026:16:48:01] WARN - Veritabanı bağlantı havuzu %80 dolulukta
[12/Sep/2026:16:48:01] INFO - Kullanıcı girişi başarılı
[12/Sep/2026:16:48:01] INFO - Önbellek (cache) yenilendi
[12/Sep/2026:16:48:01] INFO - Önbellek (cache) yenilendi
[12/Sep/2026:16:48:01] INFO - Sipariş oluşturuldu
[12/Sep/2026:16:48:01] WARN - Veritabanı bağlantı havuzu %80 dolulukta
[12/Sep/2026:16:48:01] WARN - Yanıt süresi beklenenden uzun sürdü
[12/Sep/2026:16:48:01] INFO - Kullanıcı girişi başarılı
[12/Sep/2026:16:48:01] INFO - Sipariş oluşturuldu
[12/Sep/2026:16:48:01] ERROR - Beklenmeyen hata oluştu
    at com.ornek.servis.OdemeServisi.gonder(OdemeServisi.java:42)
    at com.ornek.controller.SiparisController.olustur(SiparisController.java:17)
    at java.base/java.lang.Thread.run(Thread.java:840)
[12/Sep/2026:16:48:01] INFO - Kullanıcı girişi başarılı
[12/Sep/2026:16:48:01] INFO - Kullanıcı girişi başarılı
[12/Sep/2026:16:48:01] INFO - Sipariş oluşturuldu
[12/Sep/2026:16:48:01] INFO - Yeni kullanıcı kaydı tamamlandı
[12/Sep/2026:16:48:01] WARN - Üçüncü parti servisten yavaş yanıt alındı
[12/Sep/2026:16:48:01] INFO - Yeni kullanıcı kaydı tamamlandı
[12/Sep/2026:16:48:01] ERROR - Kimlik doğrulama servisi yanıt vermedi
    at com.ornek.servis.OdemeServisi.gonder(OdemeServisi.java:42)
    at com.ornek.controller.SiparisController.olustur(SiparisController.java:17)
    at java.base/java.lang.Thread.run(Thread.java:840)
[12/Sep/2026:16:48:01] INFO - Kullanıcı girişi başarılı
[12/Sep/2026:16:48:01] INFO - Önbellek (cache) yenilendi
[12/Sep/2026:16:48:01] INFO - Yeni kullanıcı kaydı tamamlandı
[12/Sep/2026:16:48:01] WARN - Yanıt süresi beklenenden uzun sürdü
[12/Sep/2026:16:48:01] WARN - Yanıt süresi beklenenden uzun sürdü
[12/Sep/2026:16:48:01] INFO - Kullanıcı girişi başarılı
[12/Sep/2026:16:48:01] INFO - Rapor başarıyla oluşturuldu
[12/Sep/2026:16:48:01] INFO - Sipariş oluşturuldu
[12/Sep/2026:16:48:01] INFO - Önbellek (cache) yenilendi
[12/Sep/2026:16:48:01] WARN - Üçüncü parti servisten yavaş yanıt alındı
[12/Sep/2026:16:48:01] INFO - Önbellek (cache) yenilendi
[12/Sep/2026:16:48:01] INFO - Yeni kullanıcı kaydı tamamlandı
[12/Sep/2026:16:48:01] INFO - Önbellek (cache) yenilendi
[12/Sep/2026:16:48:01] INFO - Sipariş oluşturuldu
[12/Sep/2026:16:48:01] INFO - Sipariş oluşturuldu
[12/Sep/2026:16:48:01] INFO - Sipariş oluşturuldu
[12/Sep/2026:16:48:01] ERROR - Kimlik doğrulama servisi yanıt vermedi
    at com.ornek.servis.OdemeServisi.gonder(OdemeServisi.java:42)
    at com.ornek.controller.SiparisController.olustur(SiparisController.java:17)
    at java.base/java.lang.Thread.run(Thread.java:840)
[12/Sep/2026:16:48:01] INFO - Sipariş oluşturuldu
[12/Sep/2026:16:48:01] INFO - Önbellek (cache) yenilendi
[12/Sep/2026:16:48:01] INFO - Sipariş oluşturuldu
[12/Sep/2026:16:48:01] WARN - Disk kullanımı %75'i geçti
[12/Sep/2026:16:48:01] INFO - Yeni kullanıcı kaydı tamamlandı
[12/Sep/2026:16:48:01] WARN - Disk kullanımı %75'i geçti
[12/Sep/2026:16:48:01] INFO - Rapor başarıyla oluşturuldu
[12/Sep/2026:16:48:01] WARN - Yanıt süresi beklenenden uzun sürdü
[12/Sep/2026:16:48:01] INFO - Rapor başarıyla oluşturuldu
[12/Sep/2026:16:48:01] INFO - Yeni kullanıcı kaydı tamamlandı
[12/Sep/2026:16:48:01] INFO - Kullanıcı girişi başarılı
[12/Sep/2026:16:48:01] INFO - Önbellek (cache) yenilendi
[12/Sep/2026:16:48:01] INFO - Rapor başarıyla oluşturuldu
[12/Sep/2026:16:48:01] INFO - Yeni kullanıcı kaydı tamamlandı
[12/Sep/2026:16:48:01] INFO - Yeni kullanıcı kaydı tamamlandı
[12/Sep/2026:16:48:01] INFO - Kullanıcı girişi başarılı
[12/Sep/2026:16:48:01] INFO - Önbellek (cache) yenilendi
[12/Sep/2026:16:48:01] INFO - Önbellek (cache) yenilendi
[12/Sep/2026:16:48:01] WARN - Disk kullanımı %75'i geçti
[12/Sep/2026:16:48:01] INFO - Yeni kullanıcı kaydı tamamlandı
[12/Sep/2026:16:48:01] INFO - Önbellek (cache) yenilendi
[12/Sep/2026:16:48:01] INFO - Kullanıcı girişi başarılı
[12/Sep/2026:16:48:01] WARN - Veritabanı bağlantı havuzu %80 dolulukta
[12/Sep/2026:16:48:01] INFO - Yeni kullanıcı kaydı tamamlandı
[12/Sep/2026:16:48:01] WARN - Veritabanı bağlantı havuzu %80 dolulukta
[12/Sep/2026:16:48:01] INFO - Yeni kullanıcı kaydı tamamlandı
[12/Sep/2026:16:48:01] INFO - Sipariş oluşturuldu
[12/Sep/2026:16:48:01] INFO - Sipariş oluşturuldu
[12/Sep/2026:16:48:01] INFO - Yeni kullanıcı kaydı tamamlandı
[12/Sep/2026:16:48:01] INFO - Sipariş oluşturuldu
[12/Sep/2026:16:48:01] WARN - Veritabanı bağlantı havuzu %80 dolulukta
[12/Sep/2026:16:48:01] INFO - Rapor başarıyla oluşturuldu
[12/Sep/2026:16:48:01] INFO - Önbellek (cache) yenilendi
[12/Sep/2026:16:48:01] INFO - Rapor başarıyla oluşturuldu
[12/Sep/2026:16:48:01] INFO - Yeni kullanıcı kaydı tamamlandı
[12/Sep/2026:16:48:01] INFO - Sipariş oluşturuldu
[12/Sep/2026:16:48:01] ERROR - Ödeme servisi zaman aşımına uğradı
    at com.ornek.servis.OdemeServisi.gonder(OdemeServisi.java:42)
    at com.ornek.controller.SiparisController.olustur(SiparisController.java:17)
    at java.base/java.lang.Thread.run(Thread.java:840)
[12/Sep/2026:16:48:01] INFO - Sipariş oluşturuldu
[12/Sep/2026:16:48:01] INFO - Sipariş oluşturuldu
[12/Sep/2026:16:48:01] ERROR - Beklenmeyen hata oluştu
    at com.ornek.servis.OdemeServisi.gonder(OdemeServisi.java:42)
    at com.ornek.controller.SiparisController.olustur(SiparisController.java:17)
    at java.base/java.lang.Thread.run(Thread.java:840)
[12/Sep/2026:16:48:01] WARN - Disk kullanımı %75'i geçti
[12/Sep/2026:16:48:01] INFO - Kullanıcı girişi başarılı
[12/Sep/2026:16:48:01] ERROR - Kimlik doğrulama servisi yanıt vermedi
    at com.ornek.servis.OdemeServisi.gonder(OdemeServisi.java:42)
    at com.ornek.controller.SiparisController.olustur(SiparisController.java:17)
    at java.base/java.lang.Thread.run(Thread.java:840)
[12/Sep/2026:16:48:01] INFO - Önbellek (cache) yenilendi
[12/Sep/2026:16:48:01] ERROR - Kimlik doğrulama servisi yanıt vermedi
    at com.ornek.servis.OdemeServisi.gonder(OdemeServisi.java:42)
    at com.ornek.controller.SiparisController.olustur(SiparisController.java:17)
    at java.base/java.lang.Thread.run(Thread.java:840)
[12/Sep/2026:16:48:01] INFO - Kullanıcı girişi başarılı
[12/Sep/2026:16:48:01] INFO - Önbellek (cache) yenilendi
[12/Sep/2026:16:48:01] INFO - Rapor başarıyla oluşturuldu
[12/Sep/2026:16:48:01] INFO - Yeni kullanıcı kaydı tamamlandı
[12/Sep/2026:16:48:01] INFO - Kullanıcı girişi başarılı
[12/Sep/2026:16:48:01] INFO - Sipariş oluşturuldu
[12/Sep/2026:16:48:01] INFO - Önbellek (cache) yenilendi
[12/Sep/2026:16:48:01] INFO - Sipariş oluşturuldu
[12/Sep/2026:16:48:01] INFO - Kullanıcı girişi başarılı
[12/Sep/2026:16:48:01] INFO - Rapor başarıyla oluşturuldu
[12/Sep/2026:16:48:01] INFO - Rapor başarıyla oluşturuldu
[12/Sep/2026:16:48:01] INFO - Kullanıcı girişi başarılı
[12/Sep/2026:16:48:01] INFO - Yeni kullanıcı kaydı tamamlandı
[12/Sep/2026:16:48:01] INFO - Rapor başarıyla oluşturuldu
[12/Sep/2026:16:48:01] INFO - Rapor başarıyla oluşturuldu
[12/Sep/2026:16:48:01] INFO - Rapor başarıyla oluşturuldu
[12/Sep/2026:16:48:01] INFO - Sipariş oluşturuldu
[12/Sep/2026:16:48:01] INFO - Sipariş oluşturuldu
[12/Sep/2026:16:48:01] INFO - Kullanıcı girişi başarılı
[12/Sep/2026:16:48:01] INFO - Kullanıcı girişi başarılı
[12/Sep/2026:16:48:01] WARN - Üçüncü parti servisten yavaş yanıt alındı
[12/Sep/2026:16:48:01] WARN - Üçüncü parti servisten yavaş yanıt alındı
[12/Sep/2026:16:48:01] INFO - Yeni kullanıcı kaydı tamamlandı
[12/Sep/2026:16:48:01] ERROR - Beklenmeyen hata oluştu
    at com.ornek.servis.OdemeServisi.gonder(OdemeServisi.java:42)
    at com.ornek.controller.SiparisController.olustur(SiparisController.java:17)
    at java.base/java.lang.Thread.run(Thread.java:840)
[12/Sep/2026:16:48:01] INFO - Önbellek (cache) yenilendi
[12/Sep/2026:16:48:01] INFO - Rapor başarıyla oluşturuldu
[12/Sep/2026:16:48:01] INFO - Kullanıcı girişi başarılı
[12/Sep/2026:16:48:01] INFO - Kullanıcı girişi başarılı
[12/Sep/2026:16:48:01] WARN - Disk kullanımı %75'i geçti
[12/Sep/2026:16:48:01] INFO - Yeni kullanıcı kaydı tamamlandı
[12/Sep/2026:16:48:01] ERROR - Stok güncellenirken hata oluştu
    at com.ornek.servis.OdemeServisi.gonder(OdemeServisi.java:42)
    at com.ornek.controller.SiparisController.olustur(SiparisController.java:17)
    at java.base/java.lang.Thread.run(Thread.java:840)
[12/Sep/2026:16:48:01] INFO - Önbellek (cache) yenilendi
[12/Sep/2026:16:48:01] INFO - Sipariş oluşturuldu
[12/Sep/2026:16:48:01] INFO - Yeni kullanıcı kaydı tamamlandı
[12/Sep/2026:16:48:01] INFO - Rapor başarıyla oluşturuldu
[12/Sep/2026:16:48:01] INFO - Rapor başarıyla oluşturuldu
[12/Sep/2026:16:48:01] INFO - Sipariş oluşturuldu
[12/Sep/2026:16:48:01] INFO - Yeni kullanıcı kaydı tamamlandı
[12/Sep/2026:16:48:01] INFO - Yeni kullanıcı kaydı tamamlandı
[12/Sep/2026:16:48:01] INFO - Rapor başarıyla oluşturuldu
[12/Sep/2026:16:48:01] INFO - Yeni kullanıcı kaydı tamamlandı
[12/Sep/2026:16:48:01] INFO - Kullanıcı girişi başarılı
[12/Sep/2026:16:48:01] WARN - Yanıt süresi beklenenden uzun sürdü
[12/Sep/2026:16:48:01] WARN - Veritabanı bağlantı havuzu %80 dolulukta
[12/Sep/2026:16:48:01] INFO - Yeni kullanıcı kaydı tamamlandı
[12/Sep/2026:16:48:01] INFO - Önbellek (cache) yenilendi
[12/Sep/2026:16:48:01] INFO - Kullanıcı girişi başarılı
[12/Sep/2026:16:48:01] INFO - Kullanıcı girişi başarılı
[12/Sep/2026:16:48:01] INFO - Rapor başarıyla oluşturuldu
[12/Sep/2026:16:48:01] INFO - Yeni kullanıcı kaydı tamamlandı
[12/Sep/2026:16:48:01] ERROR - Kimlik doğrulama servisi yanıt vermedi
    at com.ornek.servis.OdemeServisi.gonder(OdemeServisi.java:42)
    at com.ornek.controller.SiparisController.olustur(SiparisController.java:17)
    at java.base/java.lang.Thread.run(Thread.java:840)
[12/Sep/2026:16:48:01] INFO - Kullanıcı girişi başarılı
[12/Sep/2026:16:48:01] ERROR - Beklenmeyen hata oluştu
    at com.ornek.servis.OdemeServisi.gonder(OdemeServisi.java:42)
    at com.ornek.controller.SiparisController.olustur(SiparisController.java:17)
    at java.base/java.lang.Thread.run(Thread.java:840)
[12/Sep/2026:16:48:01] WARN - Disk kullanımı %75'i geçti
[12/Sep/2026:16:48:01] WARN - Üçüncü parti servisten yavaş yanıt alındı
[12/Sep/2026:16:48:01] INFO - Kullanıcı girişi başarılı
[12/Sep/2026:16:48:01] WARN - Disk kullanımı %75'i geçti
[12/Sep/2026:16:48:01] INFO - Önbellek (cache) yenilendi
[12/Sep/2026:16:48:01] INFO - Kullanıcı girişi başarılı
[12/Sep/2026:16:48:01] WARN - Veritabanı bağlantı havuzu %80 dolulukta
[12/Sep/2026:16:48:01] INFO - Rapor başarıyla oluşturuldu
[12/Sep/2026:16:48:01] INFO - Önbellek (cache) yenilendi
[12/Sep/2026:16:48:01] INFO - Yeni kullanıcı kaydı tamamlandı
[12/Sep/2026:16:48:01] INFO - Sipariş oluşturuldu
[12/Sep/2026:16:48:01] INFO - Rapor başarıyla oluşturuldu
[12/Sep/2026:16:48:01] WARN - Yanıt süresi beklenenden uzun sürdü
[12/Sep/2026:16:48:01] INFO - Kullanıcı girişi başarılı
[12/Sep/2026:16:48:01] INFO - Kullanıcı girişi başarılı
[12/Sep/2026:16:48:01] INFO - Önbellek (cache) yenilendi
[12/Sep/2026:16:48:01] INFO - Önbellek (cache) yenilendi
[12/Sep/2026:16:48:01] WARN - Üçüncü parti servisten yavaş yanıt alındı
[12/Sep/2026:16:48:01] WARN - Yanıt süresi beklenenden uzun sürdü
[12/Sep/2026:16:48:01] INFO - Sipariş oluşturuldu
[12/Sep/2026:16:48:01] INFO - Sipariş oluşturuldu
[12/Sep/2026:16:48:01] INFO - Rapor başarıyla oluşturuldu
[12/Sep/2026:16:48:01] INFO - Kullanıcı girişi başarılı
[12/Sep/2026:16:48:01] ERROR - Ödeme servisi zaman aşımına uğradı
    at com.ornek.servis.OdemeServisi.gonder(OdemeServisi.java:42)
    at com.ornek.controller.SiparisController.olustur(SiparisController.java:17)
    at java.base/java.lang.Thread.run(Thread.java:840)
[12/Sep/2026:16:48:01] INFO - Yeni kullanıcı kaydı tamamlandı
[12/Sep/2026:16:48:01] INFO - Kullanıcı girişi başarılı
[12/Sep/2026:16:48:01] INFO - Sipariş oluşturuldu
[12/Sep/2026:16:48:01] WARN - Üçüncü parti servisten yavaş yanıt alındı
[12/Sep/2026:16:48:01] INFO - Kullanıcı girişi başarılı
[12/Sep/2026:16:48:01] INFO - Rapor başarıyla oluşturuldu
[12/Sep/2026:16:48:01] INFO - Rapor başarıyla oluşturuldu
[12/Sep/2026:16:48:01] INFO - Sipariş oluşturuldu
[12/Sep/2026:16:48:01] INFO - Kullanıcı girişi başarılı
[12/Sep/2026:16:48:01] ERROR - Beklenmeyen hata oluştu
    at com.ornek.servis.OdemeServisi.gonder(OdemeServisi.java:42)
    at com.ornek.controller.SiparisController.olustur(SiparisController.java:17)
    at java.base/java.lang.Thread.run(Thread.java:840)
[12/Sep/2026:16:48:01] INFO - Yeni kullanıcı kaydı tamamlandı
[12/Sep/2026:16:48:01] INFO - Sipariş oluşturuldu
[12/Sep/2026:16:48:01] INFO - Yeni kullanıcı kaydı tamamlandı
[12/Sep/2026:16:48:01] INFO - Sipariş oluşturuldu
[12/Sep/2026:16:48:01] WARN - Disk kullanımı %75'i geçti
[12/Sep/2026:16:48:01] ERROR - Kimlik doğrulama servisi yanıt vermedi
    at com.ornek.servis.OdemeServisi.gonder(OdemeServisi.java:42)
    at com.ornek.controller.SiparisController.olustur(SiparisController.java:17)
    at java.base/java.lang.Thread.run(Thread.java:840)
[12/Sep/2026:16:48:01] WARN - Yanıt süresi beklenenden uzun sürdü
[12/Sep/2026:16:48:01] INFO - Sipariş oluşturuldu
[12/Sep/2026:16:48:01] INFO - Rapor başarıyla oluşturuldu
[12/Sep/2026:16:48:01] INFO - Sipariş oluşturuldu
[12/Sep/2026:16:48:01] INFO - Rapor başarıyla oluşturuldu
[12/Sep/2026:16:48:01] INFO - Önbellek (cache) yenilendi
[12/Sep/2026:16:48:01] INFO - Kullanıcı girişi başarılı
[12/Sep/2026:16:48:01] INFO - Kullanıcı girişi başarılı
[12/Sep/2026:16:48:01] INFO - Kullanıcı girişi başarılı
[12/Sep/2026:16:48:01] WARN - Üçüncü parti servisten yavaş yanıt alındı
[12/Sep/2026:16:48:01] INFO - Kullanıcı girişi başarılı
[12/Sep/2026:16:48:01] INFO - Yeni kullanıcı kaydı tamamlandı
[12/Sep/2026:16:48:01] INFO - Önbellek (cache) yenilendi
[12/Sep/2026:16:48:01] INFO - Sipariş oluşturuldu
[12/Sep/2026:16:48:01] INFO - Rapor başarıyla oluşturuldu
[12/Sep/2026:16:48:01] INFO - Sipariş oluşturuldu
[12/Sep/2026:16:48:01] WARN - Disk kullanımı %75'i geçti
[12/Sep/2026:16:48:01] WARN - Yanıt süresi beklenenden uzun sürdü
[12/Sep/2026:16:48:01] INFO - Önbellek (cache) yenilendi
[12/Sep/2026:16:48:01] INFO - Kullanıcı girişi başarılı
[12/Sep/2026:16:48:01] INFO - Yeni kullanıcı kaydı tamamlandı
[12/Sep/2026:16:48:01] INFO - Önbellek (cache) yenilendi
[12/Sep/2026:16:48:01] WARN - Disk kullanımı %75'i geçti
[12/Sep/2026:16:48:01] INFO - Yeni kullanıcı kaydı tamamlandı
[12/Sep/2026:16:48:01] WARN - Üçüncü parti servisten yavaş yanıt alındı
[12/Sep/2026:16:48:01] WARN - Veritabanı bağlantı havuzu %80 dolulukta
[12/Sep/2026:16:48:01] INFO - Yeni kullanıcı kaydı tamamlandı
[12/Sep/2026:16:48:01] INFO - Önbellek (cache) yenilendi
[12/Sep/2026:16:48:01] WARN - Disk kullanımı %75'i geçti
[12/Sep/2026:16:48:01] ERROR - Kimlik doğrulama servisi yanıt vermedi
    at com.ornek.servis.OdemeServisi.gonder(OdemeServisi.java:42)
    at com.ornek.controller.SiparisController.olustur(SiparisController.java:17)
    at java.base/java.lang.Thread.run(Thread.java:840)
[12/Sep/2026:16:48:01] INFO - Kullanıcı girişi başarılı
[12/Sep/2026:16:48:01] INFO - Yeni kullanıcı kaydı tamamlandı
[12/Sep/2026:16:48:01] WARN - Üçüncü parti servisten yavaş yanıt alındı
[12/Sep/2026:16:48:01] INFO - Yeni kullanıcı kaydı tamamlandı
[12/Sep/2026:16:48:01] INFO - Yeni kullanıcı kaydı tamamlandı
[12/Sep/2026:16:48:01] INFO - Yeni kullanıcı kaydı tamamlandı
[12/Sep/2026:16:48:01] INFO - Rapor başarıyla oluşturuldu
[12/Sep/2026:16:48:01] INFO - Kullanıcı girişi başarılı
[12/Sep/2026:16:48:01] INFO - Yeni kullanıcı kaydı tamamlandı
[12/Sep/2026:16:48:01] WARN - Veritabanı bağlantı havuzu %80 dolulukta
[12/Sep/2026:16:48:01] ERROR - Veritabanına bağlanılamadı
    at com.ornek.servis.OdemeServisi.gonder(OdemeServisi.java:42)
    at com.ornek.controller.SiparisController.olustur(SiparisController.java:17)
    at java.base/java.lang.Thread.run(Thread.java:840)
[12/Sep/2026:16:48:01] INFO - Rapor başarıyla oluşturuldu
[12/Sep/2026:16:48:01] INFO - Yeni kullanıcı kaydı tamamlandı
[12/Sep/2026:16:48:01] INFO - Sipariş oluşturuldu
[12/Sep/2026:16:48:01] WARN - Yanıt süresi beklenenden uzun sürdü
[12/Sep/2026:16:48:01] INFO - Yeni kullanıcı kaydı tamamlandı
[12/Sep/2026:16:48:01] WARN - Yanıt süresi beklenenden uzun sürdü
[12/Sep/2026:16:48:01] WARN - Yanıt süresi beklenenden uzun sürdü
[12/Sep/2026:16:48:01] WARN - Yanıt süresi beklenenden uzun sürdü
[12/Sep/2026:16:48:01] WARN - Üçüncü parti servisten yavaş yanıt alındı
[12/Sep/2026:16:48:01] INFO - Rapor başarıyla oluşturuldu
[12/Sep/2026:16:48:01] INFO - Sipariş oluşturuldu
[12/Sep/2026:16:48:01] ERROR - Stok güncellenirken hata oluştu
    at com.ornek.servis.OdemeServisi.gonder(OdemeServisi.java:42)
    at com.ornek.controller.SiparisController.olustur(SiparisController.java:17)
    at java.base/java.lang.Thread.run(Thread.java:840)
[12/Sep/2026:16:48:01] INFO - Önbellek (cache) yenilendi
[12/Sep/2026:16:48:01] INFO - Kullanıcı girişi başarılı
[12/Sep/2026:16:48:01] INFO - Yeni kullanıcı kaydı tamamlandı
[12/Sep/2026:16:48:01] WARN - Disk kullanımı %75'i geçti
[12/Sep/2026:16:48:01] ERROR - Beklenmeyen hata oluştu
    at com.ornek.servis.OdemeServisi.gonder(OdemeServisi.java:42)
    at com.ornek.controller.SiparisController.olustur(SiparisController.java:17)
    at java.base/java.lang.Thread.run(Thread.java:840)
[12/Sep/2026:16:48:01] INFO - Kullanıcı girişi başarılı
[12/Sep/2026:16:48:01] INFO - Rapor başarıyla oluşturuldu
[12/Sep/2026:16:48:01] INFO - Sipariş oluşturuldu
[12/Sep/2026:16:48:01] INFO - Sipariş oluşturuldu
[12/Sep/2026:16:48:01] INFO - Kullanıcı girişi başarılı
[12/Sep/2026:16:48:01] INFO - Önbellek (cache) yenilendi
[12/Sep/2026:16:48:01] INFO - Sipariş oluşturuldu
[12/Sep/2026:16:48:01] INFO - Önbellek (cache) yenilendi
[12/Sep/2026:16:48:01] INFO - Kullanıcı girişi başarılı
[12/Sep/2026:16:48:01] INFO - Sipariş oluşturuldu
[12/Sep/2026:16:48:01] INFO - Rapor başarıyla oluşturuldu
[12/Sep/2026:16:48:01] INFO - Rapor başarıyla oluşturuldu
[12/Sep/2026:16:48:01] INFO - Rapor başarıyla oluşturuldu
[12/Sep/2026:16:48:01] INFO - Kullanıcı girişi başarılı
[12/Sep/2026:16:48:01] WARN - Üçüncü parti servisten yavaş yanıt alındı
[12/Sep/2026:16:48:01] INFO - Sipariş oluşturuldu
[12/Sep/2026:16:48:01] INFO - Rapor başarıyla oluşturuldu
[12/Sep/2026:16:48:01] INFO - Kullanıcı girişi başarılı
[12/Sep/2026:16:48:01] INFO - Önbellek (cache) yenilendi
[12/Sep/2026:16:48:01] ERROR - Ödeme servisi zaman aşımına uğradı
    at com.ornek.servis.OdemeServisi.gonder(OdemeServisi.java:42)
    at com.ornek.controller.SiparisController.olustur(SiparisController.java:17)
    at java.base/java.lang.Thread.run(Thread.java:840)
[12/Sep/2026:16:48:01] WARN - Üçüncü parti servisten yavaş yanıt alındı
[12/Sep/2026:16:48:01] WARN - Yanıt süresi beklenenden uzun sürdü
[12/Sep/2026:16:48:01] INFO - Rapor başarıyla oluşturuldu
[12/Sep/2026:16:48:01] INFO - Önbellek (cache) yenilendi
[12/Sep/2026:16:48:01] WARN - Disk kullanımı %75'i geçti
[12/Sep/2026:16:48:01] INFO - Yeni kullanıcı kaydı tamamlandı
[12/Sep/2026:16:48:01] INFO - Sipariş oluşturuldu
[12/Sep/2026:16:48:01] INFO - Önbellek (cache) yenilendi
[12/Sep/2026:16:48:01] INFO - Sipariş oluşturuldu
[12/Sep/2026:16:48:01] WARN - Üçüncü parti servisten yavaş yanıt alındı
[12/Sep/2026:16:48:01] INFO - Yeni kullanıcı kaydı tamamlandı
[12/Sep/2026:16:48:01] INFO - Önbellek (cache) yenilendi
[12/Sep/2026:16:48:01] ERROR - Beklenmeyen hata oluştu
    at com.ornek.servis.OdemeServisi.gonder(OdemeServisi.java:42)
    at com.ornek.controller.SiparisController.olustur(SiparisController.java:17)
    at java.base/java.lang.Thread.run(Thread.java:840)
[12/Sep/2026:16:48:01] INFO - Yeni kullanıcı kaydı tamamlandı
[12/Sep/2026:16:48:01] INFO - Kullanıcı girişi başarılı
[12/Sep/2026:16:48:01] WARN - Üçüncü parti servisten yavaş yanıt alındı
[12/Sep/2026:16:48:01] INFO - Rapor başarıyla oluşturuldu
[12/Sep/2026:16:48:01] INFO - Yeni kullanıcı kaydı tamamlandı
[12/Sep/2026:16:48:01] WARN - Üçüncü parti servisten yavaş yanıt alındı
[12/Sep/2026:16:48:01] INFO - Rapor başarıyla oluşturuldu
[12/Sep/2026:16:48:01] ERROR - Veritabanına bağlanılamadı
    at com.ornek.servis.OdemeServisi.gonder(OdemeServisi.java:42)
    at com.ornek.controller.SiparisController.olustur(SiparisController.java:17)
    at java.base/java.lang.Thread.run(Thread.java:840)
[12/Sep/2026:16:48:01] WARN - Yanıt süresi beklenenden uzun sürdü
[12/Sep/2026:16:48:01] INFO - Önbellek (cache) yenilendi
[12/Sep/2026:16:48:01] ERROR - Beklenmeyen hata oluştu
    at com.ornek.servis.OdemeServisi.gonder(OdemeServisi.java:42)
    at com.ornek.controller.SiparisController.olustur(SiparisController.java:17)
    at java.base/java.lang.Thread.run(Thread.java:840)
[12/Sep/2026:16:48:01] INFO - Yeni kullanıcı kaydı tamamlandı
[12/Sep/2026:16:48:01] INFO - Sipariş oluşturuldu
[12/Sep/2026:16:48:01] WARN - Üçüncü parti servisten yavaş yanıt alındı
[12/Sep/2026:16:48:01] INFO - Sipariş oluşturuldu
[12/Sep/2026:16:48:01] ERROR - Kimlik doğrulama servisi yanıt vermedi
    at com.ornek.servis.OdemeServisi.gonder(OdemeServisi.java:42)
    at com.ornek.controller.SiparisController.olustur(SiparisController.java:17)
    at java.base/java.lang.Thread.run(Thread.java:840)
[12/Sep/2026:16:48:01] INFO - Önbellek (cache) yenilendi
[12/Sep/2026:16:48:01] INFO - Rapor başarıyla oluşturuldu
[12/Sep/2026:16:48:01] INFO - Kullanıcı girişi başarılı
[12/Sep/2026:16:48:01] INFO - Rapor başarıyla oluşturuldu
[12/Sep/2026:16:48:01] WARN - Veritabanı bağlantı havuzu %80 dolulukta
[12/Sep/2026:16:48:01] INFO - Önbellek (cache) yenilendi
[12/Sep/2026:16:48:01] INFO - Rapor başarıyla oluşturuldu
[12/Sep/2026:16:48:01] INFO - Kullanıcı girişi başarılı
[12/Sep/2026:16:48:01] INFO - Önbellek (cache) yenilendi
[12/Sep/2026:16:48:01] INFO - Kullanıcı girişi başarılı
[12/Sep/2026:16:48:01] INFO - Önbellek (cache) yenilendi
[12/Sep/2026:16:48:01] INFO - Önbellek (cache) yenilendi
[12/Sep/2026:16:48:01] INFO - Yeni kullanıcı kaydı tamamlandı
[12/Sep/2026:16:48:01] WARN - Yanıt süresi beklenenden uzun sürdü
[12/Sep/2026:16:48:01] INFO - Yeni kullanıcı kaydı tamamlandı
[12/Sep/2026:16:48:01] INFO - Yeni kullanıcı kaydı tamamlandı
[12/Sep/2026:16:48:01] INFO - Kullanıcı girişi başarılı
[12/Sep/2026:16:48:01] INFO - Sipariş oluşturuldu
[12/Sep/2026:16:48:01] INFO - Kullanıcı girişi başarılı
[12/Sep/2026:16:48:01] INFO - Rapor başarıyla oluşturuldu
[12/Sep/2026:16:48:01] WARN - Disk kullanımı %75'i geçti
[12/Sep/2026:16:48:01] INFO - Yeni kullanıcı kaydı tamamlandı
[12/Sep/2026:16:48:01] ERROR - Stok güncellenirken hata oluştu
    at com.ornek.servis.OdemeServisi.gonder(OdemeServisi.java:42)
    at com.ornek.controller.SiparisController.olustur(SiparisController.java:17)
    at java.base/java.lang.Thread.run(Thread.java:840)
[12/Sep/2026:16:48:01] INFO - Yeni kullanıcı kaydı tamamlandı
[12/Sep/2026:16:48:01] INFO - Kullanıcı girişi başarılı
[12/Sep/2026:16:48:01] INFO - Önbellek (cache) yenilendi
[12/Sep/2026:16:48:01] INFO - Önbellek (cache) yenilendi
[12/Sep/2026:16:48:01] INFO - Yeni kullanıcı kaydı tamamlandı
[12/Sep/2026:16:48:01] INFO - Yeni kullanıcı kaydı tamamlandı
[12/Sep/2026:16:48:01] INFO - Önbellek (cache) yenilendi
[12/Sep/2026:16:48:01] INFO - Rapor başarıyla oluşturuldu
[12/Sep/2026:16:48:01] INFO - Önbellek (cache) yenilendi
[12/Sep/2026:16:48:01] ERROR - Kimlik doğrulama servisi yanıt vermedi
    at com.ornek.servis.OdemeServisi.gonder(OdemeServisi.java:42)
    at com.ornek.controller.SiparisController.olustur(SiparisController.java:17)
    at java.base/java.lang.Thread.run(Thread.java:840)
[12/Sep/2026:16:48:01] INFO - Sipariş oluşturuldu
[12/Sep/2026:16:48:01] INFO - Kullanıcı girişi başarılı
[12/Sep/2026:16:48:01] INFO - Rapor başarıyla oluşturuldu
[12/Sep/2026:16:48:01] INFO - Önbellek (cache) yenilendi
[12/Sep/2026:16:48:01] WARN - Veritabanı bağlantı havuzu %80 dolulukta
[12/Sep/2026:16:48:01] INFO - Yeni kullanıcı kaydı tamamlandı
[12/Sep/2026:16:48:01] INFO - Kullanıcı girişi başarılı
[12/Sep/2026:16:48:01] INFO - Yeni kullanıcı kaydı tamamlandı
[12/Sep/2026:16:48:01] INFO - Sipariş oluşturuldu
[12/Sep/2026:16:48:01] INFO - Sipariş oluşturuldu
[12/Sep/2026:16:48:01] INFO - Yeni kullanıcı kaydı tamamlandı
[12/Sep/2026:16:48:01] INFO - Önbellek (cache) yenilendi
[12/Sep/2026:16:48:01] INFO - Yeni kullanıcı kaydı tamamlandı
[12/Sep/2026:16:48:01] INFO - Rapor başarıyla oluşturuldu
[12/Sep/2026:16:48:01] INFO - Sipariş oluşturuldu
[12/Sep/2026:16:48:01] ERROR - Veritabanına bağlanılamadı
    at com.ornek.servis.OdemeServisi.gonder(OdemeServisi.java:42)
    at com.ornek.controller.SiparisController.olustur(SiparisController.java:17)
    at java.base/java.lang.Thread.run(Thread.java:840)
[12/Sep/2026:16:48:01] INFO - Sipariş oluşturuldu
[12/Sep/2026:16:48:01] INFO - Kullanıcı girişi başarılı
[12/Sep/2026:16:48:01] INFO - Sipariş oluşturuldu
[12/Sep/2026:16:48:01] INFO - Kullanıcı girişi başarılı
[12/Sep/2026:16:48:01] INFO - Sipariş oluşturuldu
[12/Sep/2026:16:48:01] INFO - Rapor başarıyla oluşturuldu
[12/Sep/2026:16:48:01] INFO - Yeni kullanıcı kaydı tamamlandı
[12/Sep/2026:16:48:01] INFO - Yeni kullanıcı kaydı tamamlandı
[12/Sep/2026:16:48:01] ERROR - Beklenmeyen hata oluştu
    at com.ornek.servis.OdemeServisi.gonder(OdemeServisi.java:42)
    at com.ornek.controller.SiparisController.olustur(SiparisController.java:17)
    at java.base/java.lang.Thread.run(Thread.java:840)
[12/Sep/2026:16:48:01] INFO - Yeni kullanıcı kaydı tamamlandı
[12/Sep/2026:16:48:01] WARN - Üçüncü parti servisten yavaş yanıt alındı
[12/Sep/2026:16:48:01] WARN - Disk kullanımı %75'i geçti
[12/Sep/2026:16:48:01] WARN - Üçüncü parti servisten yavaş yanıt alındı
[12/Sep/2026:16:48:01] WARN - Üçüncü parti servisten yavaş yanıt alındı
[12/Sep/2026:16:48:01] INFO - Yeni kullanıcı kaydı tamamlandı
[12/Sep/2026:16:48:01] INFO - Yeni kullanıcı kaydı tamamlandı
[12/Sep/2026:16:48:01] INFO - Sipariş oluşturuldu
[12/Sep/2026:16:48:01] WARN - Üçüncü parti servisten yavaş yanıt alındı
[12/Sep/2026:16:48:01] INFO - Kullanıcı girişi başarılı
[12/Sep/2026:16:48:01] INFO - Önbellek (cache) yenilendi
[12/Sep/2026:16:48:01] INFO - Kullanıcı girişi başarılı
[12/Sep/2026:16:48:01] INFO - Sipariş oluşturuldu
[12/Sep/2026:16:48:01] INFO - Yeni kullanıcı kaydı tamamlandı
[12/Sep/2026:16:48:01] INFO - Sipariş oluşturuldu
[12/Sep/2026:16:48:01] WARN - Yanıt süresi beklenenden uzun sürdü
[12/Sep/2026:16:48:01] INFO - Rapor başarıyla oluşturuldu
[12/Sep/2026:16:48:01] INFO - Yeni kullanıcı kaydı tamamlandı
[12/Sep/2026:16:48:01] INFO - Yeni kullanıcı kaydı tamamlandı
[12/Sep/2026:16:48:01] INFO - Sipariş oluşturuldu
[12/Sep/2026:16:48:01] INFO - Rapor başarıyla oluşturuldu
[12/Sep/2026:16:48:01] ERROR - Kimlik doğrulama servisi yanıt vermedi
    at com.ornek.servis.OdemeServisi.gonder(OdemeServisi.java:42)
    at com.ornek.controller.SiparisController.olustur(SiparisController.java:17)
    at java.base/java.lang.Thread.run(Thread.java:840)
[12/Sep/2026:16:48:01] INFO - Rapor başarıyla oluşturuldu
[12/Sep/2026:16:48:01] ERROR - Stok güncellenirken hata oluştu
    at com.ornek.servis.OdemeServisi.gonder(OdemeServisi.java:42)
    at com.ornek.controller.SiparisController.olustur(SiparisController.java:17)
    at java.base/java.lang.Thread.run(Thread.java:840)
[12/Sep/2026:16:48:01] WARN - Üçüncü parti servisten yavaş yanıt alındı
[12/Sep/2026:16:48:01] WARN - Yanıt süresi beklenenden uzun sürdü
[12/Sep/2026:16:48:01] INFO - Önbellek (cache) yenilendi
[12/Sep/2026:16:48:01] WARN - Veritabanı bağlantı havuzu %80 dolulukta
[12/Sep/2026:16:48:01] INFO - Sipariş oluşturuldu
[12/Sep/2026:16:48:01] WARN - Veritabanı bağlantı havuzu %80 dolulukta
[12/Sep/2026:16:48:01] INFO - Rapor başarıyla oluşturuldu
[12/Sep/2026:16:48:01] INFO - Yeni kullanıcı kaydı tamamlandı
[12/Sep/2026:16:48:01] INFO - Rapor başarıyla oluşturuldu
[12/Sep/2026:16:48:01] INFO - Sipariş oluşturuldu
[12/Sep/2026:16:48:01] INFO - Yeni kullanıcı kaydı tamamlandı
[12/Sep/2026:16:48:01] WARN - Veritabanı bağlantı havuzu %80 dolulukta
[12/Sep/2026:16:48:01] INFO - Yeni kullanıcı kaydı tamamlandı
[12/Sep/2026:16:48:01] INFO - Yeni kullanıcı kaydı tamamlandı
[12/Sep/2026:16:48:01] INFO - Sipariş oluşturuldu
[12/Sep/2026:16:48:01] ERROR - Ödeme servisi zaman aşımına uğradı
    at com.ornek.servis.OdemeServisi.gonder(OdemeServisi.java:42)
    at com.ornek.controller.SiparisController.olustur(SiparisController.java:17)
    at java.base/java.lang.Thread.run(Thread.java:840)
[12/Sep/2026:16:48:01] INFO - Rapor başarıyla oluşturuldu
[12/Sep/2026:16:48:01] INFO - Önbellek (cache) yenilendi
[12/Sep/2026:16:48:01] INFO - Kullanıcı girişi başarılı
[12/Sep/2026:16:48:01] INFO - Sipariş oluşturuldu
[12/Sep/2026:16:48:01] WARN - Disk kullanımı %75'i geçti
[12/Sep/2026:16:48:01] INFO - Yeni kullanıcı kaydı tamamlandı
[12/Sep/2026:16:48:01] ERROR - Beklenmeyen hata oluştu
    at com.ornek.servis.OdemeServisi.gonder(OdemeServisi.java:42)
    at com.ornek.controller.SiparisController.olustur(SiparisController.java:17)
    at java.base/java.lang.Thread.run(Thread.java:840)
[12/Sep/2026:16:48:01] INFO - Kullanıcı girişi başarılı
[12/Sep/2026:16:48:01] INFO - Sipariş oluşturuldu
[12/Sep/2026:16:48:01] WARN - Veritabanı bağlantı havuzu %80 dolulukta
[12/Sep/2026:16:48:01] INFO - Rapor başarıyla oluşturuldu
[12/Sep/2026:16:48:01] INFO - Kullanıcı girişi başarılı
[12/Sep/2026:16:48:01] ERROR - Beklenmeyen hata oluştu
    at com.ornek.servis.OdemeServisi.gonder(OdemeServisi.java:42)
    at com.ornek.controller.SiparisController.olustur(SiparisController.java:17)
    at java.base/java.lang.Thread.run(Thread.java:840)
[12/Sep/2026:16:48:01] INFO - Yeni kullanıcı kaydı tamamlandı
[12/Sep/2026:16:48:01] INFO - Yeni kullanıcı kaydı tamamlandı
[12/Sep/2026:16:48:01] ERROR - Beklenmeyen hata oluştu
    at com.ornek.servis.OdemeServisi.gonder(OdemeServisi.java:42)
    at com.ornek.controller.SiparisController.olustur(SiparisController.java:17)
    at java.base/java.lang.Thread.run(Thread.java:840)
[12/Sep/2026:16:48:01] WARN - Disk kullanımı %75'i geçti
[12/Sep/2026:16:48:01] INFO - Sipariş oluşturuldu
[12/Sep/2026:16:48:01] INFO - Önbellek (cache) yenilendi
[12/Sep/2026:16:48:01] INFO - Rapor başarıyla oluşturuldu
[12/Sep/2026:16:48:01] INFO - Rapor başarıyla oluşturuldu
[12/Sep/2026:16:48:01] INFO - Rapor başarıyla oluşturuldu
[12/Sep/2026:16:48:01] INFO - Yeni kullanıcı kaydı tamamlandı
[12/Sep/2026:16:48:01] INFO - Önbellek (cache) yenilendi
[12/Sep/2026:16:48:01] WARN - Veritabanı bağlantı havuzu %80 dolulukta
[12/Sep/2026:16:48:01] ERROR - Veritabanına bağlanılamadı
    at com.ornek.servis.OdemeServisi.gonder(OdemeServisi.java:42)
    at com.ornek.controller.SiparisController.olustur(SiparisController.java:17)
    at java.base/java.lang.Thread.run(Thread.java:840)
[12/Sep/2026:16:48:01] INFO - Yeni kullanıcı kaydı tamamlandı
[12/Sep/2026:16:48:01] ERROR - Beklenmeyen hata oluştu
    at com.ornek.servis.OdemeServisi.gonder(OdemeServisi.java:42)
    at com.ornek.controller.SiparisController.olustur(SiparisController.java:17)
    at java.base/java.lang.Thread.run(Thread.java:840)
[12/Sep/2026:16:48:01] INFO - Önbellek (cache) yenilendi
[12/Sep/2026:16:48:01] INFO - Önbellek (cache) yenilendi
[12/Sep/2026:16:48:01] INFO - Sipariş oluşturuldu
[12/Sep/2026:16:48:01] INFO - Kullanıcı girişi başarılı
[12/Sep/2026:16:48:01] INFO - Sipariş oluşturuldu
[12/Sep/2026:16:48:01] INFO - Kullanıcı girişi başarılı
[12/Sep/2026:16:48:01] INFO - Rapor başarıyla oluşturuldu
[12/Sep/2026:16:48:01] INFO - Rapor başarıyla oluşturuldu
[12/Sep/2026:16:48:01] INFO - Rapor başarıyla oluşturuldu
[12/Sep/2026:16:48:01] INFO - Rapor başarıyla oluşturuldu
[12/Sep/2026:16:48:01] INFO - Önbellek (cache) yenilendi
[12/Sep/2026:16:48:01] INFO - Sipariş oluşturuldu
[12/Sep/2026:16:48:01] ERROR - Stok güncellenirken hata oluştu
    at com.ornek.servis.OdemeServisi.gonder(OdemeServisi.java:42)
    at com.ornek.controller.SiparisController.olustur(SiparisController.java:17)
    at java.base/java.lang.Thread.run(Thread.java:840)
[12/Sep/2026:16:48:01] INFO - Kullanıcı girişi başarılı
[12/Sep/2026:16:48:01] INFO - Kullanıcı girişi başarılı
[12/Sep/2026:16:48:01] ERROR - Veritabanına bağlanılamadı
    at com.ornek.servis.OdemeServisi.gonder(OdemeServisi.java:42)
    at com.ornek.controller.SiparisController.olustur(SiparisController.java:17)
    at java.base/java.lang.Thread.run(Thread.java:840)
[12/Sep/2026:16:48:01] INFO - Yeni kullanıcı kaydı tamamlandı
[12/Sep/2026:16:48:01] INFO - Sipariş oluşturuldu
[12/Sep/2026:16:48:01] WARN - Veritabanı bağlantı havuzu %80 dolulukta
[12/Sep/2026:16:48:01] WARN - Disk kullanımı %75'i geçti
[12/Sep/2026:16:48:01] WARN - Disk kullanımı %75'i geçti
[12/Sep/2026:16:48:01] INFO - Yeni kullanıcı kaydı tamamlandı
[12/Sep/2026:16:48:01] INFO - Sipariş oluşturuldu
[12/Sep/2026:16:48:01] INFO - Kullanıcı girişi başarılı
[12/Sep/2026:16:48:01] ERROR - Ödeme servisi zaman aşımına uğradı
    at com.ornek.servis.OdemeServisi.gonder(OdemeServisi.java:42)
    at com.ornek.controller.SiparisController.olustur(SiparisController.java:17)
    at java.base/java.lang.Thread.run(Thread.java:840)
[12/Sep/2026:16:48:01] INFO - Rapor başarıyla oluşturuldu
[12/Sep/2026:16:48:01] INFO - Rapor başarıyla oluşturuldu
[12/Sep/2026:16:48:01] INFO - Rapor başarıyla oluşturuldu
[12/Sep/2026:16:48:01] INFO - Kullanıcı girişi başarılı
[12/Sep/2026:16:48:01] INFO - Yeni kullanıcı kaydı tamamlandı
[12/Sep/2026:16:48:01] INFO - Rapor başarıyla oluşturuldu
[12/Sep/2026:16:48:01] ERROR - Ödeme servisi zaman aşımına uğradı
    at com.ornek.servis.OdemeServisi.gonder(OdemeServisi.java:42)
    at com.ornek.controller.SiparisController.olustur(SiparisController.java:17)
    at java.base/java.lang.Thread.run(Thread.java:840)
[12/Sep/2026:16:48:01] INFO - Rapor başarıyla oluşturuldu
[12/Sep/2026:16:48:01] ERROR - Ödeme servisi zaman aşımına uğradı
    at com.ornek.servis.OdemeServisi.gonder(OdemeServisi.java:42)
    at com.ornek.controller.SiparisController.olustur(SiparisController.java:17)
    at java.base/java.lang.Thread.run(Thread.java:840)
[12/Sep/2026:16:48:01] INFO - Önbellek (cache) yenilendi
[12/Sep/2026:16:48:01] INFO - Sipariş oluşturuldu
[12/Sep/2026:16:49:02] INFO - Sipariş oluşturuldu
[12/Sep/2026:16:49:02] INFO - Rapor başarıyla oluşturuldu
[12/Sep/2026:16:49:02] ERROR - Stok güncellenirken hata oluştu
    at com.ornek.servis.OdemeServisi.gonder(OdemeServisi.java:42)
    at com.ornek.controller.SiparisController.olustur(SiparisController.java:17)
    at java.base/java.lang.Thread.run(Thread.java:840)
[12/Sep/2026:16:49:02] INFO - Yeni kullanıcı kaydı tamamlandı
[12/Sep/2026:16:49:02] INFO - Sipariş oluşturuldu
[12/Sep/2026:16:49:02] INFO - Sipariş oluşturuldu
[12/Sep/2026:16:49:02] INFO - Kullanıcı girişi başarılı
[12/Sep/2026:16:49:02] INFO - Rapor başarıyla oluşturuldu
[12/Sep/2026:16:49:02] INFO - Kullanıcı girişi başarılı
[12/Sep/2026:16:49:02] WARN - Üçüncü parti servisten yavaş yanıt alındı
[12/Sep/2026:16:49:02] INFO - Sipariş oluşturuldu
[12/Sep/2026:16:49:02] INFO - Kullanıcı girişi başarılı
[12/Sep/2026:16:49:02] INFO - Yeni kullanıcı kaydı tamamlandı
[12/Sep/2026:16:49:02] INFO - Yeni kullanıcı kaydı tamamlandı
[12/Sep/2026:16:49:02] INFO - Yeni kullanıcı kaydı tamamlandı
[12/Sep/2026:16:49:02] WARN - Veritabanı bağlantı havuzu %80 dolulukta
[12/Sep/2026:16:49:02] ERROR - Veritabanına bağlanılamadı
    at com.ornek.servis.OdemeServisi.gonder(OdemeServisi.java:42)
    at com.ornek.controller.SiparisController.olustur(SiparisController.java:17)
    at java.base/java.lang.Thread.run(Thread.java:840)
[12/Sep/2026:16:49:02] INFO - Sipariş oluşturuldu
[12/Sep/2026:16:49:02] INFO - Önbellek (cache) yenilendi
[12/Sep/2026:16:49:02] INFO - Önbellek (cache) yenilendi
[12/Sep/2026:16:49:02] ERROR - Ödeme servisi zaman aşımına uğradı
    at com.ornek.servis.OdemeServisi.gonder(OdemeServisi.java:42)
    at com.ornek.controller.SiparisController.olustur(SiparisController.java:17)
    at java.base/java.lang.Thread.run(Thread.java:840)
[12/Sep/2026:16:49:02] WARN - Veritabanı bağlantı havuzu %80 dolulukta
[12/Sep/2026:16:49:02] INFO - Yeni kullanıcı kaydı tamamlandı
[12/Sep/2026:16:49:02] WARN - Veritabanı bağlantı havuzu %80 dolulukta
[12/Sep/2026:16:49:02] INFO - Yeni kullanıcı kaydı tamamlandı
[12/Sep/2026:16:49:02] WARN - Üçüncü parti servisten yavaş yanıt alındı
[12/Sep/2026:16:49:02] ERROR - Veritabanına bağlanılamadı
    at com.ornek.servis.OdemeServisi.gonder(OdemeServisi.java:42)
    at com.ornek.controller.SiparisController.olustur(SiparisController.java:17)
    at java.base/java.lang.Thread.run(Thread.java:840)
[12/Sep/2026:16:49:02] INFO - Önbellek (cache) yenilendi
[12/Sep/2026:16:49:02] INFO - Yeni kullanıcı kaydı tamamlandı
[12/Sep/2026:16:49:02] ERROR - Kimlik doğrulama servisi yanıt vermedi
    at com.ornek.servis.OdemeServisi.gonder(OdemeServisi.java:42)
    at com.ornek.controller.SiparisController.olustur(SiparisController.java:17)
    at java.base/java.lang.Thread.run(Thread.java:840)
[12/Sep/2026:16:49:02] WARN - Üçüncü parti servisten yavaş yanıt alındı
[12/Sep/2026:16:49:02] INFO - Sipariş oluşturuldu
[12/Sep/2026:16:49:02] INFO - Kullanıcı girişi başarılı
[12/Sep/2026:16:49:02] INFO - Kullanıcı girişi başarılı
[12/Sep/2026:16:49:02] ERROR - Ödeme servisi zaman aşımına uğradı
    at com.ornek.servis.OdemeServisi.gonder(OdemeServisi.java:42)
    at com.ornek.controller.SiparisController.olustur(SiparisController.java:17)
    at java.base/java.lang.Thread.run(Thread.java:840)
[12/Sep/2026:16:49:02] WARN - Disk kullanımı %75'i geçti
[12/Sep/2026:16:49:02] INFO - Sipariş oluşturuldu
[12/Sep/2026:16:49:02] INFO - Rapor başarıyla oluşturuldu
[12/Sep/2026:16:49:02] INFO - Yeni kullanıcı kaydı tamamlandı
[12/Sep/2026:16:49:02] WARN - Yanıt süresi beklenenden uzun sürdü
[12/Sep/2026:16:49:02] INFO - Kullanıcı girişi başarılı
[12/Sep/2026:16:49:02] ERROR - Beklenmeyen hata oluştu
    at com.ornek.servis.OdemeServisi.gonder(OdemeServisi.java:42)
    at com.ornek.controller.SiparisController.olustur(SiparisController.java:17)
    at java.base/java.lang.Thread.run(Thread.java:840)
[12/Sep/2026:16:49:02] INFO - Yeni kullanıcı kaydı tamamlandı
[12/Sep/2026:16:49:02] ERROR - Ödeme servisi zaman aşımına uğradı
    at com.ornek.servis.OdemeServisi.gonder(OdemeServisi.java:42)
    at com.ornek.controller.SiparisController.olustur(SiparisController.java:17)
    at java.base/java.lang.Thread.run(Thread.java:840)
[12/Sep/2026:16:49:02] ERROR - Kimlik doğrulama servisi yanıt vermedi
    at com.ornek.servis.OdemeServisi.gonder(OdemeServisi.java:42)
    at com.ornek.controller.SiparisController.olustur(SiparisController.java:17)
    at java.base/java.lang.Thread.run(Thread.java:840)
[12/Sep/2026:16:49:02] WARN - Yanıt süresi beklenenden uzun sürdü
[12/Sep/2026:16:49:02] INFO - Önbellek (cache) yenilendi
[12/Sep/2026:16:49:02] INFO - Yeni kullanıcı kaydı tamamlandı
[12/Sep/2026:16:49:02] WARN - Yanıt süresi beklenenden uzun sürdü
[12/Sep/2026:16:49:02] INFO - Yeni kullanıcı kaydı tamamlandı
[12/Sep/2026:16:49:02] INFO - Önbellek (cache) yenilendi
[12/Sep/2026:16:49:02] WARN - Yanıt süresi beklenenden uzun sürdü
[12/Sep/2026:16:49:02] INFO - Önbellek (cache) yenilendi
[12/Sep/2026:16:49:02] WARN - Yanıt süresi beklenenden uzun sürdü
[12/Sep/2026:16:49:02] INFO - Önbellek (cache) yenilendi
[12/Sep/2026:16:49:02] WARN - Yanıt süresi beklenenden uzun sürdü
[12/Sep/2026:16:49:02] ERROR - Veritabanına bağlanılamadı
    at com.ornek.servis.OdemeServisi.gonder(OdemeServisi.java:42)
    at com.ornek.controller.SiparisController.olustur(SiparisController.java:17)
    at java.base/java.lang.Thread.run(Thread.java:840)
[12/Sep/2026:16:49:02] INFO - Rapor başarıyla oluşturuldu
[12/Sep/2026:16:49:02] INFO - Sipariş oluşturuldu
[12/Sep/2026:16:49:02] WARN - Disk kullanımı %75'i geçti
[12/Sep/2026:16:49:02] INFO - Kullanıcı girişi başarılı
[12/Sep/2026:16:49:02] INFO - Önbellek (cache) yenilendi
[12/Sep/2026:16:49:02] INFO - Rapor başarıyla oluşturuldu
[12/Sep/2026:16:49:02] INFO - Sipariş oluşturuldu
[12/Sep/2026:16:49:02] WARN - Üçüncü parti servisten yavaş yanıt alındı
[12/Sep/2026:16:49:02] WARN - Veritabanı bağlantı havuzu %80 dolulukta
[12/Sep/2026:16:49:02] INFO - Kullanıcı girişi başarılı
[12/Sep/2026:16:49:02] INFO - Rapor başarıyla oluşturuldu
[12/Sep/2026:16:49:02] INFO - Önbellek (cache) yenilendi
[12/Sep/2026:16:49:02] WARN - Yanıt süresi beklenenden uzun sürdü
[12/Sep/2026:16:49:02] INFO - Önbellek (cache) yenilendi
[12/Sep/2026:16:49:02] INFO - Sipariş oluşturuldu
[12/Sep/2026:16:49:02] INFO - Kullanıcı girişi başarılı
[12/Sep/2026:16:49:02] INFO - Sipariş oluşturuldu
[12/Sep/2026:16:49:02] INFO - Rapor başarıyla oluşturuldu
[12/Sep/2026:16:49:02] WARN - Veritabanı bağlantı havuzu %80 dolulukta
[12/Sep/2026:16:49:02] WARN - Veritabanı bağlantı havuzu %80 dolulukta
[12/Sep/2026:16:49:02] INFO - Rapor başarıyla oluşturuldu
[12/Sep/2026:16:49:02] INFO - Önbellek (cache) yenilendi
[12/Sep/2026:16:49:02] INFO - Kullanıcı girişi başarılı
[12/Sep/2026:16:49:02] WARN - Veritabanı bağlantı havuzu %80 dolulukta
[12/Sep/2026:16:49:02] INFO - Sipariş oluşturuldu
[12/Sep/2026:16:49:02] INFO - Yeni kullanıcı kaydı tamamlandı
[12/Sep/2026:16:49:02] INFO - Rapor başarıyla oluşturuldu
[12/Sep/2026:16:49:02] WARN - Veritabanı bağlantı havuzu %80 dolulukta
[12/Sep/2026:16:49:02] INFO - Yeni kullanıcı kaydı tamamlandı
[12/Sep/2026:16:49:02] WARN - Disk kullanımı %75'i geçti
[12/Sep/2026:16:49:02] WARN - Veritabanı bağlantı havuzu %80 dolulukta
[12/Sep/2026:16:49:02] INFO - Yeni kullanıcı kaydı tamamlandı
[12/Sep/2026:16:49:02] INFO - Rapor başarıyla oluşturuldu
[12/Sep/2026:16:49:02] WARN - Üçüncü parti servisten yavaş yanıt alındı
[12/Sep/2026:16:49:02] ERROR - Ödeme servisi zaman aşımına uğradı
    at com.ornek.servis.OdemeServisi.gonder(OdemeServisi.java:42)
    at com.ornek.controller.SiparisController.olustur(SiparisController.java:17)
    at java.base/java.lang.Thread.run(Thread.java:840)
[12/Sep/2026:16:49:02] INFO - Sipariş oluşturuldu
[12/Sep/2026:16:49:02] WARN - Disk kullanımı %75'i geçti
[12/Sep/2026:16:49:02] INFO - Önbellek (cache) yenilendi
[12/Sep/2026:16:49:02] WARN - Veritabanı bağlantı havuzu %80 dolulukta
[12/Sep/2026:16:49:02] INFO - Sipariş oluşturuldu
[12/Sep/2026:16:49:02] INFO - Kullanıcı girişi başarılı
[12/Sep/2026:16:49:02] INFO - Sipariş oluşturuldu
[12/Sep/2026:16:49:02] INFO - Rapor başarıyla oluşturuldu
[12/Sep/2026:16:49:02] INFO - Kullanıcı girişi başarılı
[12/Sep/2026:16:49:02] INFO - Kullanıcı girişi başarılı
[12/Sep/2026:16:49:02] INFO - Önbellek (cache) yenilendi
[12/Sep/2026:16:49:02] WARN - Disk kullanımı %75'i geçti
[12/Sep/2026:16:49:02] INFO - Sipariş oluşturuldu
[12/Sep/2026:16:49:02] WARN - Veritabanı bağlantı havuzu %80 dolulukta
[12/Sep/2026:16:49:02] INFO - Rapor başarıyla oluşturuldu
[12/Sep/2026:16:49:02] INFO - Kullanıcı girişi başarılı
[12/Sep/2026:16:49:02] INFO - Kullanıcı girişi başarılı
[12/Sep/2026:16:49:02] INFO - Rapor başarıyla oluşturuldu
[12/Sep/2026:16:49:02] INFO - Sipariş oluşturuldu
[12/Sep/2026:16:49:02] INFO - Önbellek (cache) yenilendi
[12/Sep/2026:16:49:02] INFO - Önbellek (cache) yenilendi
[12/Sep/2026:16:49:02] INFO - Yeni kullanıcı kaydı tamamlandı
[12/Sep/2026:16:49:02] INFO - Rapor başarıyla oluşturuldu
[12/Sep/2026:16:49:02] WARN - Yanıt süresi beklenenden uzun sürdü
[12/Sep/2026:16:49:02] INFO - Sipariş oluşturuldu
[12/Sep/2026:16:49:02] INFO - Sipariş oluşturuldu
[12/Sep/2026:16:49:02] INFO - Önbellek (cache) yenilendi
[12/Sep/2026:16:49:02] INFO - Yeni kullanıcı kaydı tamamlandı
[12/Sep/2026:16:49:02] INFO - Yeni kullanıcı kaydı tamamlandı
[12/Sep/2026:16:49:02] ERROR - Stok güncellenirken hata oluştu
    at com.ornek.servis.OdemeServisi.gonder(OdemeServisi.java:42)
    at com.ornek.controller.SiparisController.olustur(SiparisController.java:17)
    at java.base/java.lang.Thread.run(Thread.java:840)
[12/Sep/2026:16:49:02] INFO - Rapor başarıyla oluşturuldu
[12/Sep/2026:16:49:02] INFO - Önbellek (cache) yenilendi
[12/Sep/2026:16:49:02] INFO - Sipariş oluşturuldu
[12/Sep/2026:16:49:02] INFO - Yeni kullanıcı kaydı tamamlandı
[12/Sep/2026:16:49:02] INFO - Önbellek (cache) yenilendi
[12/Sep/2026:16:49:02] WARN - Disk kullanımı %75'i geçti
[12/Sep/2026:16:49:02] INFO - Yeni kullanıcı kaydı tamamlandı
[12/Sep/2026:16:49:02] ERROR - Ödeme servisi zaman aşımına uğradı
    at com.ornek.servis.OdemeServisi.gonder(OdemeServisi.java:42)
    at com.ornek.controller.SiparisController.olustur(SiparisController.java:17)
    at java.base/java.lang.Thread.run(Thread.java:840)
[12/Sep/2026:16:49:02] INFO - Sipariş oluşturuldu
[12/Sep/2026:16:49:02] INFO - Önbellek (cache) yenilendi
[12/Sep/2026:16:49:02] ERROR - Kimlik doğrulama servisi yanıt vermedi
    at com.ornek.servis.OdemeServisi.gonder(OdemeServisi.java:42)
    at com.ornek.controller.SiparisController.olustur(SiparisController.java:17)
    at java.base/java.lang.Thread.run(Thread.java:840)
[12/Sep/2026:16:49:02] INFO - Yeni kullanıcı kaydı tamamlandı
[12/Sep/2026:16:49:02] INFO - Yeni kullanıcı kaydı tamamlandı
[12/Sep/2026:16:49:02] INFO - Rapor başarıyla oluşturuldu
[12/Sep/2026:16:49:02] INFO - Rapor başarıyla oluşturuldu
[12/Sep/2026:16:49:02] INFO - Yeni kullanıcı kaydı tamamlandı
[12/Sep/2026:16:49:02] INFO - Yeni kullanıcı kaydı tamamlandı
[12/Sep/2026:16:49:02] INFO - Yeni kullanıcı kaydı tamamlandı
[12/Sep/2026:16:49:02] INFO - Rapor başarıyla oluşturuldu
[12/Sep/2026:16:49:02] INFO - Önbellek (cache) yenilendi
[12/Sep/2026:16:49:02] INFO - Önbellek (cache) yenilendi
[12/Sep/2026:16:49:02] INFO - Kullanıcı girişi başarılı
[12/Sep/2026:16:49:02] WARN - Disk kullanımı %75'i geçti
[12/Sep/2026:16:49:02] INFO - Yeni kullanıcı kaydı tamamlandı
[12/Sep/2026:16:49:02] INFO - Yeni kullanıcı kaydı tamamlandı
[12/Sep/2026:16:49:02] WARN - Üçüncü parti servisten yavaş yanıt alındı
[12/Sep/2026:16:49:02] INFO - Sipariş oluşturuldu
[12/Sep/2026:16:49:02] INFO - Yeni kullanıcı kaydı tamamlandı
[12/Sep/2026:16:49:02] WARN - Üçüncü parti servisten yavaş yanıt alındı
[12/Sep/2026:16:49:02] INFO - Sipariş oluşturuldu
[12/Sep/2026:16:49:02] INFO - Rapor başarıyla oluşturuldu
[12/Sep/2026:16:49:02] INFO - Kullanıcı girişi başarılı
[12/Sep/2026:16:49:02] INFO - Rapor başarıyla oluşturuldu
[12/Sep/2026:16:49:02] WARN - Üçüncü parti servisten yavaş yanıt alındı
[12/Sep/2026:16:49:02] INFO - Önbellek (cache) yenilendi
[12/Sep/2026:16:49:02] ERROR - Ödeme servisi zaman aşımına uğradı
    at com.ornek.servis.OdemeServisi.gonder(OdemeServisi.java:42)
    at com.ornek.controller.SiparisController.olustur(SiparisController.java:17)
    at java.base/java.lang.Thread.run(Thread.java:840)
[12/Sep/2026:16:49:02] INFO - Kullanıcı girişi başarılı
[12/Sep/2026:16:49:02] INFO - Önbellek (cache) yenilendi
[12/Sep/2026:16:49:02] WARN - Disk kullanımı %75'i geçti
[12/Sep/2026:16:49:02] INFO - Önbellek (cache) yenilendi
[12/Sep/2026:16:49:02] INFO - Önbellek (cache) yenilendi
[12/Sep/2026:16:49:02] WARN - Veritabanı bağlantı havuzu %80 dolulukta
[12/Sep/2026:16:49:02] INFO - Kullanıcı girişi başarılı
[12/Sep/2026:16:49:02] INFO - Kullanıcı girişi başarılı
[12/Sep/2026:16:49:02] INFO - Kullanıcı girişi başarılı
[12/Sep/2026:16:49:02] INFO - Sipariş oluşturuldu
[12/Sep/2026:16:49:02] INFO - Yeni kullanıcı kaydı tamamlandı
[12/Sep/2026:16:49:02] INFO - Sipariş oluşturuldu
[12/Sep/2026:16:49:02] INFO - Sipariş oluşturuldu
[12/Sep/2026:16:49:02] INFO - Sipariş oluşturuldu
[12/Sep/2026:16:49:02] INFO - Rapor başarıyla oluşturuldu
[12/Sep/2026:16:49:02] ERROR - Stok güncellenirken hata oluştu
    at com.ornek.servis.OdemeServisi.gonder(OdemeServisi.java:42)
    at com.ornek.controller.SiparisController.olustur(SiparisController.java:17)
    at java.base/java.lang.Thread.run(Thread.java:840)
[12/Sep/2026:16:49:02] INFO - Yeni kullanıcı kaydı tamamlandı
[12/Sep/2026:16:49:02] INFO - Sipariş oluşturuldu
[12/Sep/2026:16:49:02] WARN - Yanıt süresi beklenenden uzun sürdü
[12/Sep/2026:16:49:02] WARN - Disk kullanımı %75'i geçti
[12/Sep/2026:16:49:02] INFO - Sipariş oluşturuldu
[12/Sep/2026:16:49:02] INFO - Önbellek (cache) yenilendi
[12/Sep/2026:16:49:02] INFO - Sipariş oluşturuldu
[12/Sep/2026:16:49:02] INFO - Kullanıcı girişi başarılı
[12/Sep/2026:16:49:02] INFO - Sipariş oluşturuldu
[12/Sep/2026:16:49:02] WARN - Yanıt süresi beklenenden uzun sürdü
[12/Sep/2026:16:49:02] INFO - Yeni kullanıcı kaydı tamamlandı
[12/Sep/2026:16:49:02] INFO - Yeni kullanıcı kaydı tamamlandı
[12/Sep/2026:16:49:02] WARN - Disk kullanımı %75'i geçti
[12/Sep/2026:16:49:02] INFO - Rapor başarıyla oluşturuldu
[12/Sep/2026:16:49:02] INFO - Rapor başarıyla oluşturuldu
[12/Sep/2026:16:49:02] WARN - Veritabanı bağlantı havuzu %80 dolulukta
[12/Sep/2026:16:49:02] INFO - Yeni kullanıcı kaydı tamamlandı
[12/Sep/2026:16:49:02] INFO - Kullanıcı girişi başarılı
[12/Sep/2026:16:49:02] WARN - Üçüncü parti servisten yavaş yanıt alındı
[12/Sep/2026:16:49:02] INFO - Kullanıcı girişi başarılı
[12/Sep/2026:16:49:02] WARN - Disk kullanımı %75'i geçti
[12/Sep/2026:16:49:02] INFO - Önbellek (cache) yenilendi
[12/Sep/2026:16:49:02] INFO - Kullanıcı girişi başarılı
[12/Sep/2026:16:49:02] INFO - Önbellek (cache) yenilendi
[12/Sep/2026:16:49:02] INFO - Rapor başarıyla oluşturuldu
[12/Sep/2026:16:49:02] ERROR - Veritabanına bağlanılamadı
    at com.ornek.servis.OdemeServisi.gonder(OdemeServisi.java:42)
    at com.ornek.controller.SiparisController.olustur(SiparisController.java:17)
    at java.base/java.lang.Thread.run(Thread.java:840)
[12/Sep/2026:16:49:02] ERROR - Beklenmeyen hata oluştu
    at com.ornek.servis.OdemeServisi.gonder(OdemeServisi.java:42)
    at com.ornek.controller.SiparisController.olustur(SiparisController.java:17)
    at java.base/java.lang.Thread.run(Thread.java:840)
[12/Sep/2026:16:49:02] INFO - Sipariş oluşturuldu
[12/Sep/2026:16:49:02] INFO - Sipariş oluşturuldu
[12/Sep/2026:16:49:02] ERROR - Beklenmeyen hata oluştu
    at com.ornek.servis.OdemeServisi.gonder(OdemeServisi.java:42)
    at com.ornek.controller.SiparisController.olustur(SiparisController.java:17)
    at java.base/java.lang.Thread.run(Thread.java:840)
[12/Sep/2026:16:49:02] INFO - Kullanıcı girişi başarılı
[12/Sep/2026:16:49:02] WARN - Üçüncü parti servisten yavaş yanıt alındı
[12/Sep/2026:16:49:02] INFO - Önbellek (cache) yenilendi
[12/Sep/2026:16:49:02] INFO - Sipariş oluşturuldu
[12/Sep/2026:16:49:02] INFO - Kullanıcı girişi başarılı
[12/Sep/2026:16:49:02] INFO - Kullanıcı girişi başarılı
[12/Sep/2026:16:49:02] WARN - Disk kullanımı %75'i geçti
[12/Sep/2026:16:49:02] WARN - Disk kullanımı %75'i geçti
[12/Sep/2026:16:49:02] INFO - Önbellek (cache) yenilendi
[12/Sep/2026:16:49:02] WARN - Üçüncü parti servisten yavaş yanıt alındı
[12/Sep/2026:16:49:02] INFO - Rapor başarıyla oluşturuldu
[12/Sep/2026:16:49:02] INFO - Önbellek (cache) yenilendi
[12/Sep/2026:16:49:02] WARN - Üçüncü parti servisten yavaş yanıt alındı
[12/Sep/2026:16:49:02] INFO - Kullanıcı girişi başarılı
[12/Sep/2026:16:49:02] INFO - Sipariş oluşturuldu
[12/Sep/2026:16:49:02] WARN - Veritabanı bağlantı havuzu %80 dolulukta
[12/Sep/2026:16:49:02] INFO - Kullanıcı girişi başarılı
[12/Sep/2026:16:49:02] INFO - Sipariş oluşturuldu
[12/Sep/2026:16:49:02] INFO - Yeni kullanıcı kaydı tamamlandı
[12/Sep/2026:16:49:02] INFO - Kullanıcı girişi başarılı
[12/Sep/2026:16:49:02] INFO - Rapor başarıyla oluşturuldu
[12/Sep/2026:16:49:02] WARN - Yanıt süresi beklenenden uzun sürdü
[12/Sep/2026:16:49:02] ERROR - Stok güncellenirken hata oluştu
    at com.ornek.servis.OdemeServisi.gonder(OdemeServisi.java:42)
    at com.ornek.controller.SiparisController.olustur(SiparisController.java:17)
    at java.base/java.lang.Thread.run(Thread.java:840)
[12/Sep/2026:16:49:02] INFO - Yeni kullanıcı kaydı tamamlandı
[12/Sep/2026:16:49:02] WARN - Yanıt süresi beklenenden uzun sürdü
[12/Sep/2026:16:49:02] INFO - Yeni kullanıcı kaydı tamamlandı
[12/Sep/2026:16:49:02] INFO - Yeni kullanıcı kaydı tamamlandı
[12/Sep/2026:16:49:02] INFO - Sipariş oluşturuldu
[12/Sep/2026:16:49:02] INFO - Önbellek (cache) yenilendi
[12/Sep/2026:16:49:02] INFO - Yeni kullanıcı kaydı tamamlandı
[12/Sep/2026:16:49:02] WARN - Veritabanı bağlantı havuzu %80 dolulukta
[12/Sep/2026:16:49:02] INFO - Önbellek (cache) yenilendi
[12/Sep/2026:16:49:02] INFO - Yeni kullanıcı kaydı tamamlandı
[12/Sep/2026:16:49:02] INFO - Sipariş oluşturuldu
[12/Sep/2026:16:49:02] INFO - Sipariş oluşturuldu
[12/Sep/2026:16:49:02] ERROR - Stok güncellenirken hata oluştu
    at com.ornek.servis.OdemeServisi.gonder(OdemeServisi.java:42)
    at com.ornek.controller.SiparisController.olustur(SiparisController.java:17)
    at java.base/java.lang.Thread.run(Thread.java:840)
[12/Sep/2026:16:49:02] INFO - Yeni kullanıcı kaydı tamamlandı
[12/Sep/2026:16:49:02] INFO - Rapor başarıyla oluşturuldu
[12/Sep/2026:16:49:02] WARN - Disk kullanımı %75'i geçti
[12/Sep/2026:16:49:02] ERROR - Stok güncellenirken hata oluştu
    at com.ornek.servis.OdemeServisi.gonder(OdemeServisi.java:42)
    at com.ornek.controller.SiparisController.olustur(SiparisController.java:17)
    at java.base/java.lang.Thread.run(Thread.java:840)
[12/Sep/2026:16:49:02] INFO - Sipariş oluşturuldu
[12/Sep/2026:16:49:02] INFO - Önbellek (cache) yenilendi
[12/Sep/2026:16:49:02] INFO - Kullanıcı girişi başarılı
[12/Sep/2026:16:49:02] INFO - Yeni kullanıcı kaydı tamamlandı
[12/Sep/2026:16:49:02] INFO - Yeni kullanıcı kaydı tamamlandı
[12/Sep/2026:16:49:02] ERROR - Stok güncellenirken hata oluştu
    at com.ornek.servis.OdemeServisi.gonder(OdemeServisi.java:42)
    at com.ornek.controller.SiparisController.olustur(SiparisController.java:17)
    at java.base/java.lang.Thread.run(Thread.java:840)
[12/Sep/2026:16:49:02] ERROR - Stok güncellenirken hata oluştu
    at com.ornek.servis.OdemeServisi.gonder(OdemeServisi.java:42)
    at com.ornek.controller.SiparisController.olustur(SiparisController.java:17)
    at java.base/java.lang.Thread.run(Thread.java:840)
[12/Sep/2026:16:49:02] WARN - Disk kullanımı %75'i geçti
[12/Sep/2026:16:49:02] WARN - Üçüncü parti servisten yavaş yanıt alındı
[12/Sep/2026:16:49:02] INFO - Önbellek (cache) yenilendi
[12/Sep/2026:16:49:02] WARN - Üçüncü parti servisten yavaş yanıt alındı
[12/Sep/2026:16:49:02] INFO - Yeni kullanıcı kaydı tamamlandı
[12/Sep/2026:16:49:02] INFO - Yeni kullanıcı kaydı tamamlandı
[12/Sep/2026:16:49:02] WARN - Disk kullanımı %75'i geçti
[12/Sep/2026:16:49:02] INFO - Önbellek (cache) yenilendi
[12/Sep/2026:16:49:02] INFO - Rapor başarıyla oluşturuldu
[12/Sep/2026:16:49:02] WARN - Yanıt süresi beklenenden uzun sürdü
[12/Sep/2026:16:49:02] INFO - Önbellek (cache) yenilendi
[12/Sep/2026:16:49:02] INFO - Önbellek (cache) yenilendi
[12/Sep/2026:16:49:02] INFO - Rapor başarıyla oluşturuldu
[12/Sep/2026:16:49:02] INFO - Kullanıcı girişi başarılı
[12/Sep/2026:16:49:02] INFO - Önbellek (cache) yenilendi
[12/Sep/2026:16:49:02] INFO - Rapor başarıyla oluşturuldu
[12/Sep/2026:16:49:02] WARN - Disk kullanımı %75'i geçti
[12/Sep/2026:16:49:02] INFO - Rapor başarıyla oluşturuldu
[12/Sep/2026:16:49:02] INFO - Sipariş oluşturuldu
[12/Sep/2026:16:49:02] INFO - Sipariş oluşturuldu
[12/Sep/2026:16:49:02] INFO - Rapor başarıyla oluşturuldu
[12/Sep/2026:16:49:02] INFO - Kullanıcı girişi başarılı
[12/Sep/2026:16:49:02] INFO - Yeni kullanıcı kaydı tamamlandı
[12/Sep/2026:16:49:02] WARN - Yanıt süresi beklenenden uzun sürdü
[12/Sep/2026:16:49:02] INFO - Rapor başarıyla oluşturuldu
[12/Sep/2026:16:49:02] INFO - Rapor başarıyla oluşturuldu
[12/Sep/2026:16:49:02] INFO - Kullanıcı girişi başarılı
[12/Sep/2026:16:49:02] WARN - Veritabanı bağlantı havuzu %80 dolulukta
[12/Sep/2026:16:49:02] WARN - Yanıt süresi beklenenden uzun sürdü
[12/Sep/2026:16:49:02] WARN - Üçüncü parti servisten yavaş yanıt alındı
[12/Sep/2026:16:49:02] INFO - Kullanıcı girişi başarılı
[12/Sep/2026:16:49:02] INFO - Yeni kullanıcı kaydı tamamlandı
[12/Sep/2026:16:49:02] WARN - Disk kullanımı %75'i geçti
[12/Sep/2026:16:49:02] ERROR - Ödeme servisi zaman aşımına uğradı
    at com.ornek.servis.OdemeServisi.gonder(OdemeServisi.java:42)
    at com.ornek.controller.SiparisController.olustur(SiparisController.java:17)
    at java.base/java.lang.Thread.run(Thread.java:840)
[12/Sep/2026:16:49:02] WARN - Disk kullanımı %75'i geçti
[12/Sep/2026:16:49:02] INFO - Önbellek (cache) yenilendi
[12/Sep/2026:16:49:02] WARN - Üçüncü parti servisten yavaş yanıt alındı
[12/Sep/2026:16:49:02] INFO - Yeni kullanıcı kaydı tamamlandı
[12/Sep/2026:16:49:02] WARN - Üçüncü parti servisten yavaş yanıt alındı
[12/Sep/2026:16:49:02] INFO - Önbellek (cache) yenilendi
[12/Sep/2026:16:49:02] INFO - Kullanıcı girişi başarılı
[12/Sep/2026:16:49:02] WARN - Üçüncü parti servisten yavaş yanıt alındı
[12/Sep/2026:16:49:02] INFO - Sipariş oluşturuldu
[12/Sep/2026:16:49:02] INFO - Sipariş oluşturuldu
[12/Sep/2026:16:49:02] INFO - Kullanıcı girişi başarılı
[12/Sep/2026:16:49:02] INFO - Sipariş oluşturuldu
[12/Sep/2026:16:49:02] ERROR - Ödeme servisi zaman aşımına uğradı
    at com.ornek.servis.OdemeServisi.gonder(OdemeServisi.java:42)
    at com.ornek.controller.SiparisController.olustur(SiparisController.java:17)
    at java.base/java.lang.Thread.run(Thread.java:840)
[12/Sep/2026:16:49:02] WARN - Disk kullanımı %75'i geçti
[12/Sep/2026:16:49:02] INFO - Yeni kullanıcı kaydı tamamlandı
[12/Sep/2026:16:49:02] INFO - Yeni kullanıcı kaydı tamamlandı
[12/Sep/2026:16:49:02] INFO - Sipariş oluşturuldu
[12/Sep/2026:16:49:02] INFO - Yeni kullanıcı kaydı tamamlandı
[12/Sep/2026:16:49:02] INFO - Önbellek (cache) yenilendi
[12/Sep/2026:16:49:02] WARN - Yanıt süresi beklenenden uzun sürdü
[12/Sep/2026:16:49:02] INFO - Yeni kullanıcı kaydı tamamlandı
[12/Sep/2026:16:49:02] WARN - Disk kullanımı %75'i geçti
[12/Sep/2026:16:49:02] WARN - Veritabanı bağlantı havuzu %80 dolulukta
[12/Sep/2026:16:49:02] INFO - Yeni kullanıcı kaydı tamamlandı
[12/Sep/2026:16:49:02] WARN - Disk kullanımı %75'i geçti
[12/Sep/2026:16:49:02] WARN - Disk kullanımı %75'i geçti
[12/Sep/2026:16:49:02] INFO - Yeni kullanıcı kaydı tamamlandı
[12/Sep/2026:16:49:02] WARN - Veritabanı bağlantı havuzu %80 dolulukta
[12/Sep/2026:16:49:02] ERROR - Veritabanına bağlanılamadı
    at com.ornek.servis.OdemeServisi.gonder(OdemeServisi.java:42)
    at com.ornek.controller.SiparisController.olustur(SiparisController.java:17)
    at java.base/java.lang.Thread.run(Thread.java:840)
[12/Sep/2026:16:49:02] ERROR - Beklenmeyen hata oluştu
    at com.ornek.servis.OdemeServisi.gonder(OdemeServisi.java:42)
    at com.ornek.controller.SiparisController.olustur(SiparisController.java:17)
    at java.base/java.lang.Thread.run(Thread.java:840)
[12/Sep/2026:16:49:02] INFO - Yeni kullanıcı kaydı tamamlandı
[12/Sep/2026:16:49:02] INFO - Sipariş oluşturuldu
[12/Sep/2026:16:49:02] INFO - Yeni kullanıcı kaydı tamamlandı
[12/Sep/2026:16:49:02] INFO - Kullanıcı girişi başarılı
[12/Sep/2026:16:49:02] INFO - Kullanıcı girişi başarılı
[12/Sep/2026:16:49:02] ERROR - Kimlik doğrulama servisi yanıt vermedi
    at com.ornek.servis.OdemeServisi.gonder(OdemeServisi.java:42)
    at com.ornek.controller.SiparisController.olustur(SiparisController.java:17)
    at java.base/java.lang.Thread.run(Thread.java:840)
[12/Sep/2026:16:49:02] WARN - Disk kullanımı %75'i geçti
[12/Sep/2026:16:49:02] INFO - Önbellek (cache) yenilendi
[12/Sep/2026:16:49:02] INFO - Önbellek (cache) yenilendi
[12/Sep/2026:16:49:02] INFO - Rapor başarıyla oluşturuldu
[12/Sep/2026:16:49:02] WARN - Üçüncü parti servisten yavaş yanıt alındı
[12/Sep/2026:16:49:02] WARN - Üçüncü parti servisten yavaş yanıt alındı
[12/Sep/2026:16:49:02] WARN - Veritabanı bağlantı havuzu %80 dolulukta
[12/Sep/2026:16:49:02] ERROR - Beklenmeyen hata oluştu
    at com.ornek.servis.OdemeServisi.gonder(OdemeServisi.java:42)
    at com.ornek.controller.SiparisController.olustur(SiparisController.java:17)
    at java.base/java.lang.Thread.run(Thread.java:840)
[12/Sep/2026:16:49:02] INFO - Sipariş oluşturuldu
[12/Sep/2026:16:49:02] INFO - Önbellek (cache) yenilendi
[12/Sep/2026:16:49:02] ERROR - Kimlik doğrulama servisi yanıt vermedi
    at com.ornek.servis.OdemeServisi.gonder(OdemeServisi.java:42)
    at com.ornek.controller.SiparisController.olustur(SiparisController.java:17)
    at java.base/java.lang.Thread.run(Thread.java:840)
[12/Sep/2026:16:49:02] INFO - Önbellek (cache) yenilendi
[12/Sep/2026:16:49:02] WARN - Üçüncü parti servisten yavaş yanıt alındı
[12/Sep/2026:16:49:02] ERROR - Veritabanına bağlanılamadı
    at com.ornek.servis.OdemeServisi.gonder(OdemeServisi.java:42)
    at com.ornek.controller.SiparisController.olustur(SiparisController.java:17)
    at java.base/java.lang.Thread.run(Thread.java:840)
[12/Sep/2026:16:49:02] WARN - Disk kullanımı %75'i geçti
[12/Sep/2026:16:49:02] INFO - Yeni kullanıcı kaydı tamamlandı
[12/Sep/2026:16:49:02] INFO - Rapor başarıyla oluşturuldu
[12/Sep/2026:16:49:02] INFO - Önbellek (cache) yenilendi
[12/Sep/2026:16:49:02] INFO - Rapor başarıyla oluşturuldu
[12/Sep/2026:16:49:02] WARN - Üçüncü parti servisten yavaş yanıt alındı
[12/Sep/2026:16:49:02] ERROR - Veritabanına bağlanılamadı
    at com.ornek.servis.OdemeServisi.gonder(OdemeServisi.java:42)
    at com.ornek.controller.SiparisController.olustur(SiparisController.java:17)
    at java.base/java.lang.Thread.run(Thread.java:840)
[12/Sep/2026:16:49:02] INFO - Rapor başarıyla oluşturuldu
[12/Sep/2026:16:49:02] INFO - Rapor başarıyla oluşturuldu
[12/Sep/2026:16:49:02] INFO - Rapor başarıyla oluşturuldu
[12/Sep/2026:16:49:02] WARN - Veritabanı bağlantı havuzu %80 dolulukta
[12/Sep/2026:16:49:02] INFO - Önbellek (cache) yenilendi
[12/Sep/2026:16:49:02] INFO - Kullanıcı girişi başarılı
[12/Sep/2026:16:49:02] INFO - Kullanıcı girişi başarılı
[12/Sep/2026:16:49:02] INFO - Sipariş oluşturuldu
[12/Sep/2026:16:49:02] INFO - Sipariş oluşturuldu
[12/Sep/2026:16:49:02] INFO - Yeni kullanıcı kaydı tamamlandı
[12/Sep/2026:16:49:02] INFO - Kullanıcı girişi başarılı
[12/Sep/2026:16:49:02] INFO - Yeni kullanıcı kaydı tamamlandı
[12/Sep/2026:16:49:02] INFO - Rapor başarıyla oluşturuldu
[12/Sep/2026:16:49:02] INFO - Yeni kullanıcı kaydı tamamlandı
[12/Sep/2026:16:49:02] INFO - Sipariş oluşturuldu
[12/Sep/2026:16:49:02] INFO - Kullanıcı girişi başarılı
[12/Sep/2026:16:49:02] INFO - Kullanıcı girişi başarılı
[12/Sep/2026:16:49:02] INFO - Yeni kullanıcı kaydı tamamlandı
[12/Sep/2026:16:49:02] INFO - Rapor başarıyla oluşturuldu
[12/Sep/2026:16:49:02] WARN - Disk kullanımı %75'i geçti
[12/Sep/2026:16:49:02] INFO - Önbellek (cache) yenilendi
[12/Sep/2026:16:49:02] WARN - Disk kullanımı %75'i geçti
[12/Sep/2026:16:49:02] INFO - Rapor başarıyla oluşturuldu
[12/Sep/2026:16:49:02] WARN - Üçüncü parti servisten yavaş yanıt alındı
[12/Sep/2026:16:49:02] WARN - Disk kullanımı %75'i geçti
[12/Sep/2026:16:49:02] ERROR - Ödeme servisi zaman aşımına uğradı
    at com.ornek.servis.OdemeServisi.gonder(OdemeServisi.java:42)
    at com.ornek.controller.SiparisController.olustur(SiparisController.java:17)
    at java.base/java.lang.Thread.run(Thread.java:840)
[12/Sep/2026:16:49:02] WARN - Disk kullanımı %75'i geçti
[12/Sep/2026:16:49:02] INFO - Yeni kullanıcı kaydı tamamlandı
[12/Sep/2026:16:49:02] INFO - Kullanıcı girişi başarılı
[12/Sep/2026:16:49:02] WARN - Disk kullanımı %75'i geçti
[12/Sep/2026:16:49:02] INFO - Yeni kullanıcı kaydı tamamlandı
[12/Sep/2026:16:49:02] INFO - Rapor başarıyla oluşturuldu
[12/Sep/2026:16:49:02] ERROR - Kimlik doğrulama servisi yanıt vermedi
    at com.ornek.servis.OdemeServisi.gonder(OdemeServisi.java:42)
    at com.ornek.controller.SiparisController.olustur(SiparisController.java:17)
    at java.base/java.lang.Thread.run(Thread.java:840)
[12/Sep/2026:16:49:02] INFO - Kullanıcı girişi başarılı
[12/Sep/2026:16:49:02] INFO - Sipariş oluşturuldu
[12/Sep/2026:16:49:02] WARN - Disk kullanımı %75'i geçti
[12/Sep/2026:16:49:02] INFO - Yeni kullanıcı kaydı tamamlandı
[12/Sep/2026:16:49:02] INFO - Sipariş oluşturuldu
[12/Sep/2026:16:49:02] ERROR - Beklenmeyen hata oluştu
    at com.ornek.servis.OdemeServisi.gonder(OdemeServisi.java:42)
    at com.ornek.controller.SiparisController.olustur(SiparisController.java:17)
    at java.base/java.lang.Thread.run(Thread.java:840)
[12/Sep/2026:16:49:02] INFO - Önbellek (cache) yenilendi
[12/Sep/2026:16:49:02] INFO - Sipariş oluşturuldu
[12/Sep/2026:16:49:02] ERROR - Ödeme servisi zaman aşımına uğradı
    at com.ornek.servis.OdemeServisi.gonder(OdemeServisi.java:42)
    at com.ornek.controller.SiparisController.olustur(SiparisController.java:17)
    at java.base/java.lang.Thread.run(Thread.java:840)
[12/Sep/2026:16:49:02] WARN - Veritabanı bağlantı havuzu %80 dolulukta
[12/Sep/2026:16:49:02] INFO - Önbellek (cache) yenilendi
[12/Sep/2026:16:49:02] ERROR - Kimlik doğrulama servisi yanıt vermedi
    at com.ornek.servis.OdemeServisi.gonder(OdemeServisi.java:42)
    at com.ornek.controller.SiparisController.olustur(SiparisController.java:17)
    at java.base/java.lang.Thread.run(Thread.java:840)
[12/Sep/2026:16:49:02] WARN - Veritabanı bağlantı havuzu %80 dolulukta
[12/Sep/2026:16:49:02] ERROR - Beklenmeyen hata oluştu
    at com.ornek.servis.OdemeServisi.gonder(OdemeServisi.java:42)
    at com.ornek.controller.SiparisController.olustur(SiparisController.java:17)
    at java.base/java.lang.Thread.run(Thread.java:840)
[12/Sep/2026:16:49:02] ERROR - Ödeme servisi zaman aşımına uğradı
    at com.ornek.servis.OdemeServisi.gonder(OdemeServisi.java:42)
    at com.ornek.controller.SiparisController.olustur(SiparisController.java:17)
    at java.base/java.lang.Thread.run(Thread.java:840)
[12/Sep/2026:16:49:02] WARN - Üçüncü parti servisten yavaş yanıt alındı
[12/Sep/2026:16:49:02] INFO - Sipariş oluşturuldu
[12/Sep/2026:16:49:02] ERROR - Kimlik doğrulama servisi yanıt vermedi
    at com.ornek.servis.OdemeServisi.gonder(OdemeServisi.java:42)
    at com.ornek.controller.SiparisController.olustur(SiparisController.java:17)
    at java.base/java.lang.Thread.run(Thread.java:840)
[12/Sep/2026:16:49:02] INFO - Kullanıcı girişi başarılı
[12/Sep/2026:16:49:02] INFO - Yeni kullanıcı kaydı tamamlandı
[12/Sep/2026:16:49:02] INFO - Sipariş oluşturuldu
[12/Sep/2026:16:49:02] WARN - Veritabanı bağlantı havuzu %80 dolulukta
[12/Sep/2026:16:49:02] INFO - Rapor başarıyla oluşturuldu
[12/Sep/2026:16:49:02] INFO - Rapor başarıyla oluşturuldu
[12/Sep/2026:16:49:02] WARN - Üçüncü parti servisten yavaş yanıt alındı
[12/Sep/2026:16:49:02] ERROR - Ödeme servisi zaman aşımına uğradı
    at com.ornek.servis.OdemeServisi.gonder(OdemeServisi.java:42)
    at com.ornek.controller.SiparisController.olustur(SiparisController.java:17)
    at java.base/java.lang.Thread.run(Thread.java:840)
[12/Sep/2026:16:49:02] INFO - Önbellek (cache) yenilendi
[12/Sep/2026:16:49:02] WARN - Yanıt süresi beklenenden uzun sürdü
[12/Sep/2026:16:49:02] INFO - Önbellek (cache) yenilendi
[12/Sep/2026:16:49:02] INFO - Sipariş oluşturuldu
[12/Sep/2026:16:49:02] WARN - Disk kullanımı %75'i geçti
[12/Sep/2026:16:49:02] ERROR - Kimlik doğrulama servisi yanıt vermedi
    at com.ornek.servis.OdemeServisi.gonder(OdemeServisi.java:42)
    at com.ornek.controller.SiparisController.olustur(SiparisController.java:17)
    at java.base/java.lang.Thread.run(Thread.java:840)
[12/Sep/2026:16:49:02] INFO - Önbellek (cache) yenilendi
[12/Sep/2026:16:49:02] WARN - Disk kullanımı %75'i geçti
[12/Sep/2026:16:49:02] INFO - Rapor başarıyla oluşturuldu
[12/Sep/2026:16:49:02] INFO - Önbellek (cache) yenilendi
[12/Sep/2026:16:49:02] WARN - Veritabanı bağlantı havuzu %80 dolulukta
[12/Sep/2026:16:49:02] INFO - Yeni kullanıcı kaydı tamamlandı
[12/Sep/2026:16:49:02] INFO - Önbellek (cache) yenilendi
[12/Sep/2026:16:49:02] INFO - Kullanıcı girişi başarılı
[12/Sep/2026:16:49:02] INFO - Rapor başarıyla oluşturuldu
[12/Sep/2026:16:49:02] INFO - Önbellek (cache) yenilendi
[12/Sep/2026:16:49:02] INFO - Rapor başarıyla oluşturuldu
[12/Sep/2026:16:49:02] INFO - Önbellek (cache) yenilendi
[12/Sep/2026:16:49:02] INFO - Sipariş oluşturuldu
[12/Sep/2026:16:49:02] WARN - Veritabanı bağlantı havuzu %80 dolulukta
[12/Sep/2026:16:49:02] INFO - Sipariş oluşturuldu
[12/Sep/2026:16:49:02] INFO - Yeni kullanıcı kaydı tamamlandı
[12/Sep/2026:16:49:02] INFO - Kullanıcı girişi başarılı
[12/Sep/2026:16:49:02] INFO - Sipariş oluşturuldu
[12/Sep/2026:16:49:02] INFO - Kullanıcı girişi başarılı
[12/Sep/2026:16:49:02] ERROR - Kimlik doğrulama servisi yanıt vermedi
    at com.ornek.servis.OdemeServisi.gonder(OdemeServisi.java:42)
    at com.ornek.controller.SiparisController.olustur(SiparisController.java:17)
    at java.base/java.lang.Thread.run(Thread.java:840)
[12/Sep/2026:16:49:02] INFO - Yeni kullanıcı kaydı tamamlandı
[12/Sep/2026:16:49:02] ERROR - Veritabanına bağlanılamadı
    at com.ornek.servis.OdemeServisi.gonder(OdemeServisi.java:42)
    at com.ornek.controller.SiparisController.olustur(SiparisController.java:17)
    at java.base/java.lang.Thread.run(Thread.java:840)
[12/Sep/2026:16:49:02] INFO - Kullanıcı girişi başarılı
[12/Sep/2026:16:49:02] INFO - Önbellek (cache) yenilendi
[12/Sep/2026:16:49:02] INFO - Önbellek (cache) yenilendi
[12/Sep/2026:16:49:02] ERROR - Ödeme servisi zaman aşımına uğradı
    at com.ornek.servis.OdemeServisi.gonder(OdemeServisi.java:42)
    at com.ornek.controller.SiparisController.olustur(SiparisController.java:17)
    at java.base/java.lang.Thread.run(Thread.java:840)
[12/Sep/2026:16:49:02] INFO - Önbellek (cache) yenilendi
[12/Sep/2026:16:49:02] INFO - Yeni kullanıcı kaydı tamamlandı
[12/Sep/2026:16:49:02] INFO - Kullanıcı girişi başarılı
[12/Sep/2026:16:49:02] ERROR - Veritabanına bağlanılamadı
    at com.ornek.servis.OdemeServisi.gonder(OdemeServisi.java:42)
    at com.ornek.controller.SiparisController.olustur(SiparisController.java:17)
    at java.base/java.lang.Thread.run(Thread.java:840)
[12/Sep/2026:16:49:02] WARN - Üçüncü parti servisten yavaş yanıt alındı
[12/Sep/2026:16:49:02] ERROR - Ödeme servisi zaman aşımına uğradı
    at com.ornek.servis.OdemeServisi.gonder(OdemeServisi.java:42)
    at com.ornek.controller.SiparisController.olustur(SiparisController.java:17)
    at java.base/java.lang.Thread.run(Thread.java:840)
[12/Sep/2026:16:49:02] WARN - Disk kullanımı %75'i geçti
[12/Sep/2026:16:49:02] INFO - Kullanıcı girişi başarılı
[12/Sep/2026:16:49:02] INFO - Sipariş oluşturuldu
[12/Sep/2026:16:49:02] INFO - Kullanıcı girişi başarılı
[12/Sep/2026:16:49:02] INFO - Rapor başarıyla oluşturuldu
[12/Sep/2026:16:49:02] ERROR - Veritabanına bağlanılamadı
    at com.ornek.servis.OdemeServisi.gonder(OdemeServisi.java:42)
    at com.ornek.controller.SiparisController.olustur(SiparisController.java:17)
    at java.base/java.lang.Thread.run(Thread.java:840)
[12/Sep/2026:16:49:02] WARN - Üçüncü parti servisten yavaş yanıt alındı
[12/Sep/2026:16:49:02] ERROR - Beklenmeyen hata oluştu
    at com.ornek.servis.OdemeServisi.gonder(OdemeServisi.java:42)
    at com.ornek.controller.SiparisController.olustur(SiparisController.java:17)
    at java.base/java.lang.Thread.run(Thread.java:840)
[12/Sep/2026:16:49:02] WARN - Disk kullanımı %75'i geçti
[12/Sep/2026:16:49:02] WARN - Veritabanı bağlantı havuzu %80 dolulukta
[12/Sep/2026:16:49:02] INFO - Önbellek (cache) yenilendi
[12/Sep/2026:16:49:02] WARN - Disk kullanımı %75'i geçti
[12/Sep/2026:16:49:02] INFO - Sipariş oluşturuldu
[12/Sep/2026:16:49:02] INFO - Rapor başarıyla oluşturuldu
[12/Sep/2026:16:49:02] INFO - Sipariş oluşturuldu
[12/Sep/2026:16:49:02] INFO - Kullanıcı girişi başarılı
[12/Sep/2026:16:49:02] INFO - Kullanıcı girişi başarılı
[12/Sep/2026:16:49:02] WARN - Üçüncü parti servisten yavaş yanıt alındı
[12/Sep/2026:16:49:02] INFO - Yeni kullanıcı kaydı tamamlandı
[12/Sep/2026:16:49:02] INFO - Kullanıcı girişi başarılı
[12/Sep/2026:16:49:02] INFO - Kullanıcı girişi başarılı
[12/Sep/2026:16:49:02] INFO - Önbellek (cache) yenilendi
[12/Sep/2026:16:49:02] INFO - Sipariş oluşturuldu
[12/Sep/2026:16:49:02] INFO - Yeni kullanıcı kaydı tamamlandı
[12/Sep/2026:16:49:02] WARN - Üçüncü parti servisten yavaş yanıt alındı
[12/Sep/2026:16:49:02] WARN - Veritabanı bağlantı havuzu %80 dolulukta
[12/Sep/2026:16:49:02] INFO - Önbellek (cache) yenilendi
[12/Sep/2026:16:49:02] INFO - Rapor başarıyla oluşturuldu
[12/Sep/2026:16:49:02] INFO - Rapor başarıyla oluşturuldu
[12/Sep/2026:16:49:02] INFO - Rapor başarıyla oluşturuldu
[12/Sep/2026:16:49:02] INFO - Önbellek (cache) yenilendi
[12/Sep/2026:16:49:02] WARN - Yanıt süresi beklenenden uzun sürdü
[12/Sep/2026:16:49:02] INFO - Rapor başarıyla oluşturuldu
[12/Sep/2026:16:49:02] WARN - Üçüncü parti servisten yavaş yanıt alındı
[12/Sep/2026:16:49:02] WARN - Yanıt süresi beklenenden uzun sürdü
[12/Sep/2026:16:49:02] WARN - Üçüncü parti servisten yavaş yanıt alındı
[12/Sep/2026:16:49:02] INFO - Önbellek (cache) yenilendi
[12/Sep/2026:16:49:02] ERROR - Stok güncellenirken hata oluştu
    at com.ornek.servis.OdemeServisi.gonder(OdemeServisi.java:42)
    at com.ornek.controller.SiparisController.olustur(SiparisController.java:17)
    at java.base/java.lang.Thread.run(Thread.java:840)
[12/Sep/2026:16:49:02] INFO - Sipariş oluşturuldu
[12/Sep/2026:16:49:02] INFO - Önbellek (cache) yenilendi
[12/Sep/2026:16:49:02] ERROR - Beklenmeyen hata oluştu
    at com.ornek.servis.OdemeServisi.gonder(OdemeServisi.java:42)
    at com.ornek.controller.SiparisController.olustur(SiparisController.java:17)
    at java.base/java.lang.Thread.run(Thread.java:840)
[12/Sep/2026:16:49:02] INFO - Önbellek (cache) yenilendi
[12/Sep/2026:16:49:02] INFO - Rapor başarıyla oluşturuldu
[12/Sep/2026:16:49:02] INFO - Kullanıcı girişi başarılı
[12/Sep/2026:16:49:02] WARN - Üçüncü parti servisten yavaş yanıt alındı
[12/Sep/2026:16:49:02] WARN - Yanıt süresi beklenenden uzun sürdü
[12/Sep/2026:16:49:02] INFO - Önbellek (cache) yenilendi
[12/Sep/2026:16:49:02] INFO - Kullanıcı girişi başarılı
[12/Sep/2026:16:49:02] INFO - Kullanıcı girişi başarılı
[12/Sep/2026:16:49:02] WARN - Veritabanı bağlantı havuzu %80 dolulukta
[12/Sep/2026:16:49:02] INFO - Yeni kullanıcı kaydı tamamlandı
[12/Sep/2026:16:49:02] INFO - Rapor başarıyla oluşturuldu
[12/Sep/2026:16:49:02] INFO - Sipariş oluşturuldu
[12/Sep/2026:16:49:02] INFO - Rapor başarıyla oluşturuldu
[12/Sep/2026:16:49:02] INFO - Sipariş oluşturuldu
[12/Sep/2026:16:49:02] INFO - Önbellek (cache) yenilendi
[12/Sep/2026:16:49:02] WARN - Disk kullanımı %75'i geçti
[12/Sep/2026:16:49:02] INFO - Yeni kullanıcı kaydı tamamlandı
[12/Sep/2026:16:49:02] WARN - Veritabanı bağlantı havuzu %80 dolulukta
[12/Sep/2026:16:49:02] INFO - Rapor başarıyla oluşturuldu
[12/Sep/2026:16:49:02] INFO - Sipariş oluşturuldu
[12/Sep/2026:16:50:01] WARN - Üçüncü parti servisten yavaş yanıt alındı
[12/Sep/2026:16:50:01] INFO - Kullanıcı girişi başarılı
[12/Sep/2026:16:50:01] INFO - Sipariş oluşturuldu
[12/Sep/2026:16:50:01] INFO - Yeni kullanıcı kaydı tamamlandı
[12/Sep/2026:16:50:01] INFO - Rapor başarıyla oluşturuldu
[12/Sep/2026:16:50:01] INFO - Sipariş oluşturuldu
[12/Sep/2026:16:50:01] WARN - Üçüncü parti servisten yavaş yanıt alındı
[12/Sep/2026:16:50:01] INFO - Rapor başarıyla oluşturuldu
[12/Sep/2026:16:50:01] INFO - Rapor başarıyla oluşturuldu
[12/Sep/2026:16:50:01] ERROR - Kimlik doğrulama servisi yanıt vermedi
    at com.ornek.servis.OdemeServisi.gonder(OdemeServisi.java:42)
    at com.ornek.controller.SiparisController.olustur(SiparisController.java:17)
    at java.base/java.lang.Thread.run(Thread.java:840)
[12/Sep/2026:16:50:01] INFO - Rapor başarıyla oluşturuldu
[12/Sep/2026:16:50:01] INFO - Kullanıcı girişi başarılı
[12/Sep/2026:16:50:01] INFO - Rapor başarıyla oluşturuldu
[12/Sep/2026:16:50:01] WARN - Veritabanı bağlantı havuzu %80 dolulukta
[12/Sep/2026:16:50:01] INFO - Yeni kullanıcı kaydı tamamlandı
[12/Sep/2026:16:50:01] INFO - Rapor başarıyla oluşturuldu
[12/Sep/2026:16:50:01] ERROR - Kimlik doğrulama servisi yanıt vermedi
    at com.ornek.servis.OdemeServisi.gonder(OdemeServisi.java:42)
    at com.ornek.controller.SiparisController.olustur(SiparisController.java:17)
    at java.base/java.lang.Thread.run(Thread.java:840)
[12/Sep/2026:16:50:01] ERROR - Veritabanına bağlanılamadı
    at com.ornek.servis.OdemeServisi.gonder(OdemeServisi.java:42)
    at com.ornek.controller.SiparisController.olustur(SiparisController.java:17)
    at java.base/java.lang.Thread.run(Thread.java:840)
[12/Sep/2026:16:50:01] WARN - Veritabanı bağlantı havuzu %80 dolulukta
[12/Sep/2026:16:50:01] INFO - Önbellek (cache) yenilendi
[12/Sep/2026:16:50:01] ERROR - Beklenmeyen hata oluştu
    at com.ornek.servis.OdemeServisi.gonder(OdemeServisi.java:42)
    at com.ornek.controller.SiparisController.olustur(SiparisController.java:17)
    at java.base/java.lang.Thread.run(Thread.java:840)
[12/Sep/2026:16:50:01] INFO - Rapor başarıyla oluşturuldu
[12/Sep/2026:16:50:01] ERROR - Veritabanına bağlanılamadı
    at com.ornek.servis.OdemeServisi.gonder(OdemeServisi.java:42)
    at com.ornek.controller.SiparisController.olustur(SiparisController.java:17)
    at java.base/java.lang.Thread.run(Thread.java:840)
[12/Sep/2026:16:50:01] INFO - Yeni kullanıcı kaydı tamamlandı
[12/Sep/2026:16:50:01] INFO - Önbellek (cache) yenilendi
[12/Sep/2026:16:50:01] INFO - Rapor başarıyla oluşturuldu
[12/Sep/2026:16:50:01] INFO - Kullanıcı girişi başarılı
[12/Sep/2026:16:50:01] INFO - Yeni kullanıcı kaydı tamamlandı
[12/Sep/2026:16:50:01] INFO - Sipariş oluşturuldu
[12/Sep/2026:16:50:01] INFO - Yeni kullanıcı kaydı tamamlandı
[12/Sep/2026:16:50:01] INFO - Kullanıcı girişi başarılı
[12/Sep/2026:16:50:01] INFO - Rapor başarıyla oluşturuldu
[12/Sep/2026:16:50:01] WARN - Üçüncü parti servisten yavaş yanıt alındı
[12/Sep/2026:16:50:01] INFO - Önbellek (cache) yenilendi
[12/Sep/2026:16:50:01] INFO - Önbellek (cache) yenilendi
[12/Sep/2026:16:50:01] INFO - Kullanıcı girişi başarılı
[12/Sep/2026:16:50:01] INFO - Sipariş oluşturuldu
[12/Sep/2026:16:50:01] WARN - Veritabanı bağlantı havuzu %80 dolulukta
[12/Sep/2026:16:50:01] INFO - Rapor başarıyla oluşturuldu
[12/Sep/2026:16:50:01] INFO - Sipariş oluşturuldu
[12/Sep/2026:16:50:01] WARN - Üçüncü parti servisten yavaş yanıt alındı
[12/Sep/2026:16:50:01] INFO - Rapor başarıyla oluşturuldu
[12/Sep/2026:16:50:01] INFO - Yeni kullanıcı kaydı tamamlandı
[12/Sep/2026:16:50:01] INFO - Önbellek (cache) yenilendi
[12/Sep/2026:16:50:01] WARN - Üçüncü parti servisten yavaş yanıt alındı
[12/Sep/2026:16:50:01] INFO - Önbellek (cache) yenilendi
[12/Sep/2026:16:50:01] WARN - Veritabanı bağlantı havuzu %80 dolulukta
[12/Sep/2026:16:50:01] WARN - Yanıt süresi beklenenden uzun sürdü
[12/Sep/2026:16:50:01] INFO - Yeni kullanıcı kaydı tamamlandı
[12/Sep/2026:16:50:01] WARN - Yanıt süresi beklenenden uzun sürdü
[12/Sep/2026:16:50:01] INFO - Yeni kullanıcı kaydı tamamlandı
[12/Sep/2026:16:50:01] INFO - Rapor başarıyla oluşturuldu
[12/Sep/2026:16:50:01] INFO - Yeni kullanıcı kaydı tamamlandı
[12/Sep/2026:16:50:01] INFO - Kullanıcı girişi başarılı
[12/Sep/2026:16:50:01] INFO - Sipariş oluşturuldu
[12/Sep/2026:16:50:01] ERROR - Kimlik doğrulama servisi yanıt vermedi
    at com.ornek.servis.OdemeServisi.gonder(OdemeServisi.java:42)
    at com.ornek.controller.SiparisController.olustur(SiparisController.java:17)
    at java.base/java.lang.Thread.run(Thread.java:840)
[12/Sep/2026:16:50:01] INFO - Rapor başarıyla oluşturuldu
[12/Sep/2026:16:50:01] INFO - Önbellek (cache) yenilendi
[12/Sep/2026:16:50:01] INFO - Sipariş oluşturuldu
[12/Sep/2026:16:50:01] INFO - Rapor başarıyla oluşturuldu
[12/Sep/2026:16:50:01] INFO - Sipariş oluşturuldu
[12/Sep/2026:16:50:01] ERROR - Ödeme servisi zaman aşımına uğradı
    at com.ornek.servis.OdemeServisi.gonder(OdemeServisi.java:42)
    at com.ornek.controller.SiparisController.olustur(SiparisController.java:17)
    at java.base/java.lang.Thread.run(Thread.java:840)
[12/Sep/2026:16:50:01] INFO - Kullanıcı girişi başarılı
[12/Sep/2026:16:50:01] INFO - Yeni kullanıcı kaydı tamamlandı
[12/Sep/2026:16:50:01] INFO - Rapor başarıyla oluşturuldu
[12/Sep/2026:16:50:01] WARN - Yanıt süresi beklenenden uzun sürdü
[12/Sep/2026:16:50:01] INFO - Rapor başarıyla oluşturuldu
[12/Sep/2026:16:50:01] INFO - Yeni kullanıcı kaydı tamamlandı
[12/Sep/2026:16:50:01] INFO - Önbellek (cache) yenilendi
[12/Sep/2026:16:50:01] INFO - Rapor başarıyla oluşturuldu
[12/Sep/2026:16:50:01] INFO - Kullanıcı girişi başarılı
[12/Sep/2026:16:50:01] INFO - Kullanıcı girişi başarılı
[12/Sep/2026:16:50:01] INFO - Yeni kullanıcı kaydı tamamlandı
[12/Sep/2026:16:50:01] WARN - Disk kullanımı %75'i geçti
[12/Sep/2026:16:50:01] INFO - Kullanıcı girişi başarılı
[12/Sep/2026:16:50:01] INFO - Sipariş oluşturuldu
[12/Sep/2026:16:50:01] INFO - Rapor başarıyla oluşturuldu
[12/Sep/2026:16:50:01] WARN - Yanıt süresi beklenenden uzun sürdü
[12/Sep/2026:16:50:01] INFO - Kullanıcı girişi başarılı
[12/Sep/2026:16:50:01] INFO - Kullanıcı girişi başarılı
[12/Sep/2026:16:50:01] INFO - Rapor başarıyla oluşturuldu
[12/Sep/2026:16:50:01] ERROR - Kimlik doğrulama servisi yanıt vermedi
    at com.ornek.servis.OdemeServisi.gonder(OdemeServisi.java:42)
    at com.ornek.controller.SiparisController.olustur(SiparisController.java:17)
    at java.base/java.lang.Thread.run(Thread.java:840)
[12/Sep/2026:16:50:01] WARN - Disk kullanımı %75'i geçti
[12/Sep/2026:16:50:01] INFO - Sipariş oluşturuldu
[12/Sep/2026:16:50:01] WARN - Veritabanı bağlantı havuzu %80 dolulukta
[12/Sep/2026:16:50:01] INFO - Önbellek (cache) yenilendi
[12/Sep/2026:16:50:01] ERROR - Stok güncellenirken hata oluştu
    at com.ornek.servis.OdemeServisi.gonder(OdemeServisi.java:42)
    at com.ornek.controller.SiparisController.olustur(SiparisController.java:17)
    at java.base/java.lang.Thread.run(Thread.java:840)
[12/Sep/2026:16:50:01] INFO - Rapor başarıyla oluşturuldu
[12/Sep/2026:16:50:01] INFO - Yeni kullanıcı kaydı tamamlandı
[12/Sep/2026:16:50:01] INFO - Önbellek (cache) yenilendi
[12/Sep/2026:16:50:01] ERROR - Stok güncellenirken hata oluştu
    at com.ornek.servis.OdemeServisi.gonder(OdemeServisi.java:42)
    at com.ornek.controller.SiparisController.olustur(SiparisController.java:17)
    at java.base/java.lang.Thread.run(Thread.java:840)
[12/Sep/2026:16:50:01] WARN - Üçüncü parti servisten yavaş yanıt alındı
[12/Sep/2026:16:50:01] INFO - Rapor başarıyla oluşturuldu
[12/Sep/2026:16:50:01] INFO - Sipariş oluşturuldu
[12/Sep/2026:16:50:01] ERROR - Stok güncellenirken hata oluştu
    at com.ornek.servis.OdemeServisi.gonder(OdemeServisi.java:42)
    at com.ornek.controller.SiparisController.olustur(SiparisController.java:17)
    at java.base/java.lang.Thread.run(Thread.java:840)
[12/Sep/2026:16:50:01] ERROR - Veritabanına bağlanılamadı
    at com.ornek.servis.OdemeServisi.gonder(OdemeServisi.java:42)
    at com.ornek.controller.SiparisController.olustur(SiparisController.java:17)
    at java.base/java.lang.Thread.run(Thread.java:840)
[12/Sep/2026:16:50:01] INFO - Önbellek (cache) yenilendi
[12/Sep/2026:16:50:01] INFO - Sipariş oluşturuldu
[12/Sep/2026:16:50:01] WARN - Üçüncü parti servisten yavaş yanıt alındı
[12/Sep/2026:16:50:01] INFO - Önbellek (cache) yenilendi
[12/Sep/2026:16:50:01] WARN - Veritabanı bağlantı havuzu %80 dolulukta
[12/Sep/2026:16:50:01] INFO - Yeni kullanıcı kaydı tamamlandı
[12/Sep/2026:16:50:01] WARN - Üçüncü parti servisten yavaş yanıt alındı
[12/Sep/2026:16:50:01] INFO - Kullanıcı girişi başarılı
[12/Sep/2026:16:50:01] INFO - Rapor başarıyla oluşturuldu
[12/Sep/2026:16:50:01] WARN - Yanıt süresi beklenenden uzun sürdü
[12/Sep/2026:16:50:01] INFO - Önbellek (cache) yenilendi
[12/Sep/2026:16:50:01] INFO - Önbellek (cache) yenilendi
[12/Sep/2026:16:50:01] INFO - Önbellek (cache) yenilendi
[12/Sep/2026:16:50:01] INFO - Önbellek (cache) yenilendi
[12/Sep/2026:16:50:01] INFO - Yeni kullanıcı kaydı tamamlandı
[12/Sep/2026:16:50:01] WARN - Disk kullanımı %75'i geçti
[12/Sep/2026:16:50:01] ERROR - Veritabanına bağlanılamadı
    at com.ornek.servis.OdemeServisi.gonder(OdemeServisi.java:42)
    at com.ornek.controller.SiparisController.olustur(SiparisController.java:17)
    at java.base/java.lang.Thread.run(Thread.java:840)
[12/Sep/2026:16:50:01] INFO - Sipariş oluşturuldu
[12/Sep/2026:16:50:01] INFO - Rapor başarıyla oluşturuldu
[12/Sep/2026:16:50:01] INFO - Önbellek (cache) yenilendi
[12/Sep/2026:16:50:01] WARN - Yanıt süresi beklenenden uzun sürdü
[12/Sep/2026:16:50:01] INFO - Rapor başarıyla oluşturuldu
[12/Sep/2026:16:50:01] INFO - Sipariş oluşturuldu
[12/Sep/2026:16:50:01] INFO - Sipariş oluşturuldu
[12/Sep/2026:16:50:01] WARN - Veritabanı bağlantı havuzu %80 dolulukta
[12/Sep/2026:16:50:01] INFO - Sipariş oluşturuldu
[12/Sep/2026:16:50:01] INFO - Rapor başarıyla oluşturuldu
[12/Sep/2026:16:50:01] INFO - Rapor başarıyla oluşturuldu
[12/Sep/2026:16:50:01] INFO - Sipariş oluşturuldu
[12/Sep/2026:16:50:01] INFO - Önbellek (cache) yenilendi
[12/Sep/2026:16:50:01] WARN - Veritabanı bağlantı havuzu %80 dolulukta
[12/Sep/2026:16:50:01] WARN - Veritabanı bağlantı havuzu %80 dolulukta
[12/Sep/2026:16:50:01] ERROR - Veritabanına bağlanılamadı
    at com.ornek.servis.OdemeServisi.gonder(OdemeServisi.java:42)
    at com.ornek.controller.SiparisController.olustur(SiparisController.java:17)
    at java.base/java.lang.Thread.run(Thread.java:840)
[12/Sep/2026:16:50:01] INFO - Yeni kullanıcı kaydı tamamlandı
[12/Sep/2026:16:50:01] ERROR - Ödeme servisi zaman aşımına uğradı
    at com.ornek.servis.OdemeServisi.gonder(OdemeServisi.java:42)
    at com.ornek.controller.SiparisController.olustur(SiparisController.java:17)
    at java.base/java.lang.Thread.run(Thread.java:840)
[12/Sep/2026:16:50:01] ERROR - Beklenmeyen hata oluştu
    at com.ornek.servis.OdemeServisi.gonder(OdemeServisi.java:42)
    at com.ornek.controller.SiparisController.olustur(SiparisController.java:17)
    at java.base/java.lang.Thread.run(Thread.java:840)
[12/Sep/2026:16:50:01] INFO - Kullanıcı girişi başarılı
[12/Sep/2026:16:50:01] INFO - Rapor başarıyla oluşturuldu
[12/Sep/2026:16:50:01] INFO - Kullanıcı girişi başarılı
[12/Sep/2026:16:50:01] INFO - Yeni kullanıcı kaydı tamamlandı
[12/Sep/2026:16:50:01] INFO - Kullanıcı girişi başarılı
[12/Sep/2026:16:50:01] INFO - Yeni kullanıcı kaydı tamamlandı
[12/Sep/2026:16:50:01] INFO - Kullanıcı girişi başarılı
[12/Sep/2026:16:50:01] INFO - Rapor başarıyla oluşturuldu
[12/Sep/2026:16:50:01] INFO - Kullanıcı girişi başarılı
[12/Sep/2026:16:50:01] ERROR - Ödeme servisi zaman aşımına uğradı
    at com.ornek.servis.OdemeServisi.gonder(OdemeServisi.java:42)
    at com.ornek.controller.SiparisController.olustur(SiparisController.java:17)
    at java.base/java.lang.Thread.run(Thread.java:840)
[12/Sep/2026:16:50:01] WARN - Veritabanı bağlantı havuzu %80 dolulukta
[12/Sep/2026:16:50:01] INFO - Önbellek (cache) yenilendi
[12/Sep/2026:16:50:01] ERROR - Beklenmeyen hata oluştu
    at com.ornek.servis.OdemeServisi.gonder(OdemeServisi.java:42)
    at com.ornek.controller.SiparisController.olustur(SiparisController.java:17)
    at java.base/java.lang.Thread.run(Thread.java:840)
[12/Sep/2026:16:50:01] INFO - Kullanıcı girişi başarılı
[12/Sep/2026:16:50:01] INFO - Önbellek (cache) yenilendi
[12/Sep/2026:16:50:01] INFO - Sipariş oluşturuldu
[12/Sep/2026:16:50:01] ERROR - Kimlik doğrulama servisi yanıt vermedi
    at com.ornek.servis.OdemeServisi.gonder(OdemeServisi.java:42)
    at com.ornek.controller.SiparisController.olustur(SiparisController.java:17)
    at java.base/java.lang.Thread.run(Thread.java:840)
[12/Sep/2026:16:50:01] INFO - Rapor başarıyla oluşturuldu
[12/Sep/2026:16:50:01] INFO - Rapor başarıyla oluşturuldu
[12/Sep/2026:16:50:01] WARN - Yanıt süresi beklenenden uzun sürdü
[12/Sep/2026:16:50:01] WARN - Disk kullanımı %75'i geçti
[12/Sep/2026:16:50:01] INFO - Önbellek (cache) yenilendi
[12/Sep/2026:16:50:01] INFO - Önbellek (cache) yenilendi
[12/Sep/2026:16:50:01] INFO - Kullanıcı girişi başarılı
[12/Sep/2026:16:50:01] INFO - Yeni kullanıcı kaydı tamamlandı
[12/Sep/2026:16:50:01] WARN - Veritabanı bağlantı havuzu %80 dolulukta
[12/Sep/2026:16:50:01] WARN - Yanıt süresi beklenenden uzun sürdü
[12/Sep/2026:16:50:01] INFO - Yeni kullanıcı kaydı tamamlandı
[12/Sep/2026:16:50:01] ERROR - Stok güncellenirken hata oluştu
    at com.ornek.servis.OdemeServisi.gonder(OdemeServisi.java:42)
    at com.ornek.controller.SiparisController.olustur(SiparisController.java:17)
    at java.base/java.lang.Thread.run(Thread.java:840)
[12/Sep/2026:16:50:01] INFO - Yeni kullanıcı kaydı tamamlandı
[12/Sep/2026:16:50:01] INFO - Yeni kullanıcı kaydı tamamlandı
[12/Sep/2026:16:50:01] INFO - Yeni kullanıcı kaydı tamamlandı
[12/Sep/2026:16:50:01] ERROR - Ödeme servisi zaman aşımına uğradı
    at com.ornek.servis.OdemeServisi.gonder(OdemeServisi.java:42)
    at com.ornek.controller.SiparisController.olustur(SiparisController.java:17)
    at java.base/java.lang.Thread.run(Thread.java:840)
[12/Sep/2026:16:50:01] WARN - Üçüncü parti servisten yavaş yanıt alındı
[12/Sep/2026:16:50:01] ERROR - Kimlik doğrulama servisi yanıt vermedi
    at com.ornek.servis.OdemeServisi.gonder(OdemeServisi.java:42)
    at com.ornek.controller.SiparisController.olustur(SiparisController.java:17)
    at java.base/java.lang.Thread.run(Thread.java:840)
[12/Sep/2026:16:50:01] ERROR - Kimlik doğrulama servisi yanıt vermedi
    at com.ornek.servis.OdemeServisi.gonder(OdemeServisi.java:42)
    at com.ornek.controller.SiparisController.olustur(SiparisController.java:17)
    at java.base/java.lang.Thread.run(Thread.java:840)
[12/Sep/2026:16:50:01] ERROR - Stok güncellenirken hata oluştu
    at com.ornek.servis.OdemeServisi.gonder(OdemeServisi.java:42)
    at com.ornek.controller.SiparisController.olustur(SiparisController.java:17)
    at java.base/java.lang.Thread.run(Thread.java:840)
[12/Sep/2026:16:50:01] INFO - Kullanıcı girişi başarılı
[12/Sep/2026:16:50:01] ERROR - Veritabanına bağlanılamadı
    at com.ornek.servis.OdemeServisi.gonder(OdemeServisi.java:42)
    at com.ornek.controller.SiparisController.olustur(SiparisController.java:17)
    at java.base/java.lang.Thread.run(Thread.java:840)
[12/Sep/2026:16:50:01] INFO - Sipariş oluşturuldu
[12/Sep/2026:16:50:01] ERROR - Beklenmeyen hata oluştu
    at com.ornek.servis.OdemeServisi.gonder(OdemeServisi.java:42)
    at com.ornek.controller.SiparisController.olustur(SiparisController.java:17)
    at java.base/java.lang.Thread.run(Thread.java:840)
[12/Sep/2026:16:50:01] INFO - Kullanıcı girişi başarılı
[12/Sep/2026:16:50:01] INFO - Önbellek (cache) yenilendi
[12/Sep/2026:16:50:01] INFO - Önbellek (cache) yenilendi
[12/Sep/2026:16:50:01] INFO - Rapor başarıyla oluşturuldu
[12/Sep/2026:16:50:01] INFO - Sipariş oluşturuldu
[12/Sep/2026:16:50:01] WARN - Yanıt süresi beklenenden uzun sürdü
[12/Sep/2026:16:50:01] INFO - Rapor başarıyla oluşturuldu
[12/Sep/2026:16:50:01] INFO - Rapor başarıyla oluşturuldu
[12/Sep/2026:16:50:01] INFO - Yeni kullanıcı kaydı tamamlandı
[12/Sep/2026:16:50:01] ERROR - Stok güncellenirken hata oluştu
    at com.ornek.servis.OdemeServisi.gonder(OdemeServisi.java:42)
    at com.ornek.controller.SiparisController.olustur(SiparisController.java:17)
    at java.base/java.lang.Thread.run(Thread.java:840)
[12/Sep/2026:16:50:01] INFO - Yeni kullanıcı kaydı tamamlandı
[12/Sep/2026:16:50:01] INFO - Önbellek (cache) yenilendi
[12/Sep/2026:16:50:01] INFO - Kullanıcı girişi başarılı
[12/Sep/2026:16:50:01] INFO - Yeni kullanıcı kaydı tamamlandı
[12/Sep/2026:16:50:01] INFO - Rapor başarıyla oluşturuldu
[12/Sep/2026:16:50:01] INFO - Yeni kullanıcı kaydı tamamlandı
[12/Sep/2026:16:50:01] INFO - Sipariş oluşturuldu
[12/Sep/2026:16:50:01] INFO - Yeni kullanıcı kaydı tamamlandı
[12/Sep/2026:16:50:01] INFO - Kullanıcı girişi başarılı
[12/Sep/2026:16:50:01] INFO - Sipariş oluşturuldu
[12/Sep/2026:16:50:01] INFO - Yeni kullanıcı kaydı tamamlandı
[12/Sep/2026:16:50:01] ERROR - Ödeme servisi zaman aşımına uğradı
    at com.ornek.servis.OdemeServisi.gonder(OdemeServisi.java:42)
    at com.ornek.controller.SiparisController.olustur(SiparisController.java:17)
    at java.base/java.lang.Thread.run(Thread.java:840)
[12/Sep/2026:16:50:01] WARN - Üçüncü parti servisten yavaş yanıt alındı
[12/Sep/2026:16:50:01] INFO - Kullanıcı girişi başarılı
[12/Sep/2026:16:50:01] WARN - Veritabanı bağlantı havuzu %80 dolulukta
[12/Sep/2026:16:50:01] INFO - Önbellek (cache) yenilendi
[12/Sep/2026:16:50:01] INFO - Kullanıcı girişi başarılı
[12/Sep/2026:16:50:01] WARN - Veritabanı bağlantı havuzu %80 dolulukta
[12/Sep/2026:16:50:01] INFO - Yeni kullanıcı kaydı tamamlandı
[12/Sep/2026:16:50:01] ERROR - Stok güncellenirken hata oluştu
    at com.ornek.servis.OdemeServisi.gonder(OdemeServisi.java:42)
    at com.ornek.controller.SiparisController.olustur(SiparisController.java:17)
    at java.base/java.lang.Thread.run(Thread.java:840)
[12/Sep/2026:16:50:01] INFO - Yeni kullanıcı kaydı tamamlandı
[12/Sep/2026:16:50:01] INFO - Sipariş oluşturuldu
[12/Sep/2026:16:50:01] WARN - Disk kullanımı %75'i geçti
[12/Sep/2026:16:50:01] WARN - Veritabanı bağlantı havuzu %80 dolulukta
[12/Sep/2026:16:50:01] INFO - Yeni kullanıcı kaydı tamamlandı
[12/Sep/2026:16:50:01] INFO - Rapor başarıyla oluşturuldu
[12/Sep/2026:16:50:01] ERROR - Beklenmeyen hata oluştu
    at com.ornek.servis.OdemeServisi.gonder(OdemeServisi.java:42)
    at com.ornek.controller.SiparisController.olustur(SiparisController.java:17)
    at java.base/java.lang.Thread.run(Thread.java:840)
[12/Sep/2026:16:50:01] WARN - Üçüncü parti servisten yavaş yanıt alındı
[12/Sep/2026:16:50:01] WARN - Veritabanı bağlantı havuzu %80 dolulukta
[12/Sep/2026:16:50:01] ERROR - Stok güncellenirken hata oluştu
    at com.ornek.servis.OdemeServisi.gonder(OdemeServisi.java:42)
    at com.ornek.controller.SiparisController.olustur(SiparisController.java:17)
    at java.base/java.lang.Thread.run(Thread.java:840)
[12/Sep/2026:16:50:01] INFO - Önbellek (cache) yenilendi
[12/Sep/2026:16:50:01] INFO - Yeni kullanıcı kaydı tamamlandı
[12/Sep/2026:16:50:01] INFO - Rapor başarıyla oluşturuldu
[12/Sep/2026:16:50:01] INFO - Yeni kullanıcı kaydı tamamlandı
[12/Sep/2026:16:50:01] INFO - Rapor başarıyla oluşturuldu
[12/Sep/2026:16:50:01] INFO - Kullanıcı girişi başarılı
[12/Sep/2026:16:50:01] INFO - Kullanıcı girişi başarılı
[12/Sep/2026:16:50:01] INFO - Kullanıcı girişi başarılı
[12/Sep/2026:16:50:01] INFO - Önbellek (cache) yenilendi
[12/Sep/2026:16:50:01] INFO - Sipariş oluşturuldu
[12/Sep/2026:16:50:01] INFO - Sipariş oluşturuldu
[12/Sep/2026:16:50:01] INFO - Önbellek (cache) yenilendi
[12/Sep/2026:16:50:01] INFO - Rapor başarıyla oluşturuldu
[12/Sep/2026:16:50:01] INFO - Kullanıcı girişi başarılı
[12/Sep/2026:16:50:01] INFO - Rapor başarıyla oluşturuldu
[12/Sep/2026:16:50:01] INFO - Yeni kullanıcı kaydı tamamlandı
[12/Sep/2026:16:50:01] WARN - Disk kullanımı %75'i geçti
[12/Sep/2026:16:50:01] WARN - Veritabanı bağlantı havuzu %80 dolulukta
[12/Sep/2026:16:50:01] INFO - Rapor başarıyla oluşturuldu
[12/Sep/2026:16:50:01] INFO - Önbellek (cache) yenilendi
[12/Sep/2026:16:50:01] INFO - Sipariş oluşturuldu
[12/Sep/2026:16:50:01] INFO - Sipariş oluşturuldu
[12/Sep/2026:16:50:01] INFO - Kullanıcı girişi başarılı
[12/Sep/2026:16:50:01] WARN - Üçüncü parti servisten yavaş yanıt alındı
[12/Sep/2026:16:50:01] INFO - Sipariş oluşturuldu
[12/Sep/2026:16:50:01] ERROR - Veritabanına bağlanılamadı
    at com.ornek.servis.OdemeServisi.gonder(OdemeServisi.java:42)
    at com.ornek.controller.SiparisController.olustur(SiparisController.java:17)
    at java.base/java.lang.Thread.run(Thread.java:840)
[12/Sep/2026:16:50:01] INFO - Önbellek (cache) yenilendi
[12/Sep/2026:16:50:01] INFO - Kullanıcı girişi başarılı
[12/Sep/2026:16:50:01] INFO - Sipariş oluşturuldu
[12/Sep/2026:16:50:01] WARN - Veritabanı bağlantı havuzu %80 dolulukta
[12/Sep/2026:16:50:01] INFO - Kullanıcı girişi başarılı
[12/Sep/2026:16:50:01] WARN - Yanıt süresi beklenenden uzun sürdü
[12/Sep/2026:16:50:01] INFO - Yeni kullanıcı kaydı tamamlandı
[12/Sep/2026:16:50:01] INFO - Kullanıcı girişi başarılı
[12/Sep/2026:16:50:01] INFO - Yeni kullanıcı kaydı tamamlandı
[12/Sep/2026:16:50:01] INFO - Önbellek (cache) yenilendi
[12/Sep/2026:16:50:01] ERROR - Veritabanına bağlanılamadı
    at com.ornek.servis.OdemeServisi.gonder(OdemeServisi.java:42)
    at com.ornek.controller.SiparisController.olustur(SiparisController.java:17)
    at java.base/java.lang.Thread.run(Thread.java:840)
[12/Sep/2026:16:50:01] WARN - Veritabanı bağlantı havuzu %80 dolulukta
[12/Sep/2026:16:50:01] ERROR - Beklenmeyen hata oluştu
    at com.ornek.servis.OdemeServisi.gonder(OdemeServisi.java:42)
    at com.ornek.controller.SiparisController.olustur(SiparisController.java:17)
    at java.base/java.lang.Thread.run(Thread.java:840)
[12/Sep/2026:16:50:01] INFO - Sipariş oluşturuldu
[12/Sep/2026:16:50:01] INFO - Kullanıcı girişi başarılı
[12/Sep/2026:16:50:01] WARN - Yanıt süresi beklenenden uzun sürdü
[12/Sep/2026:16:50:01] INFO - Sipariş oluşturuldu
[12/Sep/2026:16:50:01] INFO - Sipariş oluşturuldu
[12/Sep/2026:16:50:01] INFO - Kullanıcı girişi başarılı
[12/Sep/2026:16:50:01] ERROR - Stok güncellenirken hata oluştu
    at com.ornek.servis.OdemeServisi.gonder(OdemeServisi.java:42)
    at com.ornek.controller.SiparisController.olustur(SiparisController.java:17)
    at java.base/java.lang.Thread.run(Thread.java:840)
[12/Sep/2026:16:50:01] ERROR - Veritabanına bağlanılamadı
    at com.ornek.servis.OdemeServisi.gonder(OdemeServisi.java:42)
    at com.ornek.controller.SiparisController.olustur(SiparisController.java:17)
    at java.base/java.lang.Thread.run(Thread.java:840)
[12/Sep/2026:16:50:01] WARN - Yanıt süresi beklenenden uzun sürdü
[12/Sep/2026:16:50:01] INFO - Önbellek (cache) yenilendi
[12/Sep/2026:16:50:01] INFO - Yeni kullanıcı kaydı tamamlandı
[12/Sep/2026:16:50:01] ERROR - Kimlik doğrulama servisi yanıt vermedi
    at com.ornek.servis.OdemeServisi.gonder(OdemeServisi.java:42)
    at com.ornek.controller.SiparisController.olustur(SiparisController.java:17)
    at java.base/java.lang.Thread.run(Thread.java:840)
[12/Sep/2026:16:50:01] INFO - Önbellek (cache) yenilendi
[12/Sep/2026:16:50:01] INFO - Yeni kullanıcı kaydı tamamlandı
[12/Sep/2026:16:50:01] ERROR - Veritabanına bağlanılamadı
    at com.ornek.servis.OdemeServisi.gonder(OdemeServisi.java:42)
    at com.ornek.controller.SiparisController.olustur(SiparisController.java:17)
    at java.base/java.lang.Thread.run(Thread.java:840)
[12/Sep/2026:16:50:01] ERROR - Kimlik doğrulama servisi yanıt vermedi
    at com.ornek.servis.OdemeServisi.gonder(OdemeServisi.java:42)
    at com.ornek.controller.SiparisController.olustur(SiparisController.java:17)
    at java.base/java.lang.Thread.run(Thread.java:840)
[12/Sep/2026:16:50:01] INFO - Önbellek (cache) yenilendi
[12/Sep/2026:16:50:01] INFO - Rapor başarıyla oluşturuldu
[12/Sep/2026:16:50:01] ERROR - Ödeme servisi zaman aşımına uğradı
    at com.ornek.servis.OdemeServisi.gonder(OdemeServisi.java:42)
    at com.ornek.controller.SiparisController.olustur(SiparisController.java:17)
    at java.base/java.lang.Thread.run(Thread.java:840)
[12/Sep/2026:16:50:01] WARN - Yanıt süresi beklenenden uzun sürdü
[12/Sep/2026:16:50:01] WARN - Üçüncü parti servisten yavaş yanıt alındı
[12/Sep/2026:16:50:01] WARN - Üçüncü parti servisten yavaş yanıt alındı
[12/Sep/2026:16:50:01] INFO - Kullanıcı girişi başarılı
[12/Sep/2026:16:50:01] INFO - Rapor başarıyla oluşturuldu
[12/Sep/2026:16:50:01] ERROR - Ödeme servisi zaman aşımına uğradı
    at com.ornek.servis.OdemeServisi.gonder(OdemeServisi.java:42)
    at com.ornek.controller.SiparisController.olustur(SiparisController.java:17)
    at java.base/java.lang.Thread.run(Thread.java:840)
[12/Sep/2026:16:50:01] INFO - Kullanıcı girişi başarılı
[12/Sep/2026:16:50:01] INFO - Sipariş oluşturuldu
[12/Sep/2026:16:50:01] INFO - Önbellek (cache) yenilendi
[12/Sep/2026:16:50:01] WARN - Disk kullanımı %75'i geçti
[12/Sep/2026:16:50:01] INFO - Kullanıcı girişi başarılı
[12/Sep/2026:16:50:01] INFO - Rapor başarıyla oluşturuldu
[12/Sep/2026:16:50:01] INFO - Kullanıcı girişi başarılı
[12/Sep/2026:16:50:01] INFO - Yeni kullanıcı kaydı tamamlandı
[12/Sep/2026:16:50:01] INFO - Kullanıcı girişi başarılı
[12/Sep/2026:16:50:01] WARN - Disk kullanımı %75'i geçti
[12/Sep/2026:16:50:01] INFO - Önbellek (cache) yenilendi
[12/Sep/2026:16:50:01] INFO - Rapor başarıyla oluşturuldu
[12/Sep/2026:16:50:01] INFO - Önbellek (cache) yenilendi
[12/Sep/2026:16:50:01] INFO - Yeni kullanıcı kaydı tamamlandı
[12/Sep/2026:16:50:01] ERROR - Veritabanına bağlanılamadı
    at com.ornek.servis.OdemeServisi.gonder(OdemeServisi.java:42)
    at com.ornek.controller.SiparisController.olustur(SiparisController.java:17)
    at java.base/java.lang.Thread.run(Thread.java:840)
[12/Sep/2026:16:50:01] INFO - Sipariş oluşturuldu
[12/Sep/2026:16:50:01] WARN - Üçüncü parti servisten yavaş yanıt alındı
[12/Sep/2026:16:50:01] INFO - Sipariş oluşturuldu
[12/Sep/2026:16:50:01] INFO - Sipariş oluşturuldu
[12/Sep/2026:16:50:01] INFO - Önbellek (cache) yenilendi
[12/Sep/2026:16:50:01] INFO - Kullanıcı girişi başarılı
[12/Sep/2026:16:50:01] ERROR - Stok güncellenirken hata oluştu
    at com.ornek.servis.OdemeServisi.gonder(OdemeServisi.java:42)
    at com.ornek.controller.SiparisController.olustur(SiparisController.java:17)
    at java.base/java.lang.Thread.run(Thread.java:840)
[12/Sep/2026:16:50:01] INFO - Rapor başarıyla oluşturuldu
[12/Sep/2026:16:50:01] WARN - Yanıt süresi beklenenden uzun sürdü
[12/Sep/2026:16:50:01] WARN - Yanıt süresi beklenenden uzun sürdü
[12/Sep/2026:16:50:01] INFO - Rapor başarıyla oluşturuldu
[12/Sep/2026:16:50:01] INFO - Kullanıcı girişi başarılı
[12/Sep/2026:16:50:01] INFO - Rapor başarıyla oluşturuldu
[12/Sep/2026:16:50:01] WARN - Yanıt süresi beklenenden uzun sürdü
[12/Sep/2026:16:50:01] INFO - Sipariş oluşturuldu
[12/Sep/2026:16:50:01] WARN - Veritabanı bağlantı havuzu %80 dolulukta
[12/Sep/2026:16:50:01] ERROR - Veritabanına bağlanılamadı
    at com.ornek.servis.OdemeServisi.gonder(OdemeServisi.java:42)
    at com.ornek.controller.SiparisController.olustur(SiparisController.java:17)
    at java.base/java.lang.Thread.run(Thread.java:840)
[12/Sep/2026:16:50:01] INFO - Önbellek (cache) yenilendi
[12/Sep/2026:16:50:01] ERROR - Veritabanına bağlanılamadı
    at com.ornek.servis.OdemeServisi.gonder(OdemeServisi.java:42)
    at com.ornek.controller.SiparisController.olustur(SiparisController.java:17)
    at java.base/java.lang.Thread.run(Thread.java:840)
[12/Sep/2026:16:50:01] INFO - Sipariş oluşturuldu
[12/Sep/2026:16:50:01] INFO - Yeni kullanıcı kaydı tamamlandı
[12/Sep/2026:16:50:01] INFO - Önbellek (cache) yenilendi
[12/Sep/2026:16:50:01] INFO - Yeni kullanıcı kaydı tamamlandı
[12/Sep/2026:16:50:01] INFO - Rapor başarıyla oluşturuldu
[12/Sep/2026:16:50:01] INFO - Rapor başarıyla oluşturuldu
[12/Sep/2026:16:50:01] INFO - Yeni kullanıcı kaydı tamamlandı
[12/Sep/2026:16:50:01] WARN - Disk kullanımı %75'i geçti
[12/Sep/2026:16:50:01] INFO - Sipariş oluşturuldu
[12/Sep/2026:16:50:01] INFO - Sipariş oluşturuldu
[12/Sep/2026:16:50:01] INFO - Rapor başarıyla oluşturuldu
[12/Sep/2026:16:50:01] INFO - Sipariş oluşturuldu
[12/Sep/2026:16:50:01] WARN - Yanıt süresi beklenenden uzun sürdü
[12/Sep/2026:16:50:01] INFO - Önbellek (cache) yenilendi
[12/Sep/2026:16:50:01] INFO - Rapor başarıyla oluşturuldu
[12/Sep/2026:16:50:01] INFO - Kullanıcı girişi başarılı
[12/Sep/2026:16:50:01] INFO - Kullanıcı girişi başarılı
[12/Sep/2026:16:50:01] INFO - Sipariş oluşturuldu
[12/Sep/2026:16:50:01] INFO - Yeni kullanıcı kaydı tamamlandı
[12/Sep/2026:16:50:01] WARN - Üçüncü parti servisten yavaş yanıt alındı
[12/Sep/2026:16:50:01] INFO - Sipariş oluşturuldu
[12/Sep/2026:16:50:01] WARN - Veritabanı bağlantı havuzu %80 dolulukta
[12/Sep/2026:16:50:01] INFO - Kullanıcı girişi başarılı
[12/Sep/2026:16:50:01] INFO - Önbellek (cache) yenilendi
[12/Sep/2026:16:50:01] INFO - Yeni kullanıcı kaydı tamamlandı
[12/Sep/2026:16:50:01] INFO - Yeni kullanıcı kaydı tamamlandı
[12/Sep/2026:16:50:01] INFO - Kullanıcı girişi başarılı
[12/Sep/2026:16:50:01] ERROR - Ödeme servisi zaman aşımına uğradı
    at com.ornek.servis.OdemeServisi.gonder(OdemeServisi.java:42)
    at com.ornek.controller.SiparisController.olustur(SiparisController.java:17)
    at java.base/java.lang.Thread.run(Thread.java:840)
[12/Sep/2026:16:50:01] INFO - Kullanıcı girişi başarılı
[12/Sep/2026:16:50:01] ERROR - Veritabanına bağlanılamadı
    at com.ornek.servis.OdemeServisi.gonder(OdemeServisi.java:42)
    at com.ornek.controller.SiparisController.olustur(SiparisController.java:17)
    at java.base/java.lang.Thread.run(Thread.java:840)
[12/Sep/2026:16:50:01] INFO - Önbellek (cache) yenilendi
[12/Sep/2026:16:50:01] WARN - Yanıt süresi beklenenden uzun sürdü
[12/Sep/2026:16:50:01] WARN - Veritabanı bağlantı havuzu %80 dolulukta
[12/Sep/2026:16:50:01] INFO - Yeni kullanıcı kaydı tamamlandı
[12/Sep/2026:16:50:01] INFO - Yeni kullanıcı kaydı tamamlandı
[12/Sep/2026:16:50:01] INFO - Önbellek (cache) yenilendi
[12/Sep/2026:16:50:01] INFO - Rapor başarıyla oluşturuldu
[12/Sep/2026:16:50:01] ERROR - Ödeme servisi zaman aşımına uğradı
    at com.ornek.servis.OdemeServisi.gonder(OdemeServisi.java:42)
    at com.ornek.controller.SiparisController.olustur(SiparisController.java:17)
    at java.base/java.lang.Thread.run(Thread.java:840)
[12/Sep/2026:16:50:01] INFO - Kullanıcı girişi başarılı
[12/Sep/2026:16:50:01] INFO - Rapor başarıyla oluşturuldu
[12/Sep/2026:16:50:01] INFO - Yeni kullanıcı kaydı tamamlandı
[12/Sep/2026:16:50:01] INFO - Rapor başarıyla oluşturuldu
[12/Sep/2026:16:50:01] INFO - Önbellek (cache) yenilendi
[12/Sep/2026:16:50:01] ERROR - Veritabanına bağlanılamadı
    at com.ornek.servis.OdemeServisi.gonder(OdemeServisi.java:42)
    at com.ornek.controller.SiparisController.olustur(SiparisController.java:17)
    at java.base/java.lang.Thread.run(Thread.java:840)
[12/Sep/2026:16:50:01] INFO - Rapor başarıyla oluşturuldu
[12/Sep/2026:16:50:01] INFO - Kullanıcı girişi başarılı
[12/Sep/2026:16:50:01] WARN - Üçüncü parti servisten yavaş yanıt alındı
[12/Sep/2026:16:50:01] INFO - Rapor başarıyla oluşturuldu
[12/Sep/2026:16:50:01] INFO - Önbellek (cache) yenilendi
[12/Sep/2026:16:50:01] ERROR - Beklenmeyen hata oluştu
    at com.ornek.servis.OdemeServisi.gonder(OdemeServisi.java:42)
    at com.ornek.controller.SiparisController.olustur(SiparisController.java:17)
    at java.base/java.lang.Thread.run(Thread.java:840)
[12/Sep/2026:16:50:01] INFO - Rapor başarıyla oluşturuldu
[12/Sep/2026:16:50:01] INFO - Yeni kullanıcı kaydı tamamlandı
[12/Sep/2026:16:50:01] INFO - Yeni kullanıcı kaydı tamamlandı
[12/Sep/2026:16:50:01] WARN - Veritabanı bağlantı havuzu %80 dolulukta
[12/Sep/2026:16:50:01] INFO - Önbellek (cache) yenilendi
[12/Sep/2026:16:50:01] INFO - Sipariş oluşturuldu
[12/Sep/2026:16:50:01] INFO - Kullanıcı girişi başarılı
[12/Sep/2026:16:50:01] WARN - Veritabanı bağlantı havuzu %80 dolulukta
[12/Sep/2026:16:50:01] INFO - Sipariş oluşturuldu
[12/Sep/2026:16:50:01] ERROR - Veritabanına bağlanılamadı
    at com.ornek.servis.OdemeServisi.gonder(OdemeServisi.java:42)
    at com.ornek.controller.SiparisController.olustur(SiparisController.java:17)
    at java.base/java.lang.Thread.run(Thread.java:840)
[12/Sep/2026:16:50:01] INFO - Yeni kullanıcı kaydı tamamlandı
[12/Sep/2026:16:50:01] INFO - Sipariş oluşturuldu
[12/Sep/2026:16:50:01] WARN - Üçüncü parti servisten yavaş yanıt alındı
[12/Sep/2026:16:50:01] INFO - Önbellek (cache) yenilendi
[12/Sep/2026:16:50:01] INFO - Rapor başarıyla oluşturuldu
[12/Sep/2026:16:50:01] INFO - Rapor başarıyla oluşturuldu
[12/Sep/2026:16:50:01] INFO - Yeni kullanıcı kaydı tamamlandı
[12/Sep/2026:16:50:01] INFO - Sipariş oluşturuldu
[12/Sep/2026:16:50:01] WARN - Disk kullanımı %75'i geçti
[12/Sep/2026:16:50:01] INFO - Önbellek (cache) yenilendi
[12/Sep/2026:16:50:01] INFO - Kullanıcı girişi başarılı
[12/Sep/2026:16:50:01] INFO - Yeni kullanıcı kaydı tamamlandı
[12/Sep/2026:16:50:01] INFO - Rapor başarıyla oluşturuldu
[12/Sep/2026:16:50:01] INFO - Kullanıcı girişi başarılı
[12/Sep/2026:16:50:01] WARN - Veritabanı bağlantı havuzu %80 dolulukta
[12/Sep/2026:16:50:01] WARN - Yanıt süresi beklenenden uzun sürdü
[12/Sep/2026:16:50:01] INFO - Kullanıcı girişi başarılı
[12/Sep/2026:16:50:01] INFO - Rapor başarıyla oluşturuldu
[12/Sep/2026:16:50:01] INFO - Yeni kullanıcı kaydı tamamlandı
[12/Sep/2026:16:50:01] INFO - Yeni kullanıcı kaydı tamamlandı
[12/Sep/2026:16:50:01] INFO - Rapor başarıyla oluşturuldu
[12/Sep/2026:16:50:01] INFO - Yeni kullanıcı kaydı tamamlandı
[12/Sep/2026:16:50:01] INFO - Rapor başarıyla oluşturuldu
[12/Sep/2026:16:50:01] INFO - Kullanıcı girişi başarılı
[12/Sep/2026:16:50:01] ERROR - Veritabanına bağlanılamadı
    at com.ornek.servis.OdemeServisi.gonder(OdemeServisi.java:42)
    at com.ornek.controller.SiparisController.olustur(SiparisController.java:17)
    at java.base/java.lang.Thread.run(Thread.java:840)
[12/Sep/2026:16:50:01] INFO - Sipariş oluşturuldu
[12/Sep/2026:16:50:01] INFO - Rapor başarıyla oluşturuldu
[12/Sep/2026:16:50:01] INFO - Kullanıcı girişi başarılı
[12/Sep/2026:16:50:01] ERROR - Stok güncellenirken hata oluştu
    at com.ornek.servis.OdemeServisi.gonder(OdemeServisi.java:42)
    at com.ornek.controller.SiparisController.olustur(SiparisController.java:17)
    at java.base/java.lang.Thread.run(Thread.java:840)
[12/Sep/2026:16:50:01] INFO - Kullanıcı girişi başarılı
[12/Sep/2026:16:50:01] INFO - Kullanıcı girişi başarılı
[12/Sep/2026:16:50:01] WARN - Veritabanı bağlantı havuzu %80 dolulukta
[12/Sep/2026:16:50:01] WARN - Üçüncü parti servisten yavaş yanıt alındı
[12/Sep/2026:16:50:01] INFO - Yeni kullanıcı kaydı tamamlandı
[12/Sep/2026:16:50:01] INFO - Rapor başarıyla oluşturuldu
[12/Sep/2026:16:50:01] INFO - Yeni kullanıcı kaydı tamamlandı
[12/Sep/2026:16:50:01] INFO - Kullanıcı girişi başarılı
[12/Sep/2026:16:50:01] INFO - Önbellek (cache) yenilendi
[12/Sep/2026:16:50:01] INFO - Yeni kullanıcı kaydı tamamlandı
[12/Sep/2026:16:50:01] INFO - Önbellek (cache) yenilendi
[12/Sep/2026:16:50:01] INFO - Kullanıcı girişi başarılı
[12/Sep/2026:16:50:01] WARN - Yanıt süresi beklenenden uzun sürdü
[12/Sep/2026:16:50:01] INFO - Kullanıcı girişi başarılı
[12/Sep/2026:16:50:01] ERROR - Kimlik doğrulama servisi yanıt vermedi
    at com.ornek.servis.OdemeServisi.gonder(OdemeServisi.java:42)
    at com.ornek.controller.SiparisController.olustur(SiparisController.java:17)
    at java.base/java.lang.Thread.run(Thread.java:840)
[12/Sep/2026:16:50:01] INFO - Sipariş oluşturuldu
[12/Sep/2026:16:50:01] INFO - Kullanıcı girişi başarılı
[12/Sep/2026:16:50:01] WARN - Veritabanı bağlantı havuzu %80 dolulukta
[12/Sep/2026:16:50:01] INFO - Önbellek (cache) yenilendi
[12/Sep/2026:16:50:01] WARN - Veritabanı bağlantı havuzu %80 dolulukta
[12/Sep/2026:16:50:01] INFO - Sipariş oluşturuldu
[12/Sep/2026:16:50:01] INFO - Yeni kullanıcı kaydı tamamlandı
[12/Sep/2026:16:50:01] INFO - Önbellek (cache) yenilendi
[12/Sep/2026:16:50:01] INFO - Yeni kullanıcı kaydı tamamlandı
[12/Sep/2026:16:50:01] INFO - Yeni kullanıcı kaydı tamamlandı
[12/Sep/2026:16:50:01] WARN - Disk kullanımı %75'i geçti
[12/Sep/2026:16:50:01] ERROR - Ödeme servisi zaman aşımına uğradı
    at com.ornek.servis.OdemeServisi.gonder(OdemeServisi.java:42)
    at com.ornek.controller.SiparisController.olustur(SiparisController.java:17)
    at java.base/java.lang.Thread.run(Thread.java:840)
[12/Sep/2026:16:50:01] INFO - Rapor başarıyla oluşturuldu
[12/Sep/2026:16:50:01] WARN - Üçüncü parti servisten yavaş yanıt alındı
[12/Sep/2026:16:50:01] WARN - Disk kullanımı %75'i geçti
[12/Sep/2026:16:50:01] WARN - Veritabanı bağlantı havuzu %80 dolulukta
[12/Sep/2026:16:50:01] INFO - Sipariş oluşturuldu
[12/Sep/2026:16:50:01] INFO - Rapor başarıyla oluşturuldu
[12/Sep/2026:16:50:01] WARN - Yanıt süresi beklenenden uzun sürdü
[12/Sep/2026:16:50:01] WARN - Üçüncü parti servisten yavaş yanıt alındı
[12/Sep/2026:16:50:01] ERROR - Veritabanına bağlanılamadı
    at com.ornek.servis.OdemeServisi.gonder(OdemeServisi.java:42)
    at com.ornek.controller.SiparisController.olustur(SiparisController.java:17)
    at java.base/java.lang.Thread.run(Thread.java:840)
[12/Sep/2026:16:50:01] INFO - Kullanıcı girişi başarılı
[12/Sep/2026:16:50:01] INFO - Kullanıcı girişi başarılı
[12/Sep/2026:16:50:01] INFO - Önbellek (cache) yenilendi
[12/Sep/2026:16:50:01] ERROR - Kimlik doğrulama servisi yanıt vermedi
    at com.ornek.servis.OdemeServisi.gonder(OdemeServisi.java:42)
    at com.ornek.controller.SiparisController.olustur(SiparisController.java:17)
    at java.base/java.lang.Thread.run(Thread.java:840)
[12/Sep/2026:16:50:01] INFO - Kullanıcı girişi başarılı
[12/Sep/2026:16:50:01] INFO - Yeni kullanıcı kaydı tamamlandı
[12/Sep/2026:16:50:01] ERROR - Ödeme servisi zaman aşımına uğradı
    at com.ornek.servis.OdemeServisi.gonder(OdemeServisi.java:42)
    at com.ornek.controller.SiparisController.olustur(SiparisController.java:17)
    at java.base/java.lang.Thread.run(Thread.java:840)
[12/Sep/2026:16:50:01] INFO - Kullanıcı girişi başarılı
[12/Sep/2026:16:50:01] INFO - Sipariş oluşturuldu
[12/Sep/2026:16:50:01] INFO - Yeni kullanıcı kaydı tamamlandı
[12/Sep/2026:16:50:01] INFO - Rapor başarıyla oluşturuldu
[12/Sep/2026:16:50:01] INFO - Önbellek (cache) yenilendi
[12/Sep/2026:16:50:01] INFO - Yeni kullanıcı kaydı tamamlandı
[12/Sep/2026:16:50:01] ERROR - Veritabanına bağlanılamadı
    at com.ornek.servis.OdemeServisi.gonder(OdemeServisi.java:42)
    at com.ornek.controller.SiparisController.olustur(SiparisController.java:17)
    at java.base/java.lang.Thread.run(Thread.java:840)
[12/Sep/2026:16:50:01] INFO - Önbellek (cache) yenilendi
[12/Sep/2026:16:50:01] INFO - Sipariş oluşturuldu
[12/Sep/2026:16:50:01] INFO - Önbellek (cache) yenilendi
[12/Sep/2026:16:50:01] INFO - Önbellek (cache) yenilendi
[12/Sep/2026:16:50:01] INFO - Önbellek (cache) yenilendi
[12/Sep/2026:16:50:01] INFO - Rapor başarıyla oluşturuldu
[12/Sep/2026:16:50:01] INFO - Sipariş oluşturuldu
[12/Sep/2026:16:50:01] INFO - Yeni kullanıcı kaydı tamamlandı
[12/Sep/2026:16:50:01] WARN - Disk kullanımı %75'i geçti
[12/Sep/2026:16:50:01] ERROR - Veritabanına bağlanılamadı
    at com.ornek.servis.OdemeServisi.gonder(OdemeServisi.java:42)
    at com.ornek.controller.SiparisController.olustur(SiparisController.java:17)
    at java.base/java.lang.Thread.run(Thread.java:840)
[12/Sep/2026:16:50:01] INFO - Yeni kullanıcı kaydı tamamlandı
[12/Sep/2026:16:50:01] INFO - Yeni kullanıcı kaydı tamamlandı
[12/Sep/2026:16:50:01] INFO - Yeni kullanıcı kaydı tamamlandı
[12/Sep/2026:16:50:01] WARN - Yanıt süresi beklenenden uzun sürdü
[12/Sep/2026:16:50:01] INFO - Rapor başarıyla oluşturuldu
[12/Sep/2026:16:50:01] WARN - Veritabanı bağlantı havuzu %80 dolulukta
[12/Sep/2026:16:50:01] INFO - Önbellek (cache) yenilendi
[12/Sep/2026:16:50:01] INFO - Sipariş oluşturuldu
[12/Sep/2026:16:50:01] INFO - Yeni kullanıcı kaydı tamamlandı
[12/Sep/2026:16:50:01] WARN - Veritabanı bağlantı havuzu %80 dolulukta
[12/Sep/2026:16:50:01] INFO - Sipariş oluşturuldu
[12/Sep/2026:16:50:01] INFO - Önbellek (cache) yenilendi
[12/Sep/2026:16:50:01] INFO - Rapor başarıyla oluşturuldu
[12/Sep/2026:16:50:01] WARN - Disk kullanımı %75'i geçti
[12/Sep/2026:16:50:01] INFO - Yeni kullanıcı kaydı tamamlandı
[12/Sep/2026:16:50:01] ERROR - Ödeme servisi zaman aşımına uğradı
    at com.ornek.servis.OdemeServisi.gonder(OdemeServisi.java:42)
    at com.ornek.controller.SiparisController.olustur(SiparisController.java:17)
    at java.base/java.lang.Thread.run(Thread.java:840)
[12/Sep/2026:16:50:01] INFO - Kullanıcı girişi başarılı
[12/Sep/2026:16:50:01] ERROR - Stok güncellenirken hata oluştu
    at com.ornek.servis.OdemeServisi.gonder(OdemeServisi.java:42)
    at com.ornek.controller.SiparisController.olustur(SiparisController.java:17)
    at java.base/java.lang.Thread.run(Thread.java:840)
[12/Sep/2026:16:50:01] INFO - Yeni kullanıcı kaydı tamamlandı
[12/Sep/2026:16:50:01] INFO - Rapor başarıyla oluşturuldu
[12/Sep/2026:16:50:01] INFO - Önbellek (cache) yenilendi
[12/Sep/2026:16:50:01] INFO - Önbellek (cache) yenilendi
[12/Sep/2026:16:50:01] INFO - Yeni kullanıcı kaydı tamamlandı
[12/Sep/2026:16:50:01] ERROR - Stok güncellenirken hata oluştu
    at com.ornek.servis.OdemeServisi.gonder(OdemeServisi.java:42)
    at com.ornek.controller.SiparisController.olustur(SiparisController.java:17)
    at java.base/java.lang.Thread.run(Thread.java:840)
[12/Sep/2026:16:50:01] INFO - Sipariş oluşturuldu
[12/Sep/2026:16:50:01] ERROR - Veritabanına bağlanılamadı
    at com.ornek.servis.OdemeServisi.gonder(OdemeServisi.java:42)
    at com.ornek.controller.SiparisController.olustur(SiparisController.java:17)
    at java.base/java.lang.Thread.run(Thread.java:840)
[12/Sep/2026:16:50:01] ERROR - Stok güncellenirken hata oluştu
    at com.ornek.servis.OdemeServisi.gonder(OdemeServisi.java:42)
    at com.ornek.controller.SiparisController.olustur(SiparisController.java:17)
    at java.base/java.lang.Thread.run(Thread.java:840)
[12/Sep/2026:16:50:01] ERROR - Veritabanına bağlanılamadı
    at com.ornek.servis.OdemeServisi.gonder(OdemeServisi.java:42)
    at com.ornek.controller.SiparisController.olustur(SiparisController.java:17)
    at java.base/java.lang.Thread.run(Thread.java:840)
[12/Sep/2026:16:50:01] INFO - Sipariş oluşturuldu
[12/Sep/2026:16:50:01] INFO - Rapor başarıyla oluşturuldu
[12/Sep/2026:16:50:01] INFO - Kullanıcı girişi başarılı
[12/Sep/2026:16:50:01] INFO - Önbellek (cache) yenilendi
[12/Sep/2026:16:50:01] INFO - Kullanıcı girişi başarılı
[12/Sep/2026:16:50:01] ERROR - Veritabanına bağlanılamadı
    at com.ornek.servis.OdemeServisi.gonder(OdemeServisi.java:42)
    at com.ornek.controller.SiparisController.olustur(SiparisController.java:17)
    at java.base/java.lang.Thread.run(Thread.java:840)
[12/Sep/2026:16:50:01] INFO - Rapor başarıyla oluşturuldu
[12/Sep/2026:16:50:01] WARN - Üçüncü parti servisten yavaş yanıt alındı
[12/Sep/2026:16:50:01] INFO - Kullanıcı girişi başarılı
[12/Sep/2026:16:50:01] INFO - Kullanıcı girişi başarılı
[12/Sep/2026:16:50:01] INFO - Sipariş oluşturuldu
[12/Sep/2026:16:50:01] INFO - Kullanıcı girişi başarılı
[12/Sep/2026:16:51:01] INFO - Yeni kullanıcı kaydı tamamlandı
[12/Sep/2026:16:51:01] WARN - Veritabanı bağlantı havuzu %80 dolulukta
[12/Sep/2026:16:51:01] WARN - Veritabanı bağlantı havuzu %80 dolulukta
[12/Sep/2026:16:51:01] INFO - Kullanıcı girişi başarılı
[12/Sep/2026:16:51:01] INFO - Sipariş oluşturuldu
[12/Sep/2026:16:51:01] WARN - Disk kullanımı %75'i geçti
[12/Sep/2026:16:51:01] INFO - Önbellek (cache) yenilendi
[12/Sep/2026:16:51:01] INFO - Yeni kullanıcı kaydı tamamlandı
[12/Sep/2026:16:51:01] INFO - Rapor başarıyla oluşturuldu
[12/Sep/2026:16:51:01] INFO - Önbellek (cache) yenilendi
[12/Sep/2026:16:51:01] WARN - Yanıt süresi beklenenden uzun sürdü
[12/Sep/2026:16:51:01] ERROR - Kimlik doğrulama servisi yanıt vermedi
    at com.ornek.servis.OdemeServisi.gonder(OdemeServisi.java:42)
    at com.ornek.controller.SiparisController.olustur(SiparisController.java:17)
    at java.base/java.lang.Thread.run(Thread.java:840)
[12/Sep/2026:16:51:01] WARN - Üçüncü parti servisten yavaş yanıt alındı
[12/Sep/2026:16:51:01] INFO - Rapor başarıyla oluşturuldu
[12/Sep/2026:16:51:01] INFO - Kullanıcı girişi başarılı
[12/Sep/2026:16:51:01] ERROR - Kimlik doğrulama servisi yanıt vermedi
    at com.ornek.servis.OdemeServisi.gonder(OdemeServisi.java:42)
    at com.ornek.controller.SiparisController.olustur(SiparisController.java:17)
    at java.base/java.lang.Thread.run(Thread.java:840)
[12/Sep/2026:16:51:01] INFO - Sipariş oluşturuldu
[12/Sep/2026:16:51:01] INFO - Yeni kullanıcı kaydı tamamlandı
[12/Sep/2026:16:51:01] ERROR - Stok güncellenirken hata oluştu
    at com.ornek.servis.OdemeServisi.gonder(OdemeServisi.java:42)
    at com.ornek.controller.SiparisController.olustur(SiparisController.java:17)
    at java.base/java.lang.Thread.run(Thread.java:840)
[12/Sep/2026:16:51:01] INFO - Sipariş oluşturuldu
[12/Sep/2026:16:51:01] INFO - Rapor başarıyla oluşturuldu
[12/Sep/2026:16:51:01] INFO - Kullanıcı girişi başarılı
[12/Sep/2026:16:51:01] INFO - Rapor başarıyla oluşturuldu
[12/Sep/2026:16:51:01] INFO - Kullanıcı girişi başarılı
[12/Sep/2026:16:51:01] INFO - Kullanıcı girişi başarılı
[12/Sep/2026:16:51:01] INFO - Kullanıcı girişi başarılı
[12/Sep/2026:16:51:01] INFO - Önbellek (cache) yenilendi
[12/Sep/2026:16:51:01] INFO - Yeni kullanıcı kaydı tamamlandı
[12/Sep/2026:16:51:01] INFO - Kullanıcı girişi başarılı
[12/Sep/2026:16:51:01] INFO - Önbellek (cache) yenilendi
[12/Sep/2026:16:51:01] INFO - Yeni kullanıcı kaydı tamamlandı
[12/Sep/2026:16:51:01] INFO - Rapor başarıyla oluşturuldu
[12/Sep/2026:16:51:01] ERROR - Beklenmeyen hata oluştu
    at com.ornek.servis.OdemeServisi.gonder(OdemeServisi.java:42)
    at com.ornek.controller.SiparisController.olustur(SiparisController.java:17)
    at java.base/java.lang.Thread.run(Thread.java:840)
[12/Sep/2026:16:51:01] INFO - Rapor başarıyla oluşturuldu
[12/Sep/2026:16:51:01] INFO - Rapor başarıyla oluşturuldu
[12/Sep/2026:16:51:01] WARN - Üçüncü parti servisten yavaş yanıt alındı
[12/Sep/2026:16:51:01] ERROR - Veritabanına bağlanılamadı
    at com.ornek.servis.OdemeServisi.gonder(OdemeServisi.java:42)
    at com.ornek.controller.SiparisController.olustur(SiparisController.java:17)
    at java.base/java.lang.Thread.run(Thread.java:840)
[12/Sep/2026:16:51:01] INFO - Önbellek (cache) yenilendi
[12/Sep/2026:16:51:01] INFO - Rapor başarıyla oluşturuldu
[12/Sep/2026:16:51:01] INFO - Önbellek (cache) yenilendi
[12/Sep/2026:16:51:01] INFO - Rapor başarıyla oluşturuldu
[12/Sep/2026:16:51:01] INFO - Kullanıcı girişi başarılı
[12/Sep/2026:16:51:01] INFO - Kullanıcı girişi başarılı
[12/Sep/2026:16:51:01] INFO - Sipariş oluşturuldu
[12/Sep/2026:16:51:01] WARN - Disk kullanımı %75'i geçti
[12/Sep/2026:16:51:01] INFO - Önbellek (cache) yenilendi
[12/Sep/2026:16:51:01] INFO - Rapor başarıyla oluşturuldu
[12/Sep/2026:16:51:01] WARN - Disk kullanımı %75'i geçti
[12/Sep/2026:16:51:01] INFO - Kullanıcı girişi başarılı
[12/Sep/2026:16:51:01] WARN - Disk kullanımı %75'i geçti
[12/Sep/2026:16:51:01] INFO - Yeni kullanıcı kaydı tamamlandı
[12/Sep/2026:16:51:01] INFO - Yeni kullanıcı kaydı tamamlandı
[12/Sep/2026:16:51:01] INFO - Sipariş oluşturuldu
[12/Sep/2026:16:51:01] INFO - Rapor başarıyla oluşturuldu
[12/Sep/2026:16:51:01] INFO - Önbellek (cache) yenilendi
[12/Sep/2026:16:51:01] INFO - Sipariş oluşturuldu
[12/Sep/2026:16:51:01] INFO - Yeni kullanıcı kaydı tamamlandı
[12/Sep/2026:16:51:01] WARN - Üçüncü parti servisten yavaş yanıt alındı
[12/Sep/2026:16:51:01] INFO - Sipariş oluşturuldu
[12/Sep/2026:16:51:01] INFO - Önbellek (cache) yenilendi
[12/Sep/2026:16:51:01] WARN - Disk kullanımı %75'i geçti
[12/Sep/2026:16:51:01] WARN - Yanıt süresi beklenenden uzun sürdü
[12/Sep/2026:16:51:01] WARN - Üçüncü parti servisten yavaş yanıt alındı
[12/Sep/2026:16:51:01] INFO - Kullanıcı girişi başarılı
[12/Sep/2026:16:51:01] INFO - Rapor başarıyla oluşturuldu
[12/Sep/2026:16:51:01] WARN - Veritabanı bağlantı havuzu %80 dolulukta
[12/Sep/2026:16:51:01] INFO - Önbellek (cache) yenilendi
[12/Sep/2026:16:51:01] ERROR - Kimlik doğrulama servisi yanıt vermedi
    at com.ornek.servis.OdemeServisi.gonder(OdemeServisi.java:42)
    at com.ornek.controller.SiparisController.olustur(SiparisController.java:17)
    at java.base/java.lang.Thread.run(Thread.java:840)
[12/Sep/2026:16:51:01] ERROR - Stok güncellenirken hata oluştu
    at com.ornek.servis.OdemeServisi.gonder(OdemeServisi.java:42)
    at com.ornek.controller.SiparisController.olustur(SiparisController.java:17)
    at java.base/java.lang.Thread.run(Thread.java:840)
[12/Sep/2026:16:51:01] WARN - Veritabanı bağlantı havuzu %80 dolulukta
[12/Sep/2026:16:51:01] INFO - Sipariş oluşturuldu
[12/Sep/2026:16:51:01] INFO - Rapor başarıyla oluşturuldu
[12/Sep/2026:16:51:01] ERROR - Kimlik doğrulama servisi yanıt vermedi
    at com.ornek.servis.OdemeServisi.gonder(OdemeServisi.java:42)
    at com.ornek.controller.SiparisController.olustur(SiparisController.java:17)
    at java.base/java.lang.Thread.run(Thread.java:840)
[12/Sep/2026:16:51:01] INFO - Kullanıcı girişi başarılı
[12/Sep/2026:16:51:01] INFO - Kullanıcı girişi başarılı
[12/Sep/2026:16:51:01] INFO - Rapor başarıyla oluşturuldu
[12/Sep/2026:16:51:01] INFO - Rapor başarıyla oluşturuldu
[12/Sep/2026:16:51:01] INFO - Kullanıcı girişi başarılı
[12/Sep/2026:16:51:01] INFO - Yeni kullanıcı kaydı tamamlandı
[12/Sep/2026:16:51:01] WARN - Yanıt süresi beklenenden uzun sürdü
[12/Sep/2026:16:51:01] WARN - Veritabanı bağlantı havuzu %80 dolulukta
[12/Sep/2026:16:51:01] INFO - Önbellek (cache) yenilendi
[12/Sep/2026:16:51:01] INFO - Kullanıcı girişi başarılı
[12/Sep/2026:16:51:01] INFO - Kullanıcı girişi başarılı
[12/Sep/2026:16:51:01] INFO - Kullanıcı girişi başarılı
[12/Sep/2026:16:51:01] INFO - Sipariş oluşturuldu
[12/Sep/2026:16:51:01] INFO - Rapor başarıyla oluşturuldu
[12/Sep/2026:16:51:01] INFO - Sipariş oluşturuldu
[12/Sep/2026:16:51:01] INFO - Yeni kullanıcı kaydı tamamlandı
[12/Sep/2026:16:51:01] WARN - Veritabanı bağlantı havuzu %80 dolulukta
[12/Sep/2026:16:51:01] INFO - Sipariş oluşturuldu
[12/Sep/2026:16:51:01] ERROR - Veritabanına bağlanılamadı
    at com.ornek.servis.OdemeServisi.gonder(OdemeServisi.java:42)
    at com.ornek.controller.SiparisController.olustur(SiparisController.java:17)
    at java.base/java.lang.Thread.run(Thread.java:840)
[12/Sep/2026:16:51:01] INFO - Yeni kullanıcı kaydı tamamlandı
[12/Sep/2026:16:51:01] WARN - Üçüncü parti servisten yavaş yanıt alındı
[12/Sep/2026:16:51:01] WARN - Disk kullanımı %75'i geçti
[12/Sep/2026:16:51:01] INFO - Rapor başarıyla oluşturuldu
[12/Sep/2026:16:51:01] INFO - Yeni kullanıcı kaydı tamamlandı
[12/Sep/2026:16:51:01] INFO - Yeni kullanıcı kaydı tamamlandı
[12/Sep/2026:16:51:01] INFO - Yeni kullanıcı kaydı tamamlandı
[12/Sep/2026:16:51:01] INFO - Rapor başarıyla oluşturuldu
[12/Sep/2026:16:51:01] INFO - Önbellek (cache) yenilendi
[12/Sep/2026:16:51:01] INFO - Önbellek (cache) yenilendi
[12/Sep/2026:16:51:01] ERROR - Ödeme servisi zaman aşımına uğradı
    at com.ornek.servis.OdemeServisi.gonder(OdemeServisi.java:42)
    at com.ornek.controller.SiparisController.olustur(SiparisController.java:17)
    at java.base/java.lang.Thread.run(Thread.java:840)
[12/Sep/2026:16:51:01] INFO - Kullanıcı girişi başarılı
[12/Sep/2026:16:51:01] INFO - Rapor başarıyla oluşturuldu
[12/Sep/2026:16:51:01] INFO - Kullanıcı girişi başarılı
[12/Sep/2026:16:51:01] WARN - Disk kullanımı %75'i geçti
[12/Sep/2026:16:51:01] INFO - Sipariş oluşturuldu
[12/Sep/2026:16:51:01] INFO - Sipariş oluşturuldu
[12/Sep/2026:16:51:01] WARN - Yanıt süresi beklenenden uzun sürdü
[12/Sep/2026:16:51:01] ERROR - Stok güncellenirken hata oluştu
    at com.ornek.servis.OdemeServisi.gonder(OdemeServisi.java:42)
    at com.ornek.controller.SiparisController.olustur(SiparisController.java:17)
    at java.base/java.lang.Thread.run(Thread.java:840)
[12/Sep/2026:16:51:01] INFO - Kullanıcı girişi başarılı
[12/Sep/2026:16:51:01] INFO - Yeni kullanıcı kaydı tamamlandı
[12/Sep/2026:16:51:01] INFO - Kullanıcı girişi başarılı
[12/Sep/2026:16:51:01] INFO - Yeni kullanıcı kaydı tamamlandı
[12/Sep/2026:16:51:01] INFO - Sipariş oluşturuldu
[12/Sep/2026:16:51:01] INFO - Önbellek (cache) yenilendi
[12/Sep/2026:16:51:01] INFO - Kullanıcı girişi başarılı
[12/Sep/2026:16:51:01] INFO - Kullanıcı girişi başarılı
[12/Sep/2026:16:51:01] WARN - Veritabanı bağlantı havuzu %80 dolulukta
[12/Sep/2026:16:51:01] INFO - Yeni kullanıcı kaydı tamamlandı
[12/Sep/2026:16:51:01] WARN - Yanıt süresi beklenenden uzun sürdü
[12/Sep/2026:16:51:01] INFO - Yeni kullanıcı kaydı tamamlandı
[12/Sep/2026:16:51:01] ERROR - Kimlik doğrulama servisi yanıt vermedi
    at com.ornek.servis.OdemeServisi.gonder(OdemeServisi.java:42)
    at com.ornek.controller.SiparisController.olustur(SiparisController.java:17)
    at java.base/java.lang.Thread.run(Thread.java:840)
[12/Sep/2026:16:51:01] INFO - Kullanıcı girişi başarılı
[12/Sep/2026:16:51:01] WARN - Disk kullanımı %75'i geçti
[12/Sep/2026:16:51:01] INFO - Kullanıcı girişi başarılı
[12/Sep/2026:16:51:01] ERROR - Veritabanına bağlanılamadı
    at com.ornek.servis.OdemeServisi.gonder(OdemeServisi.java:42)
    at com.ornek.controller.SiparisController.olustur(SiparisController.java:17)
    at java.base/java.lang.Thread.run(Thread.java:840)
[12/Sep/2026:16:51:01] WARN - Üçüncü parti servisten yavaş yanıt alındı
[12/Sep/2026:16:51:01] WARN - Üçüncü parti servisten yavaş yanıt alındı
[12/Sep/2026:16:51:01] INFO - Yeni kullanıcı kaydı tamamlandı
[12/Sep/2026:16:51:01] INFO - Yeni kullanıcı kaydı tamamlandı
[12/Sep/2026:16:51:01] INFO - Rapor başarıyla oluşturuldu
[12/Sep/2026:16:51:01] WARN - Disk kullanımı %75'i geçti
[12/Sep/2026:16:51:01] INFO - Kullanıcı girişi başarılı
[12/Sep/2026:16:51:01] INFO - Yeni kullanıcı kaydı tamamlandı
[12/Sep/2026:16:51:01] INFO - Önbellek (cache) yenilendi
[12/Sep/2026:16:51:01] WARN - Veritabanı bağlantı havuzu %80 dolulukta
[12/Sep/2026:16:51:01] INFO - Sipariş oluşturuldu
[12/Sep/2026:16:51:01] WARN - Üçüncü parti servisten yavaş yanıt alındı
[12/Sep/2026:16:51:01] INFO - Sipariş oluşturuldu
[12/Sep/2026:16:51:01] ERROR - Stok güncellenirken hata oluştu
    at com.ornek.servis.OdemeServisi.gonder(OdemeServisi.java:42)
    at com.ornek.controller.SiparisController.olustur(SiparisController.java:17)
    at java.base/java.lang.Thread.run(Thread.java:840)
[12/Sep/2026:16:51:01] INFO - Sipariş oluşturuldu
[12/Sep/2026:16:51:01] WARN - Üçüncü parti servisten yavaş yanıt alındı
[12/Sep/2026:16:51:01] ERROR - Stok güncellenirken hata oluştu
    at com.ornek.servis.OdemeServisi.gonder(OdemeServisi.java:42)
    at com.ornek.controller.SiparisController.olustur(SiparisController.java:17)
    at java.base/java.lang.Thread.run(Thread.java:840)
[12/Sep/2026:16:51:01] INFO - Önbellek (cache) yenilendi
[12/Sep/2026:16:51:01] ERROR - Beklenmeyen hata oluştu
    at com.ornek.servis.OdemeServisi.gonder(OdemeServisi.java:42)
    at com.ornek.controller.SiparisController.olustur(SiparisController.java:17)
    at java.base/java.lang.Thread.run(Thread.java:840)
[12/Sep/2026:16:51:01] INFO - Sipariş oluşturuldu
[12/Sep/2026:16:51:01] INFO - Önbellek (cache) yenilendi
[12/Sep/2026:16:51:01] INFO - Rapor başarıyla oluşturuldu
[12/Sep/2026:16:51:01] INFO - Yeni kullanıcı kaydı tamamlandı
[12/Sep/2026:16:51:01] WARN - Veritabanı bağlantı havuzu %80 dolulukta
[12/Sep/2026:16:51:01] WARN - Üçüncü parti servisten yavaş yanıt alındı
[12/Sep/2026:16:51:01] INFO - Önbellek (cache) yenilendi
[12/Sep/2026:16:51:01] INFO - Rapor başarıyla oluşturuldu
[12/Sep/2026:16:51:01] ERROR - Veritabanına bağlanılamadı
    at com.ornek.servis.OdemeServisi.gonder(OdemeServisi.java:42)
    at com.ornek.controller.SiparisController.olustur(SiparisController.java:17)
    at java.base/java.lang.Thread.run(Thread.java:840)
[12/Sep/2026:16:51:01] INFO - Önbellek (cache) yenilendi
[12/Sep/2026:16:51:01] INFO - Rapor başarıyla oluşturuldu
[12/Sep/2026:16:51:01] INFO - Yeni kullanıcı kaydı tamamlandı
[12/Sep/2026:16:51:01] INFO - Yeni kullanıcı kaydı tamamlandı
[12/Sep/2026:16:51:01] WARN - Veritabanı bağlantı havuzu %80 dolulukta
[12/Sep/2026:16:51:01] INFO - Yeni kullanıcı kaydı tamamlandı
[12/Sep/2026:16:51:01] WARN - Yanıt süresi beklenenden uzun sürdü
[12/Sep/2026:16:51:01] INFO - Kullanıcı girişi başarılı
[12/Sep/2026:16:51:01] INFO - Sipariş oluşturuldu
[12/Sep/2026:16:51:01] INFO - Rapor başarıyla oluşturuldu
[12/Sep/2026:16:51:01] INFO - Kullanıcı girişi başarılı
[12/Sep/2026:16:51:01] ERROR - Stok güncellenirken hata oluştu
    at com.ornek.servis.OdemeServisi.gonder(OdemeServisi.java:42)
    at com.ornek.controller.SiparisController.olustur(SiparisController.java:17)
    at java.base/java.lang.Thread.run(Thread.java:840)
[12/Sep/2026:16:51:01] INFO - Kullanıcı girişi başarılı
[12/Sep/2026:16:51:01] INFO - Kullanıcı girişi başarılı
[12/Sep/2026:16:51:01] INFO - Yeni kullanıcı kaydı tamamlandı
[12/Sep/2026:16:51:01] INFO - Önbellek (cache) yenilendi
[12/Sep/2026:16:51:01] INFO - Yeni kullanıcı kaydı tamamlandı
[12/Sep/2026:16:51:01] WARN - Üçüncü parti servisten yavaş yanıt alındı
[12/Sep/2026:16:51:01] ERROR - Kimlik doğrulama servisi yanıt vermedi
    at com.ornek.servis.OdemeServisi.gonder(OdemeServisi.java:42)
    at com.ornek.controller.SiparisController.olustur(SiparisController.java:17)
    at java.base/java.lang.Thread.run(Thread.java:840)
[12/Sep/2026:16:51:01] INFO - Rapor başarıyla oluşturuldu
[12/Sep/2026:16:51:01] INFO - Sipariş oluşturuldu
[12/Sep/2026:16:51:01] INFO - Rapor başarıyla oluşturuldu
[12/Sep/2026:16:51:01] INFO - Rapor başarıyla oluşturuldu
[12/Sep/2026:16:51:01] INFO - Yeni kullanıcı kaydı tamamlandı
[12/Sep/2026:16:51:01] INFO - Rapor başarıyla oluşturuldu
[12/Sep/2026:16:51:01] WARN - Yanıt süresi beklenenden uzun sürdü
[12/Sep/2026:16:51:01] ERROR - Beklenmeyen hata oluştu
    at com.ornek.servis.OdemeServisi.gonder(OdemeServisi.java:42)
    at com.ornek.controller.SiparisController.olustur(SiparisController.java:17)
    at java.base/java.lang.Thread.run(Thread.java:840)
[12/Sep/2026:16:51:01] WARN - Üçüncü parti servisten yavaş yanıt alındı
[12/Sep/2026:16:51:01] INFO - Rapor başarıyla oluşturuldu
[12/Sep/2026:16:51:01] INFO - Önbellek (cache) yenilendi
[12/Sep/2026:16:51:01] INFO - Önbellek (cache) yenilendi
[12/Sep/2026:16:51:01] WARN - Veritabanı bağlantı havuzu %80 dolulukta
[12/Sep/2026:16:51:01] INFO - Sipariş oluşturuldu
[12/Sep/2026:16:51:01] WARN - Disk kullanımı %75'i geçti
[12/Sep/2026:16:51:01] INFO - Önbellek (cache) yenilendi
[12/Sep/2026:16:51:01] INFO - Önbellek (cache) yenilendi
[12/Sep/2026:16:51:01] INFO - Sipariş oluşturuldu
[12/Sep/2026:16:51:01] WARN - Veritabanı bağlantı havuzu %80 dolulukta
[12/Sep/2026:16:51:01] INFO - Rapor başarıyla oluşturuldu
[12/Sep/2026:16:51:01] INFO - Yeni kullanıcı kaydı tamamlandı
[12/Sep/2026:16:51:01] WARN - Yanıt süresi beklenenden uzun sürdü
[12/Sep/2026:16:51:01] INFO - Rapor başarıyla oluşturuldu
[12/Sep/2026:16:51:01] ERROR - Veritabanına bağlanılamadı
    at com.ornek.servis.OdemeServisi.gonder(OdemeServisi.java:42)
    at com.ornek.controller.SiparisController.olustur(SiparisController.java:17)
    at java.base/java.lang.Thread.run(Thread.java:840)
[12/Sep/2026:16:51:01] INFO - Yeni kullanıcı kaydı tamamlandı
[12/Sep/2026:16:51:01] INFO - Rapor başarıyla oluşturuldu
[12/Sep/2026:16:51:01] INFO - Yeni kullanıcı kaydı tamamlandı
[12/Sep/2026:16:51:01] INFO - Sipariş oluşturuldu
[12/Sep/2026:16:51:01] INFO - Sipariş oluşturuldu
[12/Sep/2026:16:51:01] INFO - Kullanıcı girişi başarılı
[12/Sep/2026:16:51:01] INFO - Rapor başarıyla oluşturuldu
[12/Sep/2026:16:51:01] WARN - Üçüncü parti servisten yavaş yanıt alındı
[12/Sep/2026:16:51:01] ERROR - Ödeme servisi zaman aşımına uğradı
    at com.ornek.servis.OdemeServisi.gonder(OdemeServisi.java:42)
    at com.ornek.controller.SiparisController.olustur(SiparisController.java:17)
    at java.base/java.lang.Thread.run(Thread.java:840)
[12/Sep/2026:16:51:01] INFO - Kullanıcı girişi başarılı
[12/Sep/2026:16:51:01] ERROR - Stok güncellenirken hata oluştu
    at com.ornek.servis.OdemeServisi.gonder(OdemeServisi.java:42)
    at com.ornek.controller.SiparisController.olustur(SiparisController.java:17)
    at java.base/java.lang.Thread.run(Thread.java:840)
[12/Sep/2026:16:51:01] INFO - Yeni kullanıcı kaydı tamamlandı
[12/Sep/2026:16:51:01] INFO - Rapor başarıyla oluşturuldu
[12/Sep/2026:16:51:01] INFO - Rapor başarıyla oluşturuldu
[12/Sep/2026:16:51:01] ERROR - Stok güncellenirken hata oluştu
    at com.ornek.servis.OdemeServisi.gonder(OdemeServisi.java:42)
    at com.ornek.controller.SiparisController.olustur(SiparisController.java:17)
    at java.base/java.lang.Thread.run(Thread.java:840)
[12/Sep/2026:16:51:01] INFO - Önbellek (cache) yenilendi
[12/Sep/2026:16:51:01] INFO - Yeni kullanıcı kaydı tamamlandı
[12/Sep/2026:16:51:01] WARN - Yanıt süresi beklenenden uzun sürdü
[12/Sep/2026:16:51:01] INFO - Yeni kullanıcı kaydı tamamlandı
[12/Sep/2026:16:51:01] INFO - Yeni kullanıcı kaydı tamamlandı
[12/Sep/2026:16:51:01] INFO - Rapor başarıyla oluşturuldu
[12/Sep/2026:16:51:01] INFO - Yeni kullanıcı kaydı tamamlandı
[12/Sep/2026:16:51:01] INFO - Kullanıcı girişi başarılı
[12/Sep/2026:16:51:01] INFO - Sipariş oluşturuldu
[12/Sep/2026:16:51:01] ERROR - Veritabanına bağlanılamadı
    at com.ornek.servis.OdemeServisi.gonder(OdemeServisi.java:42)
    at com.ornek.controller.SiparisController.olustur(SiparisController.java:17)
    at java.base/java.lang.Thread.run(Thread.java:840)
[12/Sep/2026:16:51:01] WARN - Yanıt süresi beklenenden uzun sürdü
[12/Sep/2026:16:51:01] WARN - Üçüncü parti servisten yavaş yanıt alındı
[12/Sep/2026:16:51:01] INFO - Önbellek (cache) yenilendi
[12/Sep/2026:16:51:01] INFO - Kullanıcı girişi başarılı
[12/Sep/2026:16:51:01] INFO - Önbellek (cache) yenilendi
[12/Sep/2026:16:51:01] INFO - Kullanıcı girişi başarılı
[12/Sep/2026:16:51:01] INFO - Önbellek (cache) yenilendi
[12/Sep/2026:16:51:01] WARN - Üçüncü parti servisten yavaş yanıt alındı
[12/Sep/2026:16:51:01] INFO - Yeni kullanıcı kaydı tamamlandı
[12/Sep/2026:16:51:01] INFO - Önbellek (cache) yenilendi
[12/Sep/2026:16:51:01] INFO - Sipariş oluşturuldu
[12/Sep/2026:16:51:01] INFO - Yeni kullanıcı kaydı tamamlandı
[12/Sep/2026:16:51:01] INFO - Kullanıcı girişi başarılı
[12/Sep/2026:16:51:01] INFO - Rapor başarıyla oluşturuldu
[12/Sep/2026:16:51:01] INFO - Kullanıcı girişi başarılı
[12/Sep/2026:16:51:01] INFO - Önbellek (cache) yenilendi
[12/Sep/2026:16:51:01] INFO - Kullanıcı girişi başarılı
[12/Sep/2026:16:51:01] INFO - Önbellek (cache) yenilendi
[12/Sep/2026:16:51:01] WARN - Yanıt süresi beklenenden uzun sürdü
[12/Sep/2026:16:51:01] INFO - Kullanıcı girişi başarılı
[12/Sep/2026:16:51:01] INFO - Sipariş oluşturuldu
[12/Sep/2026:16:51:01] INFO - Kullanıcı girişi başarılı
[12/Sep/2026:16:51:01] INFO - Rapor başarıyla oluşturuldu
[12/Sep/2026:16:51:01] WARN - Disk kullanımı %75'i geçti
[12/Sep/2026:16:51:01] WARN - Veritabanı bağlantı havuzu %80 dolulukta
[12/Sep/2026:16:51:01] INFO - Kullanıcı girişi başarılı
[12/Sep/2026:16:51:01] INFO - Sipariş oluşturuldu
[12/Sep/2026:16:51:01] WARN - Üçüncü parti servisten yavaş yanıt alındı
[12/Sep/2026:16:51:01] INFO - Yeni kullanıcı kaydı tamamlandı
[12/Sep/2026:16:51:01] INFO - Sipariş oluşturuldu
[12/Sep/2026:16:51:01] INFO - Sipariş oluşturuldu
[12/Sep/2026:16:51:01] INFO - Önbellek (cache) yenilendi
[12/Sep/2026:16:51:01] INFO - Kullanıcı girişi başarılı
[12/Sep/2026:16:51:01] WARN - Veritabanı bağlantı havuzu %80 dolulukta
[12/Sep/2026:16:51:01] INFO - Rapor başarıyla oluşturuldu
[12/Sep/2026:16:51:01] INFO - Sipariş oluşturuldu
[12/Sep/2026:16:51:01] INFO - Rapor başarıyla oluşturuldu
[12/Sep/2026:16:51:01] INFO - Kullanıcı girişi başarılı
[12/Sep/2026:16:51:01] INFO - Yeni kullanıcı kaydı tamamlandı
[12/Sep/2026:16:51:01] INFO - Sipariş oluşturuldu
[12/Sep/2026:16:51:01] INFO - Önbellek (cache) yenilendi
[12/Sep/2026:16:51:01] WARN - Yanıt süresi beklenenden uzun sürdü
[12/Sep/2026:16:51:01] WARN - Veritabanı bağlantı havuzu %80 dolulukta
[12/Sep/2026:16:51:01] INFO - Sipariş oluşturuldu
[12/Sep/2026:16:51:01] WARN - Üçüncü parti servisten yavaş yanıt alındı
[12/Sep/2026:16:51:01] INFO - Kullanıcı girişi başarılı
[12/Sep/2026:16:51:01] INFO - Sipariş oluşturuldu
[12/Sep/2026:16:51:01] ERROR - Ödeme servisi zaman aşımına uğradı
    at com.ornek.servis.OdemeServisi.gonder(OdemeServisi.java:42)
    at com.ornek.controller.SiparisController.olustur(SiparisController.java:17)
    at java.base/java.lang.Thread.run(Thread.java:840)
[12/Sep/2026:16:51:01] INFO - Rapor başarıyla oluşturuldu
[12/Sep/2026:16:51:01] INFO - Sipariş oluşturuldu
[12/Sep/2026:16:51:01] INFO - Sipariş oluşturuldu
[12/Sep/2026:16:51:01] INFO - Yeni kullanıcı kaydı tamamlandı
[12/Sep/2026:16:51:01] INFO - Yeni kullanıcı kaydı tamamlandı
[12/Sep/2026:16:51:01] INFO - Önbellek (cache) yenilendi
[12/Sep/2026:16:51:01] INFO - Rapor başarıyla oluşturuldu
[12/Sep/2026:16:51:01] WARN - Veritabanı bağlantı havuzu %80 dolulukta
[12/Sep/2026:16:51:01] INFO - Sipariş oluşturuldu
[12/Sep/2026:16:51:01] WARN - Yanıt süresi beklenenden uzun sürdü
[12/Sep/2026:16:51:01] INFO - Kullanıcı girişi başarılı
[12/Sep/2026:16:51:01] WARN - Üçüncü parti servisten yavaş yanıt alındı
[12/Sep/2026:16:51:01] INFO - Kullanıcı girişi başarılı
[12/Sep/2026:16:51:01] INFO - Önbellek (cache) yenilendi
[12/Sep/2026:16:51:01] INFO - Sipariş oluşturuldu
[12/Sep/2026:16:51:01] WARN - Üçüncü parti servisten yavaş yanıt alındı
[12/Sep/2026:16:51:01] INFO - Kullanıcı girişi başarılı
[12/Sep/2026:16:51:01] INFO - Yeni kullanıcı kaydı tamamlandı
[12/Sep/2026:16:51:01] INFO - Kullanıcı girişi başarılı
[12/Sep/2026:16:51:01] WARN - Yanıt süresi beklenenden uzun sürdü
[12/Sep/2026:16:51:01] INFO - Kullanıcı girişi başarılı
[12/Sep/2026:16:51:01] WARN - Disk kullanımı %75'i geçti
[12/Sep/2026:16:51:01] ERROR - Veritabanına bağlanılamadı
    at com.ornek.servis.OdemeServisi.gonder(OdemeServisi.java:42)
    at com.ornek.controller.SiparisController.olustur(SiparisController.java:17)
    at java.base/java.lang.Thread.run(Thread.java:840)
[12/Sep/2026:16:51:01] WARN - Disk kullanımı %75'i geçti
[12/Sep/2026:16:51:01] WARN - Disk kullanımı %75'i geçti
[12/Sep/2026:16:51:01] INFO - Sipariş oluşturuldu
[12/Sep/2026:16:51:01] INFO - Önbellek (cache) yenilendi
[12/Sep/2026:16:51:01] INFO - Sipariş oluşturuldu
[12/Sep/2026:16:51:01] WARN - Üçüncü parti servisten yavaş yanıt alındı
[12/Sep/2026:16:51:01] INFO - Önbellek (cache) yenilendi
[12/Sep/2026:16:51:01] INFO - Sipariş oluşturuldu
[12/Sep/2026:16:51:01] INFO - Rapor başarıyla oluşturuldu
[12/Sep/2026:16:51:01] ERROR - Stok güncellenirken hata oluştu
    at com.ornek.servis.OdemeServisi.gonder(OdemeServisi.java:42)
    at com.ornek.controller.SiparisController.olustur(SiparisController.java:17)
    at java.base/java.lang.Thread.run(Thread.java:840)
[12/Sep/2026:16:51:01] ERROR - Kimlik doğrulama servisi yanıt vermedi
    at com.ornek.servis.OdemeServisi.gonder(OdemeServisi.java:42)
    at com.ornek.controller.SiparisController.olustur(SiparisController.java:17)
    at java.base/java.lang.Thread.run(Thread.java:840)
[12/Sep/2026:16:51:01] INFO - Önbellek (cache) yenilendi
[12/Sep/2026:16:51:01] WARN - Üçüncü parti servisten yavaş yanıt alındı
[12/Sep/2026:16:51:01] INFO - Önbellek (cache) yenilendi
[12/Sep/2026:16:51:01] INFO - Önbellek (cache) yenilendi
[12/Sep/2026:16:51:01] INFO - Kullanıcı girişi başarılı
[12/Sep/2026:16:51:01] INFO - Önbellek (cache) yenilendi
[12/Sep/2026:16:51:01] INFO - Kullanıcı girişi başarılı
[12/Sep/2026:16:51:01] ERROR - Kimlik doğrulama servisi yanıt vermedi
    at com.ornek.servis.OdemeServisi.gonder(OdemeServisi.java:42)
    at com.ornek.controller.SiparisController.olustur(SiparisController.java:17)
    at java.base/java.lang.Thread.run(Thread.java:840)
[12/Sep/2026:16:51:01] INFO - Sipariş oluşturuldu
[12/Sep/2026:16:51:01] INFO - Önbellek (cache) yenilendi
[12/Sep/2026:16:51:01] INFO - Önbellek (cache) yenilendi
[12/Sep/2026:16:51:01] INFO - Sipariş oluşturuldu
[12/Sep/2026:16:51:01] ERROR - Kimlik doğrulama servisi yanıt vermedi
    at com.ornek.servis.OdemeServisi.gonder(OdemeServisi.java:42)
    at com.ornek.controller.SiparisController.olustur(SiparisController.java:17)
    at java.base/java.lang.Thread.run(Thread.java:840)
[12/Sep/2026:16:51:01] WARN - Üçüncü parti servisten yavaş yanıt alındı
[12/Sep/2026:16:51:01] WARN - Disk kullanımı %75'i geçti
[12/Sep/2026:16:51:01] ERROR - Kimlik doğrulama servisi yanıt vermedi
    at com.ornek.servis.OdemeServisi.gonder(OdemeServisi.java:42)
    at com.ornek.controller.SiparisController.olustur(SiparisController.java:17)
    at java.base/java.lang.Thread.run(Thread.java:840)
[12/Sep/2026:16:51:01] ERROR - Kimlik doğrulama servisi yanıt vermedi
    at com.ornek.servis.OdemeServisi.gonder(OdemeServisi.java:42)
    at com.ornek.controller.SiparisController.olustur(SiparisController.java:17)
    at java.base/java.lang.Thread.run(Thread.java:840)
[12/Sep/2026:16:51:01] INFO - Önbellek (cache) yenilendi
[12/Sep/2026:16:51:01] ERROR - Kimlik doğrulama servisi yanıt vermedi
    at com.ornek.servis.OdemeServisi.gonder(OdemeServisi.java:42)
    at com.ornek.controller.SiparisController.olustur(SiparisController.java:17)
    at java.base/java.lang.Thread.run(Thread.java:840)
[12/Sep/2026:16:51:01] WARN - Üçüncü parti servisten yavaş yanıt alındı
[12/Sep/2026:16:51:01] INFO - Önbellek (cache) yenilendi
[12/Sep/2026:16:51:01] INFO - Rapor başarıyla oluşturuldu
[12/Sep/2026:16:51:01] ERROR - Beklenmeyen hata oluştu
    at com.ornek.servis.OdemeServisi.gonder(OdemeServisi.java:42)
    at com.ornek.controller.SiparisController.olustur(SiparisController.java:17)
    at java.base/java.lang.Thread.run(Thread.java:840)
[12/Sep/2026:16:51:01] INFO - Yeni kullanıcı kaydı tamamlandı
[12/Sep/2026:16:51:01] INFO - Sipariş oluşturuldu
[12/Sep/2026:16:51:01] ERROR - Stok güncellenirken hata oluştu
    at com.ornek.servis.OdemeServisi.gonder(OdemeServisi.java:42)
    at com.ornek.controller.SiparisController.olustur(SiparisController.java:17)
    at java.base/java.lang.Thread.run(Thread.java:840)
[12/Sep/2026:16:51:01] INFO - Önbellek (cache) yenilendi
[12/Sep/2026:16:51:01] INFO - Kullanıcı girişi başarılı
[12/Sep/2026:16:51:01] INFO - Rapor başarıyla oluşturuldu
[12/Sep/2026:16:51:01] WARN - Üçüncü parti servisten yavaş yanıt alındı
[12/Sep/2026:16:51:01] INFO - Sipariş oluşturuldu
[12/Sep/2026:16:51:01] INFO - Kullanıcı girişi başarılı
[12/Sep/2026:16:51:01] ERROR - Veritabanına bağlanılamadı
    at com.ornek.servis.OdemeServisi.gonder(OdemeServisi.java:42)
    at com.ornek.controller.SiparisController.olustur(SiparisController.java:17)
    at java.base/java.lang.Thread.run(Thread.java:840)
[12/Sep/2026:16:51:01] INFO - Önbellek (cache) yenilendi
[12/Sep/2026:16:51:01] INFO - Yeni kullanıcı kaydı tamamlandı
[12/Sep/2026:16:51:01] INFO - Rapor başarıyla oluşturuldu
[12/Sep/2026:16:51:01] INFO - Kullanıcı girişi başarılı
[12/Sep/2026:16:51:01] INFO - Yeni kullanıcı kaydı tamamlandı
[12/Sep/2026:16:51:01] INFO - Rapor başarıyla oluşturuldu
[12/Sep/2026:16:51:01] INFO - Sipariş oluşturuldu
[12/Sep/2026:16:51:01] INFO - Rapor başarıyla oluşturuldu
[12/Sep/2026:16:51:01] INFO - Rapor başarıyla oluşturuldu
[12/Sep/2026:16:51:01] ERROR - Beklenmeyen hata oluştu
    at com.ornek.servis.OdemeServisi.gonder(OdemeServisi.java:42)
    at com.ornek.controller.SiparisController.olustur(SiparisController.java:17)
    at java.base/java.lang.Thread.run(Thread.java:840)
[12/Sep/2026:16:51:01] INFO - Önbellek (cache) yenilendi
[12/Sep/2026:16:51:01] INFO - Rapor başarıyla oluşturuldu
[12/Sep/2026:16:51:01] ERROR - Beklenmeyen hata oluştu
    at com.ornek.servis.OdemeServisi.gonder(OdemeServisi.java:42)
    at com.ornek.controller.SiparisController.olustur(SiparisController.java:17)
    at java.base/java.lang.Thread.run(Thread.java:840)
[12/Sep/2026:16:51:01] INFO - Kullanıcı girişi başarılı
[12/Sep/2026:16:51:01] WARN - Veritabanı bağlantı havuzu %80 dolulukta
[12/Sep/2026:16:51:01] INFO - Rapor başarıyla oluşturuldu
[12/Sep/2026:16:51:01] WARN - Veritabanı bağlantı havuzu %80 dolulukta
[12/Sep/2026:16:51:01] WARN - Üçüncü parti servisten yavaş yanıt alındı
[12/Sep/2026:16:51:01] INFO - Kullanıcı girişi başarılı
[12/Sep/2026:16:51:01] INFO - Rapor başarıyla oluşturuldu
[12/Sep/2026:16:51:01] INFO - Sipariş oluşturuldu
[12/Sep/2026:16:51:01] INFO - Yeni kullanıcı kaydı tamamlandı
[12/Sep/2026:16:51:01] INFO - Rapor başarıyla oluşturuldu
[12/Sep/2026:16:51:01] INFO - Önbellek (cache) yenilendi
[12/Sep/2026:16:51:01] INFO - Yeni kullanıcı kaydı tamamlandı
[12/Sep/2026:16:51:01] WARN - Disk kullanımı %75'i geçti
[12/Sep/2026:16:51:01] ERROR - Stok güncellenirken hata oluştu
    at com.ornek.servis.OdemeServisi.gonder(OdemeServisi.java:42)
    at com.ornek.controller.SiparisController.olustur(SiparisController.java:17)
    at java.base/java.lang.Thread.run(Thread.java:840)
[12/Sep/2026:16:51:01] WARN - Veritabanı bağlantı havuzu %80 dolulukta
[12/Sep/2026:16:51:01] INFO - Yeni kullanıcı kaydı tamamlandı
[12/Sep/2026:16:51:01] INFO - Rapor başarıyla oluşturuldu
[12/Sep/2026:16:51:01] WARN - Disk kullanımı %75'i geçti
[12/Sep/2026:16:51:01] INFO - Sipariş oluşturuldu
[12/Sep/2026:16:51:01] INFO - Kullanıcı girişi başarılı
[12/Sep/2026:16:51:01] INFO - Kullanıcı girişi başarılı
[12/Sep/2026:16:51:01] INFO - Kullanıcı girişi başarılı
[12/Sep/2026:16:51:01] WARN - Veritabanı bağlantı havuzu %80 dolulukta
[12/Sep/2026:16:51:01] INFO - Kullanıcı girişi başarılı
[12/Sep/2026:16:51:01] INFO - Sipariş oluşturuldu
[12/Sep/2026:16:51:01] WARN - Veritabanı bağlantı havuzu %80 dolulukta
[12/Sep/2026:16:51:01] WARN - Yanıt süresi beklenenden uzun sürdü
[12/Sep/2026:16:51:01] INFO - Sipariş oluşturuldu
[12/Sep/2026:16:51:01] INFO - Sipariş oluşturuldu
[12/Sep/2026:16:51:01] INFO - Sipariş oluşturuldu
[12/Sep/2026:16:51:01] INFO - Önbellek (cache) yenilendi
[12/Sep/2026:16:51:01] INFO - Sipariş oluşturuldu
[12/Sep/2026:16:51:01] INFO - Önbellek (cache) yenilendi
[12/Sep/2026:16:51:01] INFO - Kullanıcı girişi başarılı
[12/Sep/2026:16:51:01] INFO - Sipariş oluşturuldu
[12/Sep/2026:16:51:01] WARN - Üçüncü parti servisten yavaş yanıt alındı
[12/Sep/2026:16:51:01] INFO - Yeni kullanıcı kaydı tamamlandı
[12/Sep/2026:16:51:01] WARN - Disk kullanımı %75'i geçti
[12/Sep/2026:16:51:01] INFO - Sipariş oluşturuldu
[12/Sep/2026:16:51:01] ERROR - Veritabanına bağlanılamadı
    at com.ornek.servis.OdemeServisi.gonder(OdemeServisi.java:42)
    at com.ornek.controller.SiparisController.olustur(SiparisController.java:17)
    at java.base/java.lang.Thread.run(Thread.java:840)
[12/Sep/2026:16:51:01] ERROR - Beklenmeyen hata oluştu
    at com.ornek.servis.OdemeServisi.gonder(OdemeServisi.java:42)
    at com.ornek.controller.SiparisController.olustur(SiparisController.java:17)
    at java.base/java.lang.Thread.run(Thread.java:840)
[12/Sep/2026:16:51:01] INFO - Sipariş oluşturuldu
[12/Sep/2026:16:51:01] ERROR - Veritabanına bağlanılamadı
    at com.ornek.servis.OdemeServisi.gonder(OdemeServisi.java:42)
    at com.ornek.controller.SiparisController.olustur(SiparisController.java:17)
    at java.base/java.lang.Thread.run(Thread.java:840)
[12/Sep/2026:16:51:01] INFO - Rapor başarıyla oluşturuldu
[12/Sep/2026:16:51:01] WARN - Üçüncü parti servisten yavaş yanıt alındı
[12/Sep/2026:16:51:01] INFO - Rapor başarıyla oluşturuldu
[12/Sep/2026:16:51:01] INFO - Kullanıcı girişi başarılı
[12/Sep/2026:16:51:01] INFO - Sipariş oluşturuldu
[12/Sep/2026:16:51:01] INFO - Kullanıcı girişi başarılı
[12/Sep/2026:16:51:01] INFO - Kullanıcı girişi başarılı
[12/Sep/2026:16:51:01] INFO - Sipariş oluşturuldu
[12/Sep/2026:16:51:01] INFO - Sipariş oluşturuldu
[12/Sep/2026:16:51:01] INFO - Rapor başarıyla oluşturuldu
[12/Sep/2026:16:51:01] INFO - Rapor başarıyla oluşturuldu
[12/Sep/2026:16:51:01] INFO - Önbellek (cache) yenilendi
[12/Sep/2026:16:51:01] WARN - Yanıt süresi beklenenden uzun sürdü
[12/Sep/2026:16:51:01] INFO - Sipariş oluşturuldu
[12/Sep/2026:16:51:01] INFO - Önbellek (cache) yenilendi
[12/Sep/2026:16:51:01] WARN - Yanıt süresi beklenenden uzun sürdü
[12/Sep/2026:16:51:01] INFO - Kullanıcı girişi başarılı
[12/Sep/2026:16:51:01] WARN - Disk kullanımı %75'i geçti
[12/Sep/2026:16:51:01] WARN - Yanıt süresi beklenenden uzun sürdü
[12/Sep/2026:16:51:01] WARN - Yanıt süresi beklenenden uzun sürdü
[12/Sep/2026:16:51:01] WARN - Yanıt süresi beklenenden uzun sürdü
[12/Sep/2026:16:51:01] WARN - Veritabanı bağlantı havuzu %80 dolulukta
[12/Sep/2026:16:51:01] INFO - Rapor başarıyla oluşturuldu
[12/Sep/2026:16:51:01] INFO - Önbellek (cache) yenilendi
[12/Sep/2026:16:51:01] INFO - Önbellek (cache) yenilendi
[12/Sep/2026:16:51:01] INFO - Önbellek (cache) yenilendi
[12/Sep/2026:16:51:01] INFO - Önbellek (cache) yenilendi
[12/Sep/2026:16:51:01] WARN - Üçüncü parti servisten yavaş yanıt alındı
[12/Sep/2026:16:51:01] INFO - Rapor başarıyla oluşturuldu
[12/Sep/2026:16:51:01] ERROR - Stok güncellenirken hata oluştu
    at com.ornek.servis.OdemeServisi.gonder(OdemeServisi.java:42)
    at com.ornek.controller.SiparisController.olustur(SiparisController.java:17)
    at java.base/java.lang.Thread.run(Thread.java:840)
[12/Sep/2026:16:51:01] INFO - Önbellek (cache) yenilendi
[12/Sep/2026:16:51:01] INFO - Sipariş oluşturuldu
[12/Sep/2026:16:51:01] WARN - Veritabanı bağlantı havuzu %80 dolulukta
[12/Sep/2026:16:51:01] INFO - Rapor başarıyla oluşturuldu
[12/Sep/2026:16:51:01] WARN - Disk kullanımı %75'i geçti
[12/Sep/2026:16:51:01] INFO - Sipariş oluşturuldu
[12/Sep/2026:16:51:01] INFO - Sipariş oluşturuldu
[12/Sep/2026:16:51:01] INFO - Sipariş oluşturuldu
[12/Sep/2026:16:51:01] WARN - Disk kullanımı %75'i geçti
[12/Sep/2026:16:51:01] INFO - Önbellek (cache) yenilendi
[12/Sep/2026:16:51:01] INFO - Sipariş oluşturuldu
[12/Sep/2026:16:51:01] INFO - Sipariş oluşturuldu
[12/Sep/2026:16:51:01] INFO - Önbellek (cache) yenilendi
[12/Sep/2026:16:51:01] WARN - Disk kullanımı %75'i geçti
[12/Sep/2026:16:51:01] INFO - Kullanıcı girişi başarılı
[12/Sep/2026:16:51:01] INFO - Önbellek (cache) yenilendi
[12/Sep/2026:16:51:01] INFO - Önbellek (cache) yenilendi
[12/Sep/2026:16:51:01] INFO - Rapor başarıyla oluşturuldu
[12/Sep/2026:16:51:01] INFO - Kullanıcı girişi başarılı
[12/Sep/2026:16:51:01] INFO - Rapor başarıyla oluşturuldu
[12/Sep/2026:16:51:01] INFO - Yeni kullanıcı kaydı tamamlandı
[12/Sep/2026:16:51:01] INFO - Yeni kullanıcı kaydı tamamlandı
[12/Sep/2026:16:51:01] ERROR - Veritabanına bağlanılamadı
    at com.ornek.servis.OdemeServisi.gonder(OdemeServisi.java:42)
    at com.ornek.controller.SiparisController.olustur(SiparisController.java:17)
    at java.base/java.lang.Thread.run(Thread.java:840)
[12/Sep/2026:16:51:01] INFO - Yeni kullanıcı kaydı tamamlandı
[12/Sep/2026:16:51:01] WARN - Üçüncü parti servisten yavaş yanıt alındı
[12/Sep/2026:16:51:01] INFO - Kullanıcı girişi başarılı
[12/Sep/2026:16:51:01] WARN - Üçüncü parti servisten yavaş yanıt alındı
[12/Sep/2026:16:51:01] INFO - Rapor başarıyla oluşturuldu
[12/Sep/2026:16:51:01] INFO - Yeni kullanıcı kaydı tamamlandı
[12/Sep/2026:16:51:01] WARN - Veritabanı bağlantı havuzu %80 dolulukta
[12/Sep/2026:16:51:01] INFO - Rapor başarıyla oluşturuldu
[12/Sep/2026:16:51:01] INFO - Yeni kullanıcı kaydı tamamlandı
[12/Sep/2026:16:51:01] INFO - Yeni kullanıcı kaydı tamamlandı
[12/Sep/2026:16:51:01] INFO - Önbellek (cache) yenilendi
[12/Sep/2026:16:51:01] INFO - Kullanıcı girişi başarılı
[12/Sep/2026:16:51:01] INFO - Kullanıcı girişi başarılı
[12/Sep/2026:16:51:01] ERROR - Ödeme servisi zaman aşımına uğradı
    at com.ornek.servis.OdemeServisi.gonder(OdemeServisi.java:42)
    at com.ornek.controller.SiparisController.olustur(SiparisController.java:17)
    at java.base/java.lang.Thread.run(Thread.java:840)
[12/Sep/2026:16:51:01] INFO - Kullanıcı girişi başarılı
[12/Sep/2026:16:51:01] WARN - Üçüncü parti servisten yavaş yanıt alındı
[12/Sep/2026:16:51:01] INFO - Rapor başarıyla oluşturuldu
[12/Sep/2026:16:51:01] WARN - Üçüncü parti servisten yavaş yanıt alındı
[12/Sep/2026:16:51:01] WARN - Veritabanı bağlantı havuzu %80 dolulukta
[12/Sep/2026:16:51:01] ERROR - Ödeme servisi zaman aşımına uğradı
    at com.ornek.servis.OdemeServisi.gonder(OdemeServisi.java:42)
    at com.ornek.controller.SiparisController.olustur(SiparisController.java:17)
    at java.base/java.lang.Thread.run(Thread.java:840)
[12/Sep/2026:16:51:01] INFO - Kullanıcı girişi başarılı
[12/Sep/2026:16:51:01] INFO - Kullanıcı girişi başarılı
[12/Sep/2026:16:51:01] INFO - Rapor başarıyla oluşturuldu
[12/Sep/2026:16:51:01] INFO - Önbellek (cache) yenilendi
[12/Sep/2026:16:51:01] INFO - Kullanıcı girişi başarılı
[12/Sep/2026:16:51:01] INFO - Yeni kullanıcı kaydı tamamlandı
[12/Sep/2026:16:51:01] WARN - Veritabanı bağlantı havuzu %80 dolulukta
[12/Sep/2026:16:51:01] INFO - Kullanıcı girişi başarılı
[12/Sep/2026:16:51:01] INFO - Sipariş oluşturuldu
[12/Sep/2026:16:51:01] INFO - Yeni kullanıcı kaydı tamamlandı
[12/Sep/2026:16:51:01] INFO - Kullanıcı girişi başarılı
[12/Sep/2026:16:51:01] INFO - Kullanıcı girişi başarılı
[12/Sep/2026:16:51:01] INFO - Yeni kullanıcı kaydı tamamlandı
[12/Sep/2026:16:51:01] INFO - Sipariş oluşturuldu
[12/Sep/2026:16:51:01] INFO - Sipariş oluşturuldu
[12/Sep/2026:16:51:01] INFO - Önbellek (cache) yenilendi
[12/Sep/2026:16:51:01] INFO - Önbellek (cache) yenilendi
[12/Sep/2026:16:51:01] INFO - Yeni kullanıcı kaydı tamamlandı
[12/Sep/2026:16:51:01] ERROR - Beklenmeyen hata oluştu
    at com.ornek.servis.OdemeServisi.gonder(OdemeServisi.java:42)
    at com.ornek.controller.SiparisController.olustur(SiparisController.java:17)
    at java.base/java.lang.Thread.run(Thread.java:840)
[12/Sep/2026:16:51:01] INFO - Rapor başarıyla oluşturuldu
[12/Sep/2026:16:51:01] ERROR - Veritabanına bağlanılamadı
    at com.ornek.servis.OdemeServisi.gonder(OdemeServisi.java:42)
    at com.ornek.controller.SiparisController.olustur(SiparisController.java:17)
    at java.base/java.lang.Thread.run(Thread.java:840)
[12/Sep/2026:16:51:01] ERROR - Veritabanına bağlanılamadı
    at com.ornek.servis.OdemeServisi.gonder(OdemeServisi.java:42)
    at com.ornek.controller.SiparisController.olustur(SiparisController.java:17)
    at java.base/java.lang.Thread.run(Thread.java:840)
[12/Sep/2026:16:51:01] WARN - Üçüncü parti servisten yavaş yanıt alındı
[12/Sep/2026:16:51:01] INFO - Sipariş oluşturuldu
[12/Sep/2026:16:51:01] INFO - Rapor başarıyla oluşturuldu
[12/Sep/2026:16:51:01] ERROR - Veritabanına bağlanılamadı
    at com.ornek.servis.OdemeServisi.gonder(OdemeServisi.java:42)
    at com.ornek.controller.SiparisController.olustur(SiparisController.java:17)
    at java.base/java.lang.Thread.run(Thread.java:840)
[12/Sep/2026:16:51:01] INFO - Sipariş oluşturuldu
[12/Sep/2026:16:51:01] INFO - Yeni kullanıcı kaydı tamamlandı
[12/Sep/2026:16:51:01] INFO - Yeni kullanıcı kaydı tamamlandı
[12/Sep/2026:16:51:01] INFO - Yeni kullanıcı kaydı tamamlandı
[12/Sep/2026:16:51:01] INFO - Kullanıcı girişi başarılı
[12/Sep/2026:16:51:01] ERROR - Beklenmeyen hata oluştu
    at com.ornek.servis.OdemeServisi.gonder(OdemeServisi.java:42)
    at com.ornek.controller.SiparisController.olustur(SiparisController.java:17)
    at java.base/java.lang.Thread.run(Thread.java:840)
[12/Sep/2026:16:52:01] INFO - Rapor başarıyla oluşturuldu
[12/Sep/2026:16:52:01] INFO - Yeni kullanıcı kaydı tamamlandı
[12/Sep/2026:16:52:01] INFO - Önbellek (cache) yenilendi
[12/Sep/2026:16:52:01] WARN - Veritabanı bağlantı havuzu %80 dolulukta
[12/Sep/2026:16:52:01] INFO - Sipariş oluşturuldu
[12/Sep/2026:16:52:01] WARN - Disk kullanımı %75'i geçti
[12/Sep/2026:16:52:01] WARN - Disk kullanımı %75'i geçti
[12/Sep/2026:16:52:01] INFO - Kullanıcı girişi başarılı
[12/Sep/2026:16:52:01] INFO - Sipariş oluşturuldu
[12/Sep/2026:16:52:01] INFO - Önbellek (cache) yenilendi
[12/Sep/2026:16:52:01] INFO - Kullanıcı girişi başarılı
[12/Sep/2026:16:52:01] ERROR - Ödeme servisi zaman aşımına uğradı
    at com.ornek.servis.OdemeServisi.gonder(OdemeServisi.java:42)
    at com.ornek.controller.SiparisController.olustur(SiparisController.java:17)
    at java.base/java.lang.Thread.run(Thread.java:840)
[12/Sep/2026:16:52:01] WARN - Yanıt süresi beklenenden uzun sürdü
[12/Sep/2026:16:52:01] WARN - Üçüncü parti servisten yavaş yanıt alındı
[12/Sep/2026:16:52:01] INFO - Önbellek (cache) yenilendi
[12/Sep/2026:16:52:01] INFO - Önbellek (cache) yenilendi
[12/Sep/2026:16:52:01] INFO - Önbellek (cache) yenilendi
[12/Sep/2026:16:52:01] INFO - Sipariş oluşturuldu
[12/Sep/2026:16:52:01] WARN - Veritabanı bağlantı havuzu %80 dolulukta
[12/Sep/2026:16:52:01] INFO - Önbellek (cache) yenilendi
[12/Sep/2026:16:52:01] INFO - Sipariş oluşturuldu
[12/Sep/2026:16:52:01] ERROR - Veritabanına bağlanılamadı
    at com.ornek.servis.OdemeServisi.gonder(OdemeServisi.java:42)
    at com.ornek.controller.SiparisController.olustur(SiparisController.java:17)
    at java.base/java.lang.Thread.run(Thread.java:840)
[12/Sep/2026:16:52:01] ERROR - Beklenmeyen hata oluştu
    at com.ornek.servis.OdemeServisi.gonder(OdemeServisi.java:42)
    at com.ornek.controller.SiparisController.olustur(SiparisController.java:17)
    at java.base/java.lang.Thread.run(Thread.java:840)
[12/Sep/2026:16:52:01] INFO - Kullanıcı girişi başarılı
[12/Sep/2026:16:52:01] INFO - Kullanıcı girişi başarılı
[12/Sep/2026:16:52:01] WARN - Üçüncü parti servisten yavaş yanıt alındı
[12/Sep/2026:16:52:01] INFO - Yeni kullanıcı kaydı tamamlandı
[12/Sep/2026:16:52:01] INFO - Kullanıcı girişi başarılı
[12/Sep/2026:16:52:01] WARN - Veritabanı bağlantı havuzu %80 dolulukta
[12/Sep/2026:16:52:01] WARN - Yanıt süresi beklenenden uzun sürdü
[12/Sep/2026:16:52:01] INFO - Önbellek (cache) yenilendi
[12/Sep/2026:16:52:01] INFO - Kullanıcı girişi başarılı
[12/Sep/2026:16:52:01] INFO - Rapor başarıyla oluşturuldu
[12/Sep/2026:16:52:01] INFO - Sipariş oluşturuldu
[12/Sep/2026:16:52:01] INFO - Rapor başarıyla oluşturuldu
[12/Sep/2026:16:52:01] WARN - Yanıt süresi beklenenden uzun sürdü
[12/Sep/2026:16:52:01] INFO - Önbellek (cache) yenilendi
[12/Sep/2026:16:52:01] INFO - Kullanıcı girişi başarılı
[12/Sep/2026:16:52:01] INFO - Sipariş oluşturuldu
[12/Sep/2026:16:52:01] INFO - Rapor başarıyla oluşturuldu
[12/Sep/2026:16:52:01] WARN - Disk kullanımı %75'i geçti
[12/Sep/2026:16:52:01] ERROR - Veritabanına bağlanılamadı
    at com.ornek.servis.OdemeServisi.gonder(OdemeServisi.java:42)
    at com.ornek.controller.SiparisController.olustur(SiparisController.java:17)
    at java.base/java.lang.Thread.run(Thread.java:840)
[12/Sep/2026:16:52:01] ERROR - Kimlik doğrulama servisi yanıt vermedi
    at com.ornek.servis.OdemeServisi.gonder(OdemeServisi.java:42)
    at com.ornek.controller.SiparisController.olustur(SiparisController.java:17)
    at java.base/java.lang.Thread.run(Thread.java:840)
[12/Sep/2026:16:52:01] WARN - Yanıt süresi beklenenden uzun sürdü
[12/Sep/2026:16:52:01] INFO - Önbellek (cache) yenilendi
[12/Sep/2026:16:52:01] ERROR - Ödeme servisi zaman aşımına uğradı
    at com.ornek.servis.OdemeServisi.gonder(OdemeServisi.java:42)
    at com.ornek.controller.SiparisController.olustur(SiparisController.java:17)
    at java.base/java.lang.Thread.run(Thread.java:840)
[12/Sep/2026:16:52:01] INFO - Yeni kullanıcı kaydı tamamlandı
[12/Sep/2026:16:52:01] INFO - Önbellek (cache) yenilendi
[12/Sep/2026:16:52:01] INFO - Rapor başarıyla oluşturuldu
[12/Sep/2026:16:52:01] INFO - Yeni kullanıcı kaydı tamamlandı
[12/Sep/2026:16:52:01] ERROR - Stok güncellenirken hata oluştu
    at com.ornek.servis.OdemeServisi.gonder(OdemeServisi.java:42)
    at com.ornek.controller.SiparisController.olustur(SiparisController.java:17)
    at java.base/java.lang.Thread.run(Thread.java:840)
[12/Sep/2026:16:52:01] INFO - Sipariş oluşturuldu
[12/Sep/2026:16:52:01] WARN - Üçüncü parti servisten yavaş yanıt alındı
[12/Sep/2026:16:52:01] INFO - Önbellek (cache) yenilendi
[12/Sep/2026:16:52:01] INFO - Kullanıcı girişi başarılı
[12/Sep/2026:16:52:01] WARN - Yanıt süresi beklenenden uzun sürdü
[12/Sep/2026:16:52:01] INFO - Yeni kullanıcı kaydı tamamlandı
[12/Sep/2026:16:52:01] INFO - Sipariş oluşturuldu
[12/Sep/2026:16:52:01] INFO - Sipariş oluşturuldu
[12/Sep/2026:16:52:01] ERROR - Kimlik doğrulama servisi yanıt vermedi
    at com.ornek.servis.OdemeServisi.gonder(OdemeServisi.java:42)
    at com.ornek.controller.SiparisController.olustur(SiparisController.java:17)
    at java.base/java.lang.Thread.run(Thread.java:840)
[12/Sep/2026:16:52:01] INFO - Kullanıcı girişi başarılı
[12/Sep/2026:16:52:01] INFO - Rapor başarıyla oluşturuldu
[12/Sep/2026:16:52:01] INFO - Yeni kullanıcı kaydı tamamlandı
[12/Sep/2026:16:52:01] INFO - Rapor başarıyla oluşturuldu
[12/Sep/2026:16:52:01] INFO - Sipariş oluşturuldu
[12/Sep/2026:16:52:01] INFO - Önbellek (cache) yenilendi
[12/Sep/2026:16:52:01] INFO - Sipariş oluşturuldu
[12/Sep/2026:16:52:01] INFO - Rapor başarıyla oluşturuldu
[12/Sep/2026:16:52:01] INFO - Yeni kullanıcı kaydı tamamlandı
[12/Sep/2026:16:52:01] INFO - Kullanıcı girişi başarılı
[12/Sep/2026:16:52:01] INFO - Önbellek (cache) yenilendi
[12/Sep/2026:16:52:01] INFO - Önbellek (cache) yenilendi
[12/Sep/2026:16:52:01] INFO - Önbellek (cache) yenilendi
[12/Sep/2026:16:52:01] WARN - Veritabanı bağlantı havuzu %80 dolulukta
[12/Sep/2026:16:52:01] INFO - Kullanıcı girişi başarılı
[12/Sep/2026:16:52:01] INFO - Rapor başarıyla oluşturuldu
[12/Sep/2026:16:52:01] INFO - Yeni kullanıcı kaydı tamamlandı
[12/Sep/2026:16:52:01] ERROR - Kimlik doğrulama servisi yanıt vermedi
    at com.ornek.servis.OdemeServisi.gonder(OdemeServisi.java:42)
    at com.ornek.controller.SiparisController.olustur(SiparisController.java:17)
    at java.base/java.lang.Thread.run(Thread.java:840)
[12/Sep/2026:16:52:01] INFO - Kullanıcı girişi başarılı
[12/Sep/2026:16:52:01] INFO - Yeni kullanıcı kaydı tamamlandı
[12/Sep/2026:16:52:01] INFO - Sipariş oluşturuldu
[12/Sep/2026:16:52:01] INFO - Rapor başarıyla oluşturuldu
[12/Sep/2026:16:52:01] INFO - Rapor başarıyla oluşturuldu
[12/Sep/2026:16:52:01] INFO - Sipariş oluşturuldu
[12/Sep/2026:16:52:01] INFO - Kullanıcı girişi başarılı
[12/Sep/2026:16:52:01] INFO - Önbellek (cache) yenilendi
[12/Sep/2026:16:52:01] INFO - Yeni kullanıcı kaydı tamamlandı
[12/Sep/2026:16:52:01] ERROR - Ödeme servisi zaman aşımına uğradı
    at com.ornek.servis.OdemeServisi.gonder(OdemeServisi.java:42)
    at com.ornek.controller.SiparisController.olustur(SiparisController.java:17)
    at java.base/java.lang.Thread.run(Thread.java:840)
[12/Sep/2026:16:52:01] INFO - Rapor başarıyla oluşturuldu
[12/Sep/2026:16:52:01] INFO - Rapor başarıyla oluşturuldu
[12/Sep/2026:16:52:01] INFO - Yeni kullanıcı kaydı tamamlandı
[12/Sep/2026:16:52:01] ERROR - Veritabanına bağlanılamadı
    at com.ornek.servis.OdemeServisi.gonder(OdemeServisi.java:42)
    at com.ornek.controller.SiparisController.olustur(SiparisController.java:17)
    at java.base/java.lang.Thread.run(Thread.java:840)
[12/Sep/2026:16:52:01] INFO - Rapor başarıyla oluşturuldu
[12/Sep/2026:16:52:01] INFO - Rapor başarıyla oluşturuldu
[12/Sep/2026:16:52:01] INFO - Yeni kullanıcı kaydı tamamlandı
[12/Sep/2026:16:52:01] INFO - Önbellek (cache) yenilendi
[12/Sep/2026:16:52:01] WARN - Disk kullanımı %75'i geçti
[12/Sep/2026:16:52:01] INFO - Yeni kullanıcı kaydı tamamlandı
[12/Sep/2026:16:52:01] INFO - Rapor başarıyla oluşturuldu
[12/Sep/2026:16:52:01] WARN - Üçüncü parti servisten yavaş yanıt alındı
[12/Sep/2026:16:52:01] INFO - Kullanıcı girişi başarılı
[12/Sep/2026:16:52:01] ERROR - Stok güncellenirken hata oluştu
    at com.ornek.servis.OdemeServisi.gonder(OdemeServisi.java:42)
    at com.ornek.controller.SiparisController.olustur(SiparisController.java:17)
    at java.base/java.lang.Thread.run(Thread.java:840)
[12/Sep/2026:16:52:01] INFO - Kullanıcı girişi başarılı
[12/Sep/2026:16:52:01] INFO - Kullanıcı girişi başarılı
[12/Sep/2026:16:52:01] INFO - Kullanıcı girişi başarılı
[12/Sep/2026:16:52:01] INFO - Kullanıcı girişi başarılı
[12/Sep/2026:16:52:01] INFO - Önbellek (cache) yenilendi
[12/Sep/2026:16:52:01] INFO - Rapor başarıyla oluşturuldu
[12/Sep/2026:16:52:01] INFO - Önbellek (cache) yenilendi
[12/Sep/2026:16:52:01] INFO - Sipariş oluşturuldu
[12/Sep/2026:16:52:01] WARN - Disk kullanımı %75'i geçti
[12/Sep/2026:16:52:01] INFO - Yeni kullanıcı kaydı tamamlandı
[12/Sep/2026:16:52:01] INFO - Rapor başarıyla oluşturuldu
[12/Sep/2026:16:52:01] WARN - Yanıt süresi beklenenden uzun sürdü
[12/Sep/2026:16:52:01] INFO - Rapor başarıyla oluşturuldu
[12/Sep/2026:16:52:01] INFO - Kullanıcı girişi başarılı
[12/Sep/2026:16:52:01] INFO - Önbellek (cache) yenilendi
[12/Sep/2026:16:52:01] INFO - Kullanıcı girişi başarılı
[12/Sep/2026:16:52:01] INFO - Kullanıcı girişi başarılı
[12/Sep/2026:16:52:01] INFO - Rapor başarıyla oluşturuldu
[12/Sep/2026:16:52:01] INFO - Önbellek (cache) yenilendi
[12/Sep/2026:16:52:01] INFO - Yeni kullanıcı kaydı tamamlandı
[12/Sep/2026:16:52:01] INFO - Sipariş oluşturuldu
[12/Sep/2026:16:52:01] INFO - Yeni kullanıcı kaydı tamamlandı
[12/Sep/2026:16:52:01] INFO - Önbellek (cache) yenilendi
[12/Sep/2026:16:52:01] INFO - Yeni kullanıcı kaydı tamamlandı
[12/Sep/2026:16:52:01] INFO - Rapor başarıyla oluşturuldu
[12/Sep/2026:16:52:01] INFO - Yeni kullanıcı kaydı tamamlandı
[12/Sep/2026:16:52:01] INFO - Yeni kullanıcı kaydı tamamlandı
[12/Sep/2026:16:52:01] INFO - Önbellek (cache) yenilendi
[12/Sep/2026:16:52:01] INFO - Yeni kullanıcı kaydı tamamlandı
[12/Sep/2026:16:52:01] INFO - Önbellek (cache) yenilendi
[12/Sep/2026:16:52:01] INFO - Yeni kullanıcı kaydı tamamlandı
[12/Sep/2026:16:52:01] INFO - Sipariş oluşturuldu
[12/Sep/2026:16:52:01] INFO - Sipariş oluşturuldu
[12/Sep/2026:16:52:01] WARN - Üçüncü parti servisten yavaş yanıt alındı
[12/Sep/2026:16:52:01] INFO - Rapor başarıyla oluşturuldu
[12/Sep/2026:16:52:01] INFO - Yeni kullanıcı kaydı tamamlandı
[12/Sep/2026:16:52:01] INFO - Kullanıcı girişi başarılı
[12/Sep/2026:16:52:01] INFO - Kullanıcı girişi başarılı
[12/Sep/2026:16:52:01] WARN - Yanıt süresi beklenenden uzun sürdü
[12/Sep/2026:16:52:01] ERROR - Stok güncellenirken hata oluştu
    at com.ornek.servis.OdemeServisi.gonder(OdemeServisi.java:42)
    at com.ornek.controller.SiparisController.olustur(SiparisController.java:17)
    at java.base/java.lang.Thread.run(Thread.java:840)
[12/Sep/2026:16:52:01] INFO - Rapor başarıyla oluşturuldu
[12/Sep/2026:16:52:01] INFO - Sipariş oluşturuldu
[12/Sep/2026:16:52:01] INFO - Yeni kullanıcı kaydı tamamlandı
[12/Sep/2026:16:52:01] WARN - Veritabanı bağlantı havuzu %80 dolulukta
[12/Sep/2026:16:52:01] INFO - Rapor başarıyla oluşturuldu
[12/Sep/2026:16:52:01] INFO - Sipariş oluşturuldu
[12/Sep/2026:16:52:01] INFO - Sipariş oluşturuldu
[12/Sep/2026:16:52:01] INFO - Sipariş oluşturuldu
[12/Sep/2026:16:52:01] INFO - Önbellek (cache) yenilendi
[12/Sep/2026:16:52:01] INFO - Kullanıcı girişi başarılı
[12/Sep/2026:16:52:01] INFO - Yeni kullanıcı kaydı tamamlandı
[12/Sep/2026:16:52:01] INFO - Rapor başarıyla oluşturuldu
[12/Sep/2026:16:52:01] INFO - Kullanıcı girişi başarılı
[12/Sep/2026:16:52:01] INFO - Önbellek (cache) yenilendi
[12/Sep/2026:16:52:01] INFO - Önbellek (cache) yenilendi
[12/Sep/2026:16:52:01] INFO - Rapor başarıyla oluşturuldu
[12/Sep/2026:16:52:01] ERROR - Veritabanına bağlanılamadı
    at com.ornek.servis.OdemeServisi.gonder(OdemeServisi.java:42)
    at com.ornek.controller.SiparisController.olustur(SiparisController.java:17)
    at java.base/java.lang.Thread.run(Thread.java:840)
[12/Sep/2026:16:52:01] WARN - Üçüncü parti servisten yavaş yanıt alındı
[12/Sep/2026:16:52:01] WARN - Yanıt süresi beklenenden uzun sürdü
[12/Sep/2026:16:52:01] INFO - Rapor başarıyla oluşturuldu
[12/Sep/2026:16:52:01] INFO - Sipariş oluşturuldu
[12/Sep/2026:16:52:01] INFO - Sipariş oluşturuldu
[12/Sep/2026:16:52:01] ERROR - Beklenmeyen hata oluştu
    at com.ornek.servis.OdemeServisi.gonder(OdemeServisi.java:42)
    at com.ornek.controller.SiparisController.olustur(SiparisController.java:17)
    at java.base/java.lang.Thread.run(Thread.java:840)
[12/Sep/2026:16:52:01] WARN - Disk kullanımı %75'i geçti
[12/Sep/2026:16:52:01] INFO - Önbellek (cache) yenilendi
[12/Sep/2026:16:52:01] INFO - Kullanıcı girişi başarılı
[12/Sep/2026:16:52:01] ERROR - Veritabanına bağlanılamadı
    at com.ornek.servis.OdemeServisi.gonder(OdemeServisi.java:42)
    at com.ornek.controller.SiparisController.olustur(SiparisController.java:17)
    at java.base/java.lang.Thread.run(Thread.java:840)
[12/Sep/2026:16:52:01] INFO - Kullanıcı girişi başarılı
[12/Sep/2026:16:52:01] INFO - Kullanıcı girişi başarılı
[12/Sep/2026:16:52:01] INFO - Kullanıcı girişi başarılı
[12/Sep/2026:16:52:01] INFO - Önbellek (cache) yenilendi
[12/Sep/2026:16:52:01] WARN - Üçüncü parti servisten yavaş yanıt alındı
[12/Sep/2026:16:52:01] INFO - Sipariş oluşturuldu
[12/Sep/2026:16:52:01] INFO - Önbellek (cache) yenilendi
[12/Sep/2026:16:52:01] INFO - Sipariş oluşturuldu
[12/Sep/2026:16:52:01] INFO - Sipariş oluşturuldu
[12/Sep/2026:16:52:01] INFO - Kullanıcı girişi başarılı
[12/Sep/2026:16:52:01] WARN - Üçüncü parti servisten yavaş yanıt alındı
[12/Sep/2026:16:52:01] INFO - Yeni kullanıcı kaydı tamamlandı
[12/Sep/2026:16:52:01] INFO - Kullanıcı girişi başarılı
[12/Sep/2026:16:52:01] INFO - Önbellek (cache) yenilendi
[12/Sep/2026:16:52:01] INFO - Rapor başarıyla oluşturuldu
[12/Sep/2026:16:52:01] INFO - Önbellek (cache) yenilendi
[12/Sep/2026:16:52:01] ERROR - Kimlik doğrulama servisi yanıt vermedi
    at com.ornek.servis.OdemeServisi.gonder(OdemeServisi.java:42)
    at com.ornek.controller.SiparisController.olustur(SiparisController.java:17)
    at java.base/java.lang.Thread.run(Thread.java:840)
[12/Sep/2026:16:52:01] INFO - Sipariş oluşturuldu
[12/Sep/2026:16:52:01] INFO - Önbellek (cache) yenilendi
[12/Sep/2026:16:52:01] INFO - Rapor başarıyla oluşturuldu
[12/Sep/2026:16:52:01] WARN - Disk kullanımı %75'i geçti
[12/Sep/2026:16:52:01] INFO - Rapor başarıyla oluşturuldu
[12/Sep/2026:16:52:01] INFO - Rapor başarıyla oluşturuldu
[12/Sep/2026:16:52:01] WARN - Veritabanı bağlantı havuzu %80 dolulukta
[12/Sep/2026:16:52:01] INFO - Rapor başarıyla oluşturuldu
[12/Sep/2026:16:52:01] INFO - Rapor başarıyla oluşturuldu
[12/Sep/2026:16:52:01] INFO - Yeni kullanıcı kaydı tamamlandı
[12/Sep/2026:16:52:01] WARN - Üçüncü parti servisten yavaş yanıt alındı
[12/Sep/2026:16:52:01] INFO - Rapor başarıyla oluşturuldu
[12/Sep/2026:16:52:01] WARN - Üçüncü parti servisten yavaş yanıt alındı
[12/Sep/2026:16:52:01] INFO - Sipariş oluşturuldu
[12/Sep/2026:16:52:01] INFO - Kullanıcı girişi başarılı
[12/Sep/2026:16:52:01] INFO - Yeni kullanıcı kaydı tamamlandı
[12/Sep/2026:16:52:01] ERROR - Stok güncellenirken hata oluştu
    at com.ornek.servis.OdemeServisi.gonder(OdemeServisi.java:42)
    at com.ornek.controller.SiparisController.olustur(SiparisController.java:17)
    at java.base/java.lang.Thread.run(Thread.java:840)
[12/Sep/2026:16:52:01] INFO - Rapor başarıyla oluşturuldu
[12/Sep/2026:16:52:01] ERROR - Kimlik doğrulama servisi yanıt vermedi
    at com.ornek.servis.OdemeServisi.gonder(OdemeServisi.java:42)
    at com.ornek.controller.SiparisController.olustur(SiparisController.java:17)
    at java.base/java.lang.Thread.run(Thread.java:840)
[12/Sep/2026:16:52:01] WARN - Disk kullanımı %75'i geçti
[12/Sep/2026:16:52:01] INFO - Önbellek (cache) yenilendi
[12/Sep/2026:16:52:01] INFO - Rapor başarıyla oluşturuldu
[12/Sep/2026:16:52:01] WARN - Yanıt süresi beklenenden uzun sürdü
[12/Sep/2026:16:52:01] INFO - Önbellek (cache) yenilendi
[12/Sep/2026:16:52:01] INFO - Kullanıcı girişi başarılı
[12/Sep/2026:16:52:01] INFO - Rapor başarıyla oluşturuldu
[12/Sep/2026:16:52:01] WARN - Disk kullanımı %75'i geçti
[12/Sep/2026:16:52:01] INFO - Yeni kullanıcı kaydı tamamlandı
[12/Sep/2026:16:52:01] INFO - Rapor başarıyla oluşturuldu
[12/Sep/2026:16:52:01] INFO - Kullanıcı girişi başarılı
[12/Sep/2026:16:52:01] INFO - Rapor başarıyla oluşturuldu
[12/Sep/2026:16:52:01] INFO - Sipariş oluşturuldu
[12/Sep/2026:16:52:01] ERROR - Kimlik doğrulama servisi yanıt vermedi
    at com.ornek.servis.OdemeServisi.gonder(OdemeServisi.java:42)
    at com.ornek.controller.SiparisController.olustur(SiparisController.java:17)
    at java.base/java.lang.Thread.run(Thread.java:840)
[12/Sep/2026:16:52:01] INFO - Önbellek (cache) yenilendi
[12/Sep/2026:16:52:01] INFO - Önbellek (cache) yenilendi
[12/Sep/2026:16:52:01] INFO - Rapor başarıyla oluşturuldu
[12/Sep/2026:16:52:01] INFO - Sipariş oluşturuldu
[12/Sep/2026:16:52:01] INFO - Kullanıcı girişi başarılı
[12/Sep/2026:16:52:01] INFO - Sipariş oluşturuldu
[12/Sep/2026:16:52:01] INFO - Yeni kullanıcı kaydı tamamlandı
[12/Sep/2026:16:52:01] ERROR - Ödeme servisi zaman aşımına uğradı
    at com.ornek.servis.OdemeServisi.gonder(OdemeServisi.java:42)
    at com.ornek.controller.SiparisController.olustur(SiparisController.java:17)
    at java.base/java.lang.Thread.run(Thread.java:840)
[12/Sep/2026:16:52:01] WARN - Veritabanı bağlantı havuzu %80 dolulukta
[12/Sep/2026:16:52:01] INFO - Kullanıcı girişi başarılı
[12/Sep/2026:16:52:01] WARN - Disk kullanımı %75'i geçti
[12/Sep/2026:16:52:01] ERROR - Beklenmeyen hata oluştu
    at com.ornek.servis.OdemeServisi.gonder(OdemeServisi.java:42)
    at com.ornek.controller.SiparisController.olustur(SiparisController.java:17)
    at java.base/java.lang.Thread.run(Thread.java:840)
[12/Sep/2026:16:52:01] INFO - Rapor başarıyla oluşturuldu
[12/Sep/2026:16:52:01] INFO - Önbellek (cache) yenilendi
[12/Sep/2026:16:52:01] INFO - Rapor başarıyla oluşturuldu
[12/Sep/2026:16:52:01] INFO - Rapor başarıyla oluşturuldu
[12/Sep/2026:16:52:01] INFO - Kullanıcı girişi başarılı
[12/Sep/2026:16:52:01] WARN - Üçüncü parti servisten yavaş yanıt alındı
[12/Sep/2026:16:52:01] INFO - Önbellek (cache) yenilendi
[12/Sep/2026:16:52:01] INFO - Kullanıcı girişi başarılı
[12/Sep/2026:16:52:01] WARN - Veritabanı bağlantı havuzu %80 dolulukta
[12/Sep/2026:16:52:01] INFO - Yeni kullanıcı kaydı tamamlandı
[12/Sep/2026:16:52:01] INFO - Rapor başarıyla oluşturuldu
[12/Sep/2026:16:52:01] INFO - Kullanıcı girişi başarılı
[12/Sep/2026:16:52:01] INFO - Yeni kullanıcı kaydı tamamlandı
[12/Sep/2026:16:52:01] INFO - Kullanıcı girişi başarılı
[12/Sep/2026:16:52:01] INFO - Yeni kullanıcı kaydı tamamlandı
[12/Sep/2026:16:52:01] INFO - Sipariş oluşturuldu
[12/Sep/2026:16:52:01] WARN - Disk kullanımı %75'i geçti
[12/Sep/2026:16:52:01] INFO - Rapor başarıyla oluşturuldu
[12/Sep/2026:16:52:01] INFO - Rapor başarıyla oluşturuldu
[12/Sep/2026:16:52:01] ERROR - Kimlik doğrulama servisi yanıt vermedi
    at com.ornek.servis.OdemeServisi.gonder(OdemeServisi.java:42)
    at com.ornek.controller.SiparisController.olustur(SiparisController.java:17)
    at java.base/java.lang.Thread.run(Thread.java:840)
[12/Sep/2026:16:52:01] INFO - Sipariş oluşturuldu
[12/Sep/2026:16:52:01] WARN - Üçüncü parti servisten yavaş yanıt alındı
[12/Sep/2026:16:52:01] WARN - Disk kullanımı %75'i geçti
[12/Sep/2026:16:52:01] INFO - Kullanıcı girişi başarılı
[12/Sep/2026:16:52:01] INFO - Sipariş oluşturuldu
[12/Sep/2026:16:52:01] WARN - Disk kullanımı %75'i geçti
[12/Sep/2026:16:52:01] INFO - Önbellek (cache) yenilendi
[12/Sep/2026:16:52:01] WARN - Yanıt süresi beklenenden uzun sürdü
[12/Sep/2026:16:52:01] WARN - Disk kullanımı %75'i geçti
[12/Sep/2026:16:52:01] INFO - Önbellek (cache) yenilendi
[12/Sep/2026:16:52:01] INFO - Kullanıcı girişi başarılı
[12/Sep/2026:16:52:01] INFO - Rapor başarıyla oluşturuldu
[12/Sep/2026:16:52:01] INFO - Yeni kullanıcı kaydı tamamlandı
[12/Sep/2026:16:52:01] WARN - Disk kullanımı %75'i geçti
[12/Sep/2026:16:52:01] ERROR - Ödeme servisi zaman aşımına uğradı
    at com.ornek.servis.OdemeServisi.gonder(OdemeServisi.java:42)
    at com.ornek.controller.SiparisController.olustur(SiparisController.java:17)
    at java.base/java.lang.Thread.run(Thread.java:840)
[12/Sep/2026:16:52:01] INFO - Sipariş oluşturuldu
[12/Sep/2026:16:52:01] WARN - Disk kullanımı %75'i geçti
[12/Sep/2026:16:52:01] INFO - Yeni kullanıcı kaydı tamamlandı
[12/Sep/2026:16:52:01] INFO - Sipariş oluşturuldu
[12/Sep/2026:16:52:01] INFO - Yeni kullanıcı kaydı tamamlandı
[12/Sep/2026:16:52:01] INFO - Önbellek (cache) yenilendi
[12/Sep/2026:16:52:01] WARN - Disk kullanımı %75'i geçti
[12/Sep/2026:16:52:01] ERROR - Ödeme servisi zaman aşımına uğradı
    at com.ornek.servis.OdemeServisi.gonder(OdemeServisi.java:42)
    at com.ornek.controller.SiparisController.olustur(SiparisController.java:17)
    at java.base/java.lang.Thread.run(Thread.java:840)
[12/Sep/2026:16:52:01] WARN - Veritabanı bağlantı havuzu %80 dolulukta
[12/Sep/2026:16:52:01] INFO - Rapor başarıyla oluşturuldu
[12/Sep/2026:16:52:01] INFO - Sipariş oluşturuldu
[12/Sep/2026:16:52:01] ERROR - Stok güncellenirken hata oluştu
    at com.ornek.servis.OdemeServisi.gonder(OdemeServisi.java:42)
    at com.ornek.controller.SiparisController.olustur(SiparisController.java:17)
    at java.base/java.lang.Thread.run(Thread.java:840)
[12/Sep/2026:16:52:01] INFO - Yeni kullanıcı kaydı tamamlandı
[12/Sep/2026:16:52:01] INFO - Rapor başarıyla oluşturuldu
[12/Sep/2026:16:52:01] WARN - Yanıt süresi beklenenden uzun sürdü
[12/Sep/2026:16:52:01] INFO - Kullanıcı girişi başarılı
[12/Sep/2026:16:52:01] WARN - Yanıt süresi beklenenden uzun sürdü
[12/Sep/2026:16:52:01] INFO - Yeni kullanıcı kaydı tamamlandı
[12/Sep/2026:16:52:01] INFO - Önbellek (cache) yenilendi
[12/Sep/2026:16:52:01] WARN - Disk kullanımı %75'i geçti
[12/Sep/2026:16:52:01] INFO - Rapor başarıyla oluşturuldu
[12/Sep/2026:16:52:01] WARN - Yanıt süresi beklenenden uzun sürdü
[12/Sep/2026:16:52:01] WARN - Üçüncü parti servisten yavaş yanıt alındı
[12/Sep/2026:16:52:01] ERROR - Stok güncellenirken hata oluştu
    at com.ornek.servis.OdemeServisi.gonder(OdemeServisi.java:42)
    at com.ornek.controller.SiparisController.olustur(SiparisController.java:17)
    at java.base/java.lang.Thread.run(Thread.java:840)
[12/Sep/2026:16:52:01] WARN - Veritabanı bağlantı havuzu %80 dolulukta
[12/Sep/2026:16:52:01] INFO - Sipariş oluşturuldu
[12/Sep/2026:16:52:01] INFO - Rapor başarıyla oluşturuldu
[12/Sep/2026:16:52:01] WARN - Disk kullanımı %75'i geçti
[12/Sep/2026:16:52:01] INFO - Rapor başarıyla oluşturuldu
[12/Sep/2026:16:52:01] INFO - Sipariş oluşturuldu
[12/Sep/2026:16:52:01] INFO - Kullanıcı girişi başarılı
[12/Sep/2026:16:52:01] INFO - Sipariş oluşturuldu
[12/Sep/2026:16:52:01] ERROR - Veritabanına bağlanılamadı
    at com.ornek.servis.OdemeServisi.gonder(OdemeServisi.java:42)
    at com.ornek.controller.SiparisController.olustur(SiparisController.java:17)
    at java.base/java.lang.Thread.run(Thread.java:840)
[12/Sep/2026:16:52:01] ERROR - Stok güncellenirken hata oluştu
    at com.ornek.servis.OdemeServisi.gonder(OdemeServisi.java:42)
    at com.ornek.controller.SiparisController.olustur(SiparisController.java:17)
    at java.base/java.lang.Thread.run(Thread.java:840)
[12/Sep/2026:16:52:01] INFO - Kullanıcı girişi başarılı
[12/Sep/2026:16:52:01] INFO - Yeni kullanıcı kaydı tamamlandı
[12/Sep/2026:16:52:01] INFO - Yeni kullanıcı kaydı tamamlandı
[12/Sep/2026:16:52:01] INFO - Sipariş oluşturuldu
[12/Sep/2026:16:52:01] INFO - Rapor başarıyla oluşturuldu
[12/Sep/2026:16:52:01] INFO - Rapor başarıyla oluşturuldu
[12/Sep/2026:16:52:01] INFO - Sipariş oluşturuldu
[12/Sep/2026:16:52:01] WARN - Üçüncü parti servisten yavaş yanıt alındı
[12/Sep/2026:16:52:01] INFO - Sipariş oluşturuldu
[12/Sep/2026:16:52:01] INFO - Yeni kullanıcı kaydı tamamlandı
[12/Sep/2026:16:52:01] INFO - Kullanıcı girişi başarılı
[12/Sep/2026:16:52:01] INFO - Yeni kullanıcı kaydı tamamlandı
[12/Sep/2026:16:52:01] WARN - Disk kullanımı %75'i geçti
[12/Sep/2026:16:52:01] WARN - Yanıt süresi beklenenden uzun sürdü
[12/Sep/2026:16:52:01] WARN - Disk kullanımı %75'i geçti
[12/Sep/2026:16:52:01] WARN - Yanıt süresi beklenenden uzun sürdü
[12/Sep/2026:16:52:01] WARN - Disk kullanımı %75'i geçti
[12/Sep/2026:16:52:01] INFO - Önbellek (cache) yenilendi
[12/Sep/2026:16:52:01] INFO - Rapor başarıyla oluşturuldu
[12/Sep/2026:16:52:01] INFO - Sipariş oluşturuldu
[12/Sep/2026:16:52:01] ERROR - Veritabanına bağlanılamadı
    at com.ornek.servis.OdemeServisi.gonder(OdemeServisi.java:42)
    at com.ornek.controller.SiparisController.olustur(SiparisController.java:17)
    at java.base/java.lang.Thread.run(Thread.java:840)
[12/Sep/2026:16:52:01] INFO - Kullanıcı girişi başarılı
[12/Sep/2026:16:52:01] INFO - Kullanıcı girişi başarılı
[12/Sep/2026:16:52:01] INFO - Rapor başarıyla oluşturuldu
[12/Sep/2026:16:52:01] INFO - Yeni kullanıcı kaydı tamamlandı
[12/Sep/2026:16:52:01] INFO - Sipariş oluşturuldu
[12/Sep/2026:16:52:01] INFO - Kullanıcı girişi başarılı
[12/Sep/2026:16:52:01] WARN - Üçüncü parti servisten yavaş yanıt alındı
[12/Sep/2026:16:52:01] INFO - Kullanıcı girişi başarılı
[12/Sep/2026:16:52:01] WARN - Veritabanı bağlantı havuzu %80 dolulukta
[12/Sep/2026:16:52:01] WARN - Yanıt süresi beklenenden uzun sürdü
[12/Sep/2026:16:52:01] WARN - Yanıt süresi beklenenden uzun sürdü
[12/Sep/2026:16:52:01] INFO - Kullanıcı girişi başarılı
[12/Sep/2026:16:52:01] WARN - Üçüncü parti servisten yavaş yanıt alındı
[12/Sep/2026:16:52:01] INFO - Sipariş oluşturuldu
[12/Sep/2026:16:52:01] WARN - Üçüncü parti servisten yavaş yanıt alındı
[12/Sep/2026:16:52:01] WARN - Disk kullanımı %75'i geçti
[12/Sep/2026:16:52:01] INFO - Yeni kullanıcı kaydı tamamlandı
[12/Sep/2026:16:52:01] WARN - Veritabanı bağlantı havuzu %80 dolulukta
[12/Sep/2026:16:52:01] INFO - Kullanıcı girişi başarılı
[12/Sep/2026:16:52:01] INFO - Önbellek (cache) yenilendi
[12/Sep/2026:16:52:01] WARN - Disk kullanımı %75'i geçti
[12/Sep/2026:16:52:01] INFO - Önbellek (cache) yenilendi
[12/Sep/2026:16:52:01] INFO - Önbellek (cache) yenilendi
[12/Sep/2026:16:52:01] INFO - Sipariş oluşturuldu
[12/Sep/2026:16:52:01] INFO - Rapor başarıyla oluşturuldu
[12/Sep/2026:16:52:01] INFO - Önbellek (cache) yenilendi
[12/Sep/2026:16:52:01] INFO - Rapor başarıyla oluşturuldu
[12/Sep/2026:16:52:01] ERROR - Kimlik doğrulama servisi yanıt vermedi
    at com.ornek.servis.OdemeServisi.gonder(OdemeServisi.java:42)
    at com.ornek.controller.SiparisController.olustur(SiparisController.java:17)
    at java.base/java.lang.Thread.run(Thread.java:840)
[12/Sep/2026:16:52:01] INFO - Kullanıcı girişi başarılı
[12/Sep/2026:16:52:01] INFO - Rapor başarıyla oluşturuldu
[12/Sep/2026:16:52:01] INFO - Rapor başarıyla oluşturuldu
[12/Sep/2026:16:52:01] INFO - Rapor başarıyla oluşturuldu
[12/Sep/2026:16:52:01] ERROR - Ödeme servisi zaman aşımına uğradı
    at com.ornek.servis.OdemeServisi.gonder(OdemeServisi.java:42)
    at com.ornek.controller.SiparisController.olustur(SiparisController.java:17)
    at java.base/java.lang.Thread.run(Thread.java:840)
[12/Sep/2026:16:52:01] INFO - Kullanıcı girişi başarılı
[12/Sep/2026:16:52:01] INFO - Kullanıcı girişi başarılı
[12/Sep/2026:16:52:01] WARN - Yanıt süresi beklenenden uzun sürdü
[12/Sep/2026:16:52:01] INFO - Yeni kullanıcı kaydı tamamlandı
[12/Sep/2026:16:52:01] INFO - Kullanıcı girişi başarılı
[12/Sep/2026:16:52:01] INFO - Yeni kullanıcı kaydı tamamlandı
[12/Sep/2026:16:52:01] INFO - Sipariş oluşturuldu
[12/Sep/2026:16:52:01] INFO - Sipariş oluşturuldu
[12/Sep/2026:16:52:01] INFO - Rapor başarıyla oluşturuldu
[12/Sep/2026:16:52:01] ERROR - Stok güncellenirken hata oluştu
    at com.ornek.servis.OdemeServisi.gonder(OdemeServisi.java:42)
    at com.ornek.controller.SiparisController.olustur(SiparisController.java:17)
    at java.base/java.lang.Thread.run(Thread.java:840)
[12/Sep/2026:16:52:01] ERROR - Stok güncellenirken hata oluştu
    at com.ornek.servis.OdemeServisi.gonder(OdemeServisi.java:42)
    at com.ornek.controller.SiparisController.olustur(SiparisController.java:17)
    at java.base/java.lang.Thread.run(Thread.java:840)
[12/Sep/2026:16:52:01] INFO - Rapor başarıyla oluşturuldu
[12/Sep/2026:16:52:01] ERROR - Veritabanına bağlanılamadı
    at com.ornek.servis.OdemeServisi.gonder(OdemeServisi.java:42)
    at com.ornek.controller.SiparisController.olustur(SiparisController.java:17)
    at java.base/java.lang.Thread.run(Thread.java:840)
[12/Sep/2026:16:52:01] INFO - Rapor başarıyla oluşturuldu
[12/Sep/2026:16:52:01] INFO - Yeni kullanıcı kaydı tamamlandı
[12/Sep/2026:16:52:01] INFO - Yeni kullanıcı kaydı tamamlandı
[12/Sep/2026:16:52:01] INFO - Yeni kullanıcı kaydı tamamlandı
[12/Sep/2026:16:52:01] WARN - Disk kullanımı %75'i geçti
[12/Sep/2026:16:52:01] WARN - Veritabanı bağlantı havuzu %80 dolulukta
[12/Sep/2026:16:52:01] INFO - Kullanıcı girişi başarılı
[12/Sep/2026:16:52:01] WARN - Üçüncü parti servisten yavaş yanıt alındı
[12/Sep/2026:16:52:01] INFO - Sipariş oluşturuldu
[12/Sep/2026:16:52:01] INFO - Önbellek (cache) yenilendi
[12/Sep/2026:16:52:01] INFO - Kullanıcı girişi başarılı
[12/Sep/2026:16:52:01] ERROR - Ödeme servisi zaman aşımına uğradı
    at com.ornek.servis.OdemeServisi.gonder(OdemeServisi.java:42)
    at com.ornek.controller.SiparisController.olustur(SiparisController.java:17)
    at java.base/java.lang.Thread.run(Thread.java:840)
[12/Sep/2026:16:52:01] INFO - Sipariş oluşturuldu
[12/Sep/2026:16:52:01] WARN - Disk kullanımı %75'i geçti
[12/Sep/2026:16:52:01] INFO - Önbellek (cache) yenilendi
[12/Sep/2026:16:52:01] WARN - Veritabanı bağlantı havuzu %80 dolulukta
[12/Sep/2026:16:52:01] WARN - Üçüncü parti servisten yavaş yanıt alındı
[12/Sep/2026:16:52:01] INFO - Önbellek (cache) yenilendi
[12/Sep/2026:16:52:01] INFO - Kullanıcı girişi başarılı
[12/Sep/2026:16:52:01] ERROR - Stok güncellenirken hata oluştu
    at com.ornek.servis.OdemeServisi.gonder(OdemeServisi.java:42)
    at com.ornek.controller.SiparisController.olustur(SiparisController.java:17)
    at java.base/java.lang.Thread.run(Thread.java:840)
[12/Sep/2026:16:52:01] WARN - Yanıt süresi beklenenden uzun sürdü
[12/Sep/2026:16:52:01] WARN - Üçüncü parti servisten yavaş yanıt alındı
[12/Sep/2026:16:52:01] INFO - Sipariş oluşturuldu
[12/Sep/2026:16:52:01] ERROR - Kimlik doğrulama servisi yanıt vermedi
    at com.ornek.servis.OdemeServisi.gonder(OdemeServisi.java:42)
    at com.ornek.controller.SiparisController.olustur(SiparisController.java:17)
    at java.base/java.lang.Thread.run(Thread.java:840)
[12/Sep/2026:16:52:01] INFO - Yeni kullanıcı kaydı tamamlandı
[12/Sep/2026:16:52:01] INFO - Rapor başarıyla oluşturuldu
[12/Sep/2026:16:52:01] INFO - Önbellek (cache) yenilendi
[12/Sep/2026:16:52:01] INFO - Yeni kullanıcı kaydı tamamlandı
[12/Sep/2026:16:52:01] WARN - Veritabanı bağlantı havuzu %80 dolulukta
[12/Sep/2026:16:52:01] WARN - Yanıt süresi beklenenden uzun sürdü
[12/Sep/2026:16:52:01] ERROR - Kimlik doğrulama servisi yanıt vermedi
    at com.ornek.servis.OdemeServisi.gonder(OdemeServisi.java:42)
    at com.ornek.controller.SiparisController.olustur(SiparisController.java:17)
    at java.base/java.lang.Thread.run(Thread.java:840)
[12/Sep/2026:16:52:01] INFO - Rapor başarıyla oluşturuldu
[12/Sep/2026:16:52:01] WARN - Üçüncü parti servisten yavaş yanıt alındı
[12/Sep/2026:16:52:01] INFO - Önbellek (cache) yenilendi
[12/Sep/2026:16:52:01] INFO - Önbellek (cache) yenilendi
[12/Sep/2026:16:52:01] INFO - Rapor başarıyla oluşturuldu
[12/Sep/2026:16:52:01] INFO - Önbellek (cache) yenilendi
[12/Sep/2026:16:52:01] INFO - Önbellek (cache) yenilendi
[12/Sep/2026:16:52:01] WARN - Yanıt süresi beklenenden uzun sürdü
[12/Sep/2026:16:52:01] INFO - Sipariş oluşturuldu
[12/Sep/2026:16:52:01] INFO - Rapor başarıyla oluşturuldu
[12/Sep/2026:16:52:01] WARN - Veritabanı bağlantı havuzu %80 dolulukta
[12/Sep/2026:16:52:01] INFO - Sipariş oluşturuldu
[12/Sep/2026:16:52:01] ERROR - Stok güncellenirken hata oluştu
    at com.ornek.servis.OdemeServisi.gonder(OdemeServisi.java:42)
    at com.ornek.controller.SiparisController.olustur(SiparisController.java:17)
    at java.base/java.lang.Thread.run(Thread.java:840)
[12/Sep/2026:16:52:01] INFO - Rapor başarıyla oluşturuldu
[12/Sep/2026:16:52:01] INFO - Kullanıcı girişi başarılı
[12/Sep/2026:16:52:01] INFO - Sipariş oluşturuldu
[12/Sep/2026:16:52:01] INFO - Kullanıcı girişi başarılı
[12/Sep/2026:16:52:01] WARN - Yanıt süresi beklenenden uzun sürdü
[12/Sep/2026:16:52:01] INFO - Önbellek (cache) yenilendi
[12/Sep/2026:16:52:01] INFO - Önbellek (cache) yenilendi
[12/Sep/2026:16:52:01] INFO - Kullanıcı girişi başarılı
[12/Sep/2026:16:52:01] WARN - Yanıt süresi beklenenden uzun sürdü
[12/Sep/2026:16:52:01] INFO - Sipariş oluşturuldu
[12/Sep/2026:16:52:01] INFO - Yeni kullanıcı kaydı tamamlandı
[12/Sep/2026:16:52:01] WARN - Üçüncü parti servisten yavaş yanıt alındı
[12/Sep/2026:16:52:01] INFO - Kullanıcı girişi başarılı
[12/Sep/2026:16:52:01] ERROR - Stok güncellenirken hata oluştu
    at com.ornek.servis.OdemeServisi.gonder(OdemeServisi.java:42)
    at com.ornek.controller.SiparisController.olustur(SiparisController.java:17)
    at java.base/java.lang.Thread.run(Thread.java:840)
[12/Sep/2026:16:52:01] WARN - Üçüncü parti servisten yavaş yanıt alındı
[12/Sep/2026:16:52:01] INFO - Rapor başarıyla oluşturuldu
[12/Sep/2026:16:52:01] ERROR - Ödeme servisi zaman aşımına uğradı
    at com.ornek.servis.OdemeServisi.gonder(OdemeServisi.java:42)
    at com.ornek.controller.SiparisController.olustur(SiparisController.java:17)
    at java.base/java.lang.Thread.run(Thread.java:840)
[12/Sep/2026:16:52:01] INFO - Yeni kullanıcı kaydı tamamlandı
[12/Sep/2026:16:52:01] INFO - Rapor başarıyla oluşturuldu
[12/Sep/2026:16:52:01] WARN - Yanıt süresi beklenenden uzun sürdü
[12/Sep/2026:16:52:01] INFO - Önbellek (cache) yenilendi
[12/Sep/2026:16:52:01] ERROR - Beklenmeyen hata oluştu
    at com.ornek.servis.OdemeServisi.gonder(OdemeServisi.java:42)
    at com.ornek.controller.SiparisController.olustur(SiparisController.java:17)
    at java.base/java.lang.Thread.run(Thread.java:840)
[12/Sep/2026:16:52:01] WARN - Üçüncü parti servisten yavaş yanıt alındı
[12/Sep/2026:16:52:01] INFO - Sipariş oluşturuldu
[12/Sep/2026:16:52:01] WARN - Yanıt süresi beklenenden uzun sürdü
[12/Sep/2026:16:52:01] INFO - Rapor başarıyla oluşturuldu
[12/Sep/2026:16:52:01] INFO - Rapor başarıyla oluşturuldu
[12/Sep/2026:16:52:01] INFO - Sipariş oluşturuldu
[12/Sep/2026:16:52:01] INFO - Rapor başarıyla oluşturuldu
[12/Sep/2026:16:52:01] INFO - Kullanıcı girişi başarılı
[12/Sep/2026:16:52:01] INFO - Sipariş oluşturuldu
[12/Sep/2026:16:52:01] WARN - Disk kullanımı %75'i geçti
[12/Sep/2026:16:52:01] ERROR - Stok güncellenirken hata oluştu
    at com.ornek.servis.OdemeServisi.gonder(OdemeServisi.java:42)
    at com.ornek.controller.SiparisController.olustur(SiparisController.java:17)
    at java.base/java.lang.Thread.run(Thread.java:840)
[12/Sep/2026:16:52:01] INFO - Kullanıcı girişi başarılı
[12/Sep/2026:16:52:01] INFO - Kullanıcı girişi başarılı
[12/Sep/2026:16:52:01] INFO - Kullanıcı girişi başarılı
[12/Sep/2026:16:52:01] INFO - Önbellek (cache) yenilendi
[12/Sep/2026:16:52:01] INFO - Sipariş oluşturuldu
[12/Sep/2026:16:52:01] WARN - Yanıt süresi beklenenden uzun sürdü
[12/Sep/2026:16:52:01] INFO - Sipariş oluşturuldu
[12/Sep/2026:16:52:01] WARN - Disk kullanımı %75'i geçti
[12/Sep/2026:16:52:01] INFO - Yeni kullanıcı kaydı tamamlandı
[12/Sep/2026:16:52:01] INFO - Önbellek (cache) yenilendi
[12/Sep/2026:16:52:01] WARN - Üçüncü parti servisten yavaş yanıt alındı
[12/Sep/2026:16:52:01] INFO - Yeni kullanıcı kaydı tamamlandı
[12/Sep/2026:16:52:01] WARN - Disk kullanımı %75'i geçti
[12/Sep/2026:16:52:01] INFO - Önbellek (cache) yenilendi
[12/Sep/2026:16:52:01] INFO - Sipariş oluşturuldu
[12/Sep/2026:16:52:01] ERROR - Stok güncellenirken hata oluştu
    at com.ornek.servis.OdemeServisi.gonder(OdemeServisi.java:42)
    at com.ornek.controller.SiparisController.olustur(SiparisController.java:17)
    at java.base/java.lang.Thread.run(Thread.java:840)
[12/Sep/2026:16:52:01] INFO - Kullanıcı girişi başarılı
[12/Sep/2026:16:52:01] INFO - Önbellek (cache) yenilendi
[12/Sep/2026:16:52:01] INFO - Önbellek (cache) yenilendi
[12/Sep/2026:16:52:01] INFO - Sipariş oluşturuldu
[12/Sep/2026:16:52:01] INFO - Önbellek (cache) yenilendi
[12/Sep/2026:16:52:01] ERROR - Ödeme servisi zaman aşımına uğradı
    at com.ornek.servis.OdemeServisi.gonder(OdemeServisi.java:42)
    at com.ornek.controller.SiparisController.olustur(SiparisController.java:17)
    at java.base/java.lang.Thread.run(Thread.java:840)
[12/Sep/2026:16:52:01] INFO - Kullanıcı girişi başarılı
[12/Sep/2026:16:52:01] WARN - Yanıt süresi beklenenden uzun sürdü
[12/Sep/2026:16:52:01] INFO - Kullanıcı girişi başarılı
[12/Sep/2026:16:52:01] INFO - Rapor başarıyla oluşturuldu
[12/Sep/2026:16:52:01] INFO - Önbellek (cache) yenilendi
[12/Sep/2026:16:52:01] WARN - Disk kullanımı %75'i geçti
[12/Sep/2026:16:52:01] INFO - Yeni kullanıcı kaydı tamamlandı
[12/Sep/2026:16:52:01] INFO - Kullanıcı girişi başarılı
[12/Sep/2026:16:52:01] INFO - Kullanıcı girişi başarılı
[12/Sep/2026:16:52:01] WARN - Yanıt süresi beklenenden uzun sürdü
[12/Sep/2026:16:52:01] WARN - Disk kullanımı %75'i geçti
[12/Sep/2026:16:52:01] INFO - Rapor başarıyla oluşturuldu
[12/Sep/2026:16:52:01] WARN - Yanıt süresi beklenenden uzun sürdü
[12/Sep/2026:16:52:01] INFO - Kullanıcı girişi başarılı
[12/Sep/2026:16:52:01] INFO - Sipariş oluşturuldu
[12/Sep/2026:16:52:01] WARN - Disk kullanımı %75'i geçti
[12/Sep/2026:16:52:01] INFO - Kullanıcı girişi başarılı
[12/Sep/2026:16:52:01] INFO - Önbellek (cache) yenilendi
[12/Sep/2026:16:52:01] ERROR - Veritabanına bağlanılamadı
    at com.ornek.servis.OdemeServisi.gonder(OdemeServisi.java:42)
    at com.ornek.controller.SiparisController.olustur(SiparisController.java:17)
    at java.base/java.lang.Thread.run(Thread.java:840)
[12/Sep/2026:16:52:01] WARN - Veritabanı bağlantı havuzu %80 dolulukta
[12/Sep/2026:16:52:01] INFO - Yeni kullanıcı kaydı tamamlandı
[12/Sep/2026:16:52:01] INFO - Sipariş oluşturuldu
[12/Sep/2026:16:52:01] INFO - Rapor başarıyla oluşturuldu
[12/Sep/2026:16:52:01] INFO - Rapor başarıyla oluşturuldu
[12/Sep/2026:16:52:01] WARN - Disk kullanımı %75'i geçti
[12/Sep/2026:16:52:01] INFO - Sipariş oluşturuldu
[12/Sep/2026:16:52:01] WARN - Yanıt süresi beklenenden uzun sürdü
[12/Sep/2026:16:52:01] INFO - Kullanıcı girişi başarılı
[12/Sep/2026:16:52:01] INFO - Rapor başarıyla oluşturuldu
[12/Sep/2026:16:52:01] ERROR - Stok güncellenirken hata oluştu
    at com.ornek.servis.OdemeServisi.gonder(OdemeServisi.java:42)
    at com.ornek.controller.SiparisController.olustur(SiparisController.java:17)
    at java.base/java.lang.Thread.run(Thread.java:840)
[12/Sep/2026:16:52:01] INFO - Sipariş oluşturuldu
[12/Sep/2026:16:52:01] INFO - Kullanıcı girişi başarılı
[12/Sep/2026:16:52:01] INFO - Sipariş oluşturuldu
[12/Sep/2026:16:52:01] WARN - Disk kullanımı %75'i geçti
